{"type":"FeatureCollection", "features": [
{"type":"Feature","geometry":{"type":"Polygon","coordinates":[[[32.1564,-26.8567],[32.1454,-26.8501],[32.139,-26.8405],[32.1202,-26.8388],[32.1084,-26.821],[32.1003,-26.8052],[32.08,-26.8091],[32.0636,-26.8181],[32.0469,-26.8177],[32.0352,-26.8073],[32.0189,-26.8072],[32.0113,-26.8102],[32.0156,-26.8215],[32.0123,-26.8567],[32.031,-26.8464],[32.0399,-26.8535],[32.0346,-26.8308],[32.044,-26.8318],[32.0537,-26.8271],[32.0584,-26.8353],[32.0556,-26.8451],[32.0439,-26.8454],[32.0555,-26.8624],[32.0479,-26.8692],[32.0521,-26.8769],[32.0288,-26.8857],[32.0249,-26.8802],[32.0102,-26.872],[32.0103,-26.8824],[32.0207,-26.8873],[32.0102,-26.8931],[32.0136,-26.9003],[32.0104,-26.9096],[32.0361,-26.8959],[32.0488,-26.9083],[32.0484,-26.9176],[32.041,-26.9176],[32.0412,-26.929],[32.0218,-26.921],[32.0042,-26.926],[32.0032,-26.9343],[32.0259,-26.9332],[32.0299,-26.939],[32.049,-26.9487],[32.0369,-26.9521],[32.0346,-26.9473],[32.0206,-26.9405],[32.0147,-26.9479],[32.0024,-26.9509],[32.0119,-26.9589],[32.0296,-26.9583],[32.0358,-26.9663],[32.0283,-26.9836],[32.0212,-26.9766],[32.0142,-26.9835],[32.0002,-26.9776],[31.9971,-26.9865],[32.0031,-27.0035],[32.0122,-27.009],[32.024,-27.0099],[32.0241,-27.0278],[32.004,-27.0382],[32.0085,-27.0119],[32.0044,-27.009],[31.9905,-27.0125],[31.9936,-26.9985],[31.9879,-26.9931],[31.9849,-27.0386],[31.9801,-27.0865],[31.9823,-27.0969],[31.9785,-27.1072],[31.9782,-27.1264],[31.993,-27.1215],[31.9972,-27.111],[32.0082,-27.1095],[32.0133,-27.1138],[31.9974,-27.128],[32.0247,-27.131],[32.0282,-27.1184],[32.0373,-27.1216],[32.0362,-27.1323],[32.023,-27.136],[32.0099,-27.1437],[32.0005,-27.1393],[31.9906,-27.1553],[31.9745,-27.1571],[31.9756,-27.1832],[31.9873,-27.1722],[31.9937,-27.1769],[32.0003,-27.169],[32.0125,-27.1831],[31.9997,-27.1812],[31.99,-27.1878],[32.0044,-27.1909],[32.0054,-27.195],[31.9795,-27.1988],[31.9758,-27.189],[31.9771,-27.2228],[31.9765,-27.2848],[31.9778,-27.2718],[31.996,-27.2728],[32.0062,-27.2765],[32.0153,-27.2723],[32.021,-27.2886],[32.0081,-27.2841],[31.9993,-27.2773],[31.9895,-27.2775],[31.985,-27.289],[31.9862,-27.3037],[32.0043,-27.317],[31.9921,-27.3174],[31.9913,-27.3247],[32.0064,-27.3256],[32.0065,-27.3357],[31.9932,-27.343],[31.9894,-27.3258],[31.9783,-27.3168],[31.9591,-27.3175],[31.9683,-27.3385],[31.9737,-27.3455],[31.9691,-27.3621],[31.9713,-27.3787],[31.9874,-27.3957],[31.9926,-27.4167],[31.9919,-27.4274],[31.9968,-27.4401],[32.004,-27.4447],[32.0266,-27.4358],[32.0376,-27.429],[32.0492,-27.4164],[32.0548,-27.4219],[32.0335,-27.4398],[32.0146,-27.447],[32.0047,-27.4565],[32.0073,-27.4925],[32.02,-27.5211],[32.021,-27.5402],[32.0317,-27.5642],[32.0393,-27.5871],[32.0486,-27.5955],[32.0613,-27.6007],[32.0653,-27.5908],[32.0803,-27.6097],[32.0716,-27.6176],[32.0737,-27.6302],[32.0857,-27.6337],[32.1022,-27.6427],[32.113,-27.6546],[32.1143,-27.6739],[32.1183,-27.6838],[32.1305,-27.7007],[32.1402,-27.7185],[32.1584,-27.7382],[32.1651,-27.7376],[32.1742,-27.7469],[32.1749,-27.7569],[32.1854,-27.7661],[32.1898,-27.7807],[32.2033,-27.7889],[32.2016,-27.8069],[32.2154,-27.8063],[32.219,-27.822],[32.233,-27.8334],[32.2335,-27.8475],[32.239,-27.8521],[32.2425,-27.8716],[32.2531,-27.8724],[32.2434,-27.848],[32.2585,-27.8406],[32.2604,-27.8324],[32.2558,-27.8247],[32.2646,-27.8165],[32.2764,-27.827],[32.2844,-27.8415],[32.2894,-27.8342],[32.2876,-27.823],[32.293,-27.8122],[32.2966,-27.7957],[32.292,-27.7887],[32.2793,-27.7798],[32.2847,-27.7711],[32.2816,-27.7415],[32.2735,-27.7283],[32.2727,-27.7217],[32.2618,-27.7132],[32.2625,-27.7038],[32.2565,-27.6962],[32.2477,-27.6992],[32.25,-27.7065],[32.2325,-27.7175],[32.2365,-27.7278],[32.2208,-27.7327],[32.2264,-27.718],[32.2093,-27.7047],[32.2016,-27.7059],[32.1995,-27.6973],[32.2062,-27.6903],[32.1921,-27.6794],[32.1999,-27.6656],[32.1781,-27.6458],[32.1592,-27.6361],[32.1663,-27.6332],[32.159,-27.6205],[32.1704,-27.6106],[32.1629,-27.5973],[32.1557,-27.597],[32.1474,-27.5898],[32.1392,-27.5976],[32.1335,-27.5915],[32.1241,-27.569],[32.1368,-27.5716],[32.1303,-27.5505],[32.1346,-27.5457],[32.1244,-27.535],[32.1156,-27.5353],[32.1142,-27.5242],[32.1027,-27.5282],[32.0964,-27.5103],[32.0975,-27.503],[32.0868,-27.4817],[32.0884,-27.4709],[32.0847,-27.4641],[32.0839,-27.4425],[32.0983,-27.4421],[32.1007,-27.4356],[32.0877,-27.4294],[32.0814,-27.4307],[32.0785,-27.4194],[32.09,-27.4183],[32.0896,-27.4086],[32.1116,-27.4256],[32.1147,-27.4165],[32.1106,-27.4033],[32.1046,-27.3979],[32.1,-27.3854],[32.093,-27.3819],[32.0975,-27.3717],[32.0908,-27.3638],[32.0814,-27.3632],[32.0694,-27.3576],[32.0814,-27.3483],[32.077,-27.3369],[32.0875,-27.3337],[32.0751,-27.3232],[32.0702,-27.3316],[32.0623,-27.3174],[32.0864,-27.3238],[32.0956,-27.3232],[32.0975,-27.3032],[32.0805,-27.3094],[32.0633,-27.2928],[32.0578,-27.2702],[32.0647,-27.2684],[32.0679,-27.2875],[32.0736,-27.2893],[32.0774,-27.2993],[32.0868,-27.2867],[32.0776,-27.2772],[32.0832,-27.2612],[32.0791,-27.2537],[32.1028,-27.2463],[32.1152,-27.245],[32.1175,-27.2267],[32.1082,-27.2322],[32.0998,-27.2184],[32.0889,-27.2194],[32.0847,-27.2012],[32.0909,-27.1985],[32.1015,-27.2155],[32.1072,-27.2148],[32.1164,-27.1914],[32.1133,-27.1839],[32.0966,-27.1816],[32.089,-27.1722],[32.0773,-27.1813],[32.0564,-27.1689],[32.0604,-27.1646],[32.0822,-27.1733],[32.0861,-27.1615],[32.0945,-27.1694],[32.1025,-27.1711],[32.103,-27.1786],[32.1144,-27.1813],[32.1149,-27.1393],[32.1222,-27.1176],[32.1085,-27.1163],[32.1106,-27.1254],[32.1071,-27.1335],[32.0985,-27.134],[32.0964,-27.1235],[32.0848,-27.106],[32.089,-27.1031],[32.1133,-27.109],[32.1175,-27.1034],[32.1167,-27.0916],[32.1203,-27.0822],[32.1306,-27.0821],[32.1356,-27.0891],[32.1487,-27.0742],[32.1386,-27.0698],[32.1235,-27.0743],[32.1058,-27.0651],[32.0931,-27.0717],[32.0862,-27.0571],[32.099,-27.0559],[32.1067,-27.0476],[32.1231,-27.0651],[32.1329,-27.0652],[32.1461,-27.0604],[32.1488,-27.0534],[32.1395,-27.0507],[32.1495,-27.0408],[32.138,-27.0236],[32.1364,-27.015],[32.1408,-27.0069],[32.1391,-26.9936],[32.127,-26.9929],[32.1356,-26.9806],[32.1168,-26.9586],[32.1237,-26.9563],[32.1379,-26.9699],[32.1405,-26.9774],[32.1505,-26.9744],[32.1501,-26.9623],[32.1553,-26.9565],[32.1495,-26.939],[32.1511,-26.9344],[32.1457,-26.9179],[32.1456,-26.9002],[32.1531,-26.8828],[32.1631,-26.8761],[32.1564,-26.8567]],[[32.0315,-27.0521],[32.0247,-27.0537],[32.0261,-27.062],[32.0194,-27.0619],[32.0251,-27.0433],[32.0315,-27.0521]],[[32.034,-27.1863],[32.0347,-27.1926],[32.0223,-27.1921],[32.0154,-27.1982],[32.0113,-27.1938],[32.0195,-27.1886],[32.034,-27.1863]],[[32.021,-27.2118],[32.0074,-27.2191],[32.0166,-27.2259],[32.0065,-27.2305],[32.0012,-27.2187],[32.021,-27.2118]],[[32.0004,-27.3759],[32.0111,-27.376],[32.0042,-27.3849],[32.0004,-27.3759]],[[32.0204,-27.4891],[32.034,-27.4971],[32.0454,-27.5134],[32.0261,-27.5112],[32.0347,-27.5402],[32.0449,-27.5509],[32.0499,-27.5312],[32.0549,-27.5534],[32.0492,-27.5563],[32.0503,-27.5713],[32.0347,-27.5503],[32.0245,-27.5165],[32.0187,-27.507],[32.0174,-27.4928],[32.0204,-27.4891]],[[32.0727,-27.5298],[32.0758,-27.5398],[32.0865,-27.5394],[32.0833,-27.5539],[32.0924,-27.5618],[32.0809,-27.5651],[32.0714,-27.5362],[32.0727,-27.5298]]]},"properties":{"tmax":43.0236702,"brucode":"STa4a","tmin":-0.44202128,"bru_clean":"STa4","tmean":21.28031915,"map":685.53494624}},
{"type":"Feature","geometry":{"type":"Polygon","coordinates":[[[32.0156,-26.8215],[32.0101,-26.8543],[31.9976,-26.9198],[32.0007,-26.938],[31.9879,-26.9931],[31.9936,-26.9985],[31.9905,-27.0125],[32.0044,-27.009],[32.0085,-27.0119],[32.004,-27.0382],[32.0241,-27.0278],[32.024,-27.0099],[32.0122,-27.009],[32.0031,-27.0035],[31.9971,-26.9865],[32.0002,-26.9776],[32.0142,-26.9835],[32.0212,-26.9766],[32.0283,-26.9836],[32.0358,-26.9663],[32.0296,-26.9583],[32.0119,-26.9589],[32.0024,-26.9509],[32.0147,-26.9479],[32.0206,-26.9405],[32.0346,-26.9473],[32.0369,-26.9521],[32.049,-26.9487],[32.0299,-26.939],[32.0259,-26.9332],[32.0032,-26.9343],[32.0042,-26.926],[32.0218,-26.921],[32.0412,-26.929],[32.041,-26.9176],[32.0484,-26.9176],[32.0488,-26.9083],[32.0361,-26.8959],[32.0104,-26.9096],[32.0136,-26.9003],[32.0102,-26.8931],[32.0207,-26.8873],[32.0103,-26.8824],[32.0102,-26.872],[32.0249,-26.8802],[32.0288,-26.8857],[32.0521,-26.8769],[32.0479,-26.8692],[32.0555,-26.8624],[32.0439,-26.8454],[32.0556,-26.8451],[32.0584,-26.8353],[32.0537,-26.8271],[32.044,-26.8318],[32.0346,-26.8308],[32.0399,-26.8535],[32.031,-26.8464],[32.0123,-26.8567],[32.0156,-26.8215]]]},"properties":{"tmax":41.94999992,"brucode":"Wb3a","tmin":-2.72222219,"bru_clean":"Wb3","tmean":20.05833334,"map":719.08108108}},
{"type":"Feature","geometry":{"type":"Polygon","coordinates":[[[32.1474,-27.5898],[32.1522,-27.5826],[32.1723,-27.5808],[32.191,-27.5752],[32.2054,-27.598],[32.2092,-27.5942],[32.226,-27.5927],[32.2339,-27.5875],[32.2522,-27.5623],[32.2558,-27.5845],[32.266,-27.5866],[32.2818,-27.5851],[32.2904,-27.5962],[32.2987,-27.5998],[32.2979,-27.6079],[32.3025,-27.6203],[32.3161,-27.6303],[32.3221,-27.6387],[32.3206,-27.6645],[32.3243,-27.6774],[32.3318,-27.6812],[32.3418,-27.6796],[32.3491,-27.6727],[32.3609,-27.6682],[32.3739,-27.6734],[32.3759,-27.6636],[32.3696,-27.6562],[32.3825,-27.6499],[32.4012,-27.654],[32.3923,-27.6493],[32.3828,-27.6339],[32.386,-27.6231],[32.3823,-27.5971],[32.3703,-27.6031],[32.3618,-27.6212],[32.3567,-27.6187],[32.35,-27.6051],[32.34,-27.6071],[32.3256,-27.5976],[32.3252,-27.5858],[32.3143,-27.5717],[32.3008,-27.5603],[32.3031,-27.5522],[32.2886,-27.55],[32.2836,-27.5249],[32.2738,-27.5239],[32.2802,-27.5141],[32.268,-27.4945],[32.2519,-27.4845],[32.2421,-27.4823],[32.2429,-27.5058],[32.2213,-27.5055],[32.2126,-27.4836],[32.2089,-27.4647],[32.2179,-27.4517],[32.2189,-27.4366],[32.2137,-27.41],[32.2252,-27.4071],[32.2386,-27.3989],[32.2378,-27.4134],[32.253,-27.413],[32.2561,-27.4041],[32.2522,-27.3777],[32.2577,-27.3788],[32.271,-27.3723],[32.2714,-27.3625],[32.2771,-27.3481],[32.272,-27.3374],[32.2743,-27.3251],[32.2703,-27.3207],[32.2746,-27.3098],[32.2755,-27.2957],[32.2818,-27.2831],[32.277,-27.2774],[32.2827,-27.2669],[32.2753,-27.2597],[32.2771,-27.2281],[32.273,-27.2106],[32.2794,-27.2078],[32.2773,-27.1956],[32.2719,-27.1882],[32.2757,-27.1775],[32.2737,-27.1701],[32.279,-27.1644],[32.2785,-27.1528],[32.3026,-27.1483],[32.2908,-27.1417],[32.2833,-27.1437],[32.2779,-27.1358],[32.2777,-27.1233],[32.2698,-27.1247],[32.266,-27.1175],[32.2705,-27.0949],[32.2788,-27.0872],[32.2838,-27.0771],[32.2735,-27.0695],[32.2656,-27.0551],[32.2747,-27.0417],[32.2809,-27.0446],[32.2877,-27.0275],[32.3031,-27.0249],[32.3078,-27.0175],[32.3184,-27.0231],[32.3278,-27.0333],[32.3338,-27.0323],[32.3528,-27.053],[32.3557,-27.0476],[32.3272,-27.0183],[32.3131,-27.0131],[32.317,-27.0026],[32.3043,-26.9904],[32.3026,-26.9808],[32.3127,-26.961],[32.314,-26.9534],[32.3336,-26.9421],[32.3444,-26.9436],[32.3409,-26.9301],[32.3463,-26.9226],[32.3395,-26.9084],[32.3415,-26.8842],[32.3492,-26.8767],[32.3513,-26.8641],[32.3436,-26.8585],[32.3324,-26.8638],[32.3217,-26.853],[32.3108,-26.856],[32.2884,-26.8531],[32.2812,-26.8489],[32.2553,-26.8477],[32.2486,-26.8404],[32.2383,-26.8392],[32.2212,-26.833],[32.2113,-26.838],[32.2069,-26.8546],[32.1931,-26.8613],[32.1817,-26.8631],[32.1564,-26.8567],[32.1631,-26.8761],[32.1531,-26.8828],[32.1456,-26.9002],[32.1457,-26.9179],[32.1511,-26.9344],[32.1495,-26.939],[32.1553,-26.9565],[32.1501,-26.9623],[32.1505,-26.9744],[32.1405,-26.9774],[32.1379,-26.9699],[32.1237,-26.9563],[32.1168,-26.9586],[32.1356,-26.9806],[32.127,-26.9929],[32.1391,-26.9936],[32.1408,-27.0069],[32.1364,-27.015],[32.138,-27.0236],[32.1495,-27.0408],[32.1395,-27.0507],[32.1488,-27.0534],[32.1461,-27.0604],[32.1329,-27.0652],[32.1231,-27.0651],[32.1067,-27.0476],[32.099,-27.0559],[32.0862,-27.0571],[32.0931,-27.0717],[32.1058,-27.0651],[32.1235,-27.0743],[32.1386,-27.0698],[32.1487,-27.0742],[32.1356,-27.0891],[32.1306,-27.0821],[32.1203,-27.0822],[32.1167,-27.0916],[32.1175,-27.1034],[32.1133,-27.109],[32.089,-27.1031],[32.0848,-27.106],[32.0964,-27.1235],[32.0985,-27.134],[32.1071,-27.1335],[32.1106,-27.1254],[32.1085,-27.1163],[32.1222,-27.1176],[32.1149,-27.1393],[32.1144,-27.1813],[32.103,-27.1786],[32.1025,-27.1711],[32.0945,-27.1694],[32.0861,-27.1615],[32.0822,-27.1733],[32.0604,-27.1646],[32.0564,-27.1689],[32.0773,-27.1813],[32.089,-27.1722],[32.0966,-27.1816],[32.1133,-27.1839],[32.1164,-27.1914],[32.1072,-27.2148],[32.1015,-27.2155],[32.0909,-27.1985],[32.0847,-27.2012],[32.0889,-27.2194],[32.0998,-27.2184],[32.1082,-27.2322],[32.1175,-27.2267],[32.1152,-27.245],[32.1028,-27.2463],[32.0791,-27.2537],[32.0832,-27.2612],[32.0776,-27.2772],[32.0868,-27.2867],[32.0774,-27.2993],[32.0736,-27.2893],[32.0679,-27.2875],[32.0647,-27.2684],[32.0578,-27.2702],[32.0633,-27.2928],[32.0805,-27.3094],[32.0975,-27.3032],[32.0956,-27.3232],[32.0864,-27.3238],[32.0623,-27.3174],[32.0702,-27.3316],[32.0751,-27.3232],[32.0875,-27.3337],[32.077,-27.3369],[32.0814,-27.3483],[32.0694,-27.3576],[32.0814,-27.3632],[32.0908,-27.3638],[32.0975,-27.3717],[32.093,-27.3819],[32.1,-27.3854],[32.1046,-27.3979],[32.1106,-27.4033],[32.1147,-27.4165],[32.1116,-27.4256],[32.0896,-27.4086],[32.09,-27.4183],[32.0785,-27.4194],[32.0814,-27.4307],[32.0877,-27.4294],[32.1007,-27.4356],[32.0983,-27.4421],[32.0839,-27.4425],[32.0847,-27.4641],[32.0884,-27.4709],[32.0868,-27.4817],[32.0975,-27.503],[32.0964,-27.5103],[32.1027,-27.5282],[32.1142,-27.5242],[32.1156,-27.5353],[32.1244,-27.535],[32.1346,-27.5457],[32.1303,-27.5505],[32.1368,-27.5716],[32.1241,-27.569],[32.1335,-27.5915],[32.1392,-27.5976],[32.1474,-27.5898]]]},"properties":{"tmax":43.73979165,"brucode":"Ra1","tmin":1.20458333,"bru_clean":"Ra1","tmean":22.38895824,"map":627.72141372}},
{"type":"Feature","geometry":{"type":"Polygon","coordinates":[[[32.6799,-27.5437],[32.6747,-27.5356],[32.6748,-27.5124],[32.682,-27.488],[32.7022,-27.4459],[32.7108,-27.4338],[32.7209,-27.4051],[32.7319,-27.3857],[32.7328,-27.3764],[32.7404,-27.354],[32.7523,-27.3354],[32.7526,-27.3218],[32.7648,-27.2994],[32.774,-27.2766],[32.7746,-27.2631],[32.7952,-27.2264],[32.7963,-27.2141],[32.8103,-27.1862],[32.8063,-27.1846],[32.8086,-27.1689],[32.8185,-27.1516],[32.8317,-27.1352],[32.8301,-27.127],[32.8432,-27.1075],[32.8402,-27.0986],[32.848,-27.0832],[32.8494,-27.0632],[32.8616,-27.0352],[32.8596,-27.0323],[32.8678,-27.0136],[32.8637,-27.0051],[32.8708,-26.986],[32.8751,-26.9685],[32.8726,-26.9519],[32.8763,-26.9399],[32.8812,-26.9045],[32.8596,-26.9124],[32.8581,-26.9233],[32.8625,-26.9421],[32.8556,-26.9501],[32.8479,-26.9487],[32.8423,-26.9401],[32.8511,-26.9331],[32.8522,-26.9228],[32.8596,-26.9076],[32.857,-26.9009],[32.8693,-26.8949],[32.8769,-26.898],[32.8906,-26.8604],[32.8859,-26.8583],[32.8573,-26.864],[32.8333,-26.864],[32.8267,-26.8914],[32.8196,-26.8984],[32.8206,-26.9134],[32.8387,-26.9041],[32.8377,-26.9171],[32.8285,-26.9303],[32.8237,-26.9452],[32.8182,-26.9517],[32.8209,-26.9631],[32.8362,-26.9541],[32.8458,-26.9534],[32.8591,-26.9576],[32.8642,-26.9775],[32.865,-26.9886],[32.8613,-27.0038],[32.8435,-27.0064],[32.8319,-27.0208],[32.8288,-27.0385],[32.8227,-27.0446],[32.8244,-27.061],[32.8177,-27.0675],[32.8091,-27.0599],[32.7985,-27.0763],[32.7886,-27.0772],[32.7827,-27.0989],[32.7876,-27.103],[32.7874,-27.1285],[32.7914,-27.1328],[32.7925,-27.1532],[32.7866,-27.181],[32.7817,-27.1794],[32.7718,-27.197],[32.7711,-27.2078],[32.7632,-27.2123],[32.7624,-27.2328],[32.7579,-27.2411],[32.7522,-27.2738],[32.7392,-27.304],[32.7452,-27.3113],[32.7326,-27.3268],[32.7262,-27.3291],[32.7194,-27.3402],[32.7211,-27.3544],[32.7113,-27.3961],[32.7093,-27.4139],[32.7046,-27.4256],[32.7031,-27.4407],[32.6839,-27.4279],[32.6774,-27.4318],[32.6662,-27.451],[32.6574,-27.4747],[32.6546,-27.5019],[32.6602,-27.5063],[32.6582,-27.5244],[32.6511,-27.5283],[32.6556,-27.5373],[32.664,-27.5389],[32.6799,-27.5437]]]},"properties":{"tmax":41.99701491,"brucode":"Ya1","tmin":5.92835817,"bru_clean":"Ya1","tmean":22.3567163,"map":914.57746479}},
{"type":"Feature","geometry":{"type":"Polygon","coordinates":[[[32.796,-26.8639],[32.7725,-26.8627],[32.7258,-26.8677],[32.6803,-26.868],[32.6963,-26.8894],[32.6912,-26.9051],[32.6877,-26.9386],[32.6922,-26.9528],[32.6825,-26.9692],[32.6765,-26.9728],[32.6775,-27.0098],[32.6681,-27.0083],[32.6621,-27.0169],[32.6636,-27.0392],[32.6686,-27.0454],[32.6622,-27.0607],[32.6553,-27.0909],[32.6499,-27.1013],[32.6457,-27.1258],[32.6355,-27.1577],[32.6209,-27.1932],[32.6087,-27.2264],[32.5954,-27.2534],[32.5868,-27.2776],[32.5771,-27.2992],[32.5685,-27.3312],[32.5684,-27.3412],[32.5744,-27.3503],[32.5829,-27.3524],[32.5938,-27.3376],[32.627,-27.3406],[32.6313,-27.3482],[32.6404,-27.3469],[32.6585,-27.353],[32.6614,-27.3447],[32.6738,-27.3348],[32.6656,-27.3321],[32.6701,-27.3201],[32.6637,-27.3167],[32.663,-27.3078],[32.6682,-27.3003],[32.6639,-27.2925],[32.6568,-27.2917],[32.6484,-27.2834],[32.6672,-27.2805],[32.6692,-27.2914],[32.6778,-27.291],[32.6813,-27.2756],[32.6803,-27.2505],[32.6829,-27.2363],[32.6938,-27.2164],[32.6901,-27.1926],[32.6907,-27.1833],[32.6967,-27.173],[32.7005,-27.1571],[32.6969,-27.1455],[32.6863,-27.1381],[32.6921,-27.1257],[32.6998,-27.1183],[32.713,-27.1142],[32.7103,-27.0995],[32.7231,-27.0987],[32.7372,-27.0921],[32.7355,-27.0768],[32.7358,-27.0495],[32.743,-27.0324],[32.741,-27.0138],[32.7483,-27.0045],[32.7544,-27.01],[32.7564,-26.9894],[32.7687,-26.9801],[32.7815,-26.9617],[32.776,-26.9526],[32.7699,-26.9322],[32.7686,-26.9138],[32.7712,-26.9038],[32.7957,-26.8783],[32.796,-26.8639]]]},"properties":{"tmax":42.29086006,"brucode":"UVa1b","tmin":5.17634407,"bru_clean":"UVa1","tmean":22.21451647,"map":814.00529101}},
{"type":"Feature","geometry":{"type":"Polygon","coordinates":[[[32.3923,-27.6493],[32.3926,-27.6301],[32.3966,-27.6196],[32.3951,-27.6068],[32.3974,-27.5923],[32.3944,-27.5822],[32.4028,-27.5704],[32.4051,-27.5527],[32.3964,-27.5317],[32.405,-27.4986],[32.4108,-27.4884],[32.4132,-27.4759],[32.4107,-27.4681],[32.4137,-27.4566],[32.4112,-27.4497],[32.4138,-27.4322],[32.4216,-27.408],[32.4234,-27.3801],[32.429,-27.3658],[32.4311,-27.342],[32.4307,-27.3235],[32.4356,-27.2883],[32.4386,-27.2508],[32.4359,-27.214],[32.4382,-27.1875],[32.4431,-27.1712],[32.4514,-27.1635],[32.4464,-27.1525],[32.4476,-27.1431],[32.4638,-27.1139],[32.4782,-27.1004],[32.4764,-27.0914],[32.4636,-27.0921],[32.4711,-27.0697],[32.4781,-27.0287],[32.4815,-26.9976],[32.4867,-26.9844],[32.4939,-26.9825],[32.504,-26.962],[32.511,-26.9625],[32.5203,-26.9461],[32.524,-26.945],[32.5545,-26.9051],[32.5669,-26.8918],[32.5802,-26.8847],[32.5971,-26.883],[32.5992,-26.8779],[32.6173,-26.8659],[32.5558,-26.8645],[32.4992,-26.8641],[32.3513,-26.8641],[32.3492,-26.8767],[32.3415,-26.8842],[32.3395,-26.9084],[32.3463,-26.9226],[32.3409,-26.9301],[32.3444,-26.9436],[32.3336,-26.9421],[32.314,-26.9534],[32.3127,-26.961],[32.3026,-26.9808],[32.3043,-26.9904],[32.317,-27.0026],[32.3131,-27.0131],[32.3272,-27.0183],[32.3557,-27.0476],[32.3528,-27.053],[32.3338,-27.0323],[32.3278,-27.0333],[32.3184,-27.0231],[32.3078,-27.0175],[32.3031,-27.0249],[32.2877,-27.0275],[32.2809,-27.0446],[32.2747,-27.0417],[32.2656,-27.0551],[32.2735,-27.0695],[32.2838,-27.0771],[32.2788,-27.0872],[32.2705,-27.0949],[32.266,-27.1175],[32.2698,-27.1247],[32.2777,-27.1233],[32.2779,-27.1358],[32.2833,-27.1437],[32.2908,-27.1417],[32.3026,-27.1483],[32.2785,-27.1528],[32.279,-27.1644],[32.2737,-27.1701],[32.2757,-27.1775],[32.2719,-27.1882],[32.2773,-27.1956],[32.2794,-27.2078],[32.273,-27.2106],[32.2771,-27.2281],[32.2753,-27.2597],[32.2827,-27.2669],[32.277,-27.2774],[32.2818,-27.2831],[32.2755,-27.2957],[32.2746,-27.3098],[32.2703,-27.3207],[32.2743,-27.3251],[32.272,-27.3374],[32.2771,-27.3481],[32.2714,-27.3625],[32.271,-27.3723],[32.2577,-27.3788],[32.2522,-27.3777],[32.2561,-27.4041],[32.253,-27.413],[32.2378,-27.4134],[32.2386,-27.3989],[32.2252,-27.4071],[32.2137,-27.41],[32.2189,-27.4366],[32.2179,-27.4517],[32.2089,-27.4647],[32.2126,-27.4836],[32.2213,-27.5055],[32.2429,-27.5058],[32.2421,-27.4823],[32.2519,-27.4845],[32.268,-27.4945],[32.2802,-27.5141],[32.2738,-27.5239],[32.2836,-27.5249],[32.2886,-27.55],[32.3031,-27.5522],[32.3008,-27.5603],[32.3143,-27.5717],[32.3252,-27.5858],[32.3256,-27.5976],[32.34,-27.6071],[32.35,-27.6051],[32.3567,-27.6187],[32.3618,-27.6212],[32.3703,-27.6031],[32.3823,-27.5971],[32.386,-27.6231],[32.3828,-27.6339],[32.3923,-27.6493]]]},"properties":{"tmax":43.62914796,"brucode":"RSa2","tmin":1.86973094,"bru_clean":"RSa2","tmean":22.33834061,"map":659.81978022}},
{"type":"Feature","geometry":{"type":"Polygon","coordinates":[[[32.8319,-27.0208],[32.8172,-27.0159],[32.8161,-27.0067],[32.8097,-26.9992],[32.8124,-26.9922],[32.8043,-26.9758],[32.8096,-26.9678],[32.8209,-26.9631],[32.8182,-26.9517],[32.8237,-26.9452],[32.8285,-26.9303],[32.8377,-26.9171],[32.8387,-26.9041],[32.8206,-26.9134],[32.8196,-26.8984],[32.8267,-26.8914],[32.8333,-26.864],[32.796,-26.8639],[32.7957,-26.8783],[32.7712,-26.9038],[32.7686,-26.9138],[32.7699,-26.9322],[32.776,-26.9526],[32.7815,-26.9617],[32.7687,-26.9801],[32.7564,-26.9894],[32.7544,-27.01],[32.7483,-27.0045],[32.741,-27.0138],[32.743,-27.0324],[32.7358,-27.0495],[32.7355,-27.0768],[32.7372,-27.0921],[32.7231,-27.0987],[32.7103,-27.0995],[32.713,-27.1142],[32.6998,-27.1183],[32.6921,-27.1257],[32.6863,-27.1381],[32.6969,-27.1455],[32.7005,-27.1571],[32.6967,-27.173],[32.6907,-27.1833],[32.6901,-27.1926],[32.6938,-27.2164],[32.6829,-27.2363],[32.6803,-27.2505],[32.6813,-27.2756],[32.6848,-27.2787],[32.6765,-27.2992],[32.6767,-27.3153],[32.7008,-27.3205],[32.7128,-27.3277],[32.7166,-27.337],[32.7059,-27.3409],[32.7178,-27.3512],[32.715,-27.378],[32.7078,-27.3906],[32.7113,-27.3961],[32.7211,-27.3544],[32.7194,-27.3402],[32.7262,-27.3291],[32.7326,-27.3268],[32.7452,-27.3113],[32.7392,-27.304],[32.7522,-27.2738],[32.7579,-27.2411],[32.7624,-27.2328],[32.7632,-27.2123],[32.7711,-27.2078],[32.7718,-27.197],[32.7817,-27.1794],[32.7866,-27.181],[32.7925,-27.1532],[32.7914,-27.1328],[32.7874,-27.1285],[32.7876,-27.103],[32.7827,-27.0989],[32.7886,-27.0772],[32.7985,-27.0763],[32.8091,-27.0599],[32.8177,-27.0675],[32.8244,-27.061],[32.8227,-27.0446],[32.8288,-27.0385],[32.8319,-27.0208]]]},"properties":{"tmax":42.05576924,"brucode":"WXa1a","tmin":5.72307692,"bru_clean":"WXa1","tmean":22.29807702,"map":893.50314465}},
{"type":"Feature","geometry":{"type":"Polygon","coordinates":[[[32.4012,-27.654],[32.4056,-27.6614],[32.4242,-27.6559],[32.429,-27.6646],[32.4217,-27.681],[32.4335,-27.6843],[32.444,-27.6706],[32.4536,-27.6699],[32.4674,-27.6593],[32.4741,-27.6428],[32.4872,-27.6262],[32.4858,-27.6121],[32.4921,-27.5874],[32.5007,-27.5766],[32.5264,-27.4977],[32.5293,-27.4803],[32.5458,-27.4374],[32.5606,-27.4031],[32.5658,-27.3603],[32.5632,-27.3551],[32.5744,-27.3503],[32.5684,-27.3412],[32.5685,-27.3312],[32.5771,-27.2992],[32.5868,-27.2776],[32.5954,-27.2534],[32.6087,-27.2264],[32.6209,-27.1932],[32.6355,-27.1577],[32.6457,-27.1258],[32.6499,-27.1013],[32.6553,-27.0909],[32.6622,-27.0607],[32.6686,-27.0454],[32.6636,-27.0392],[32.6621,-27.0169],[32.6681,-27.0083],[32.6775,-27.0098],[32.6765,-26.9728],[32.6825,-26.9692],[32.6922,-26.9528],[32.6877,-26.9386],[32.6912,-26.9051],[32.6963,-26.8894],[32.6803,-26.868],[32.6173,-26.8659],[32.5992,-26.8779],[32.5971,-26.883],[32.5802,-26.8847],[32.5669,-26.8918],[32.5545,-26.9051],[32.524,-26.945],[32.5203,-26.9461],[32.511,-26.9625],[32.504,-26.962],[32.4939,-26.9825],[32.4867,-26.9844],[32.4815,-26.9976],[32.4781,-27.0287],[32.4711,-27.0697],[32.4636,-27.0921],[32.4764,-27.0914],[32.4782,-27.1004],[32.4638,-27.1139],[32.4476,-27.1431],[32.4464,-27.1525],[32.4514,-27.1635],[32.4431,-27.1712],[32.4382,-27.1875],[32.4359,-27.214],[32.4386,-27.2508],[32.4356,-27.2883],[32.4307,-27.3235],[32.4311,-27.342],[32.429,-27.3658],[32.4234,-27.3801],[32.4216,-27.408],[32.4138,-27.4322],[32.4112,-27.4497],[32.4137,-27.4566],[32.4107,-27.4681],[32.4132,-27.4759],[32.4108,-27.4884],[32.405,-27.4986],[32.3964,-27.5317],[32.4051,-27.5527],[32.4028,-27.5704],[32.3944,-27.5822],[32.3974,-27.5923],[32.3951,-27.6068],[32.3966,-27.6196],[32.3926,-27.6301],[32.3923,-27.6493],[32.4012,-27.654]]]},"properties":{"tmax":42.7134293,"brucode":"STa5","tmin":4.19976018,"bru_clean":"STa5","tmean":22.22805774,"map":708.73396675}},
{"type":"Feature","geometry":{"type":"Polygon","coordinates":[[[32.0315,-27.0521],[32.0251,-27.0433],[32.0194,-27.0619],[32.0261,-27.062],[32.0247,-27.0537],[32.0315,-27.0521]]]},"properties":{"tmax":41.94999992,"brucode":"Wb3b","tmin":-2.72222219,"bru_clean":"Wb3","tmean":20.05833334,"map":719.08108108}},
{"type":"Feature","geometry":{"type":"Polygon","coordinates":[[[31.9801,-27.0865],[31.9748,-27.1171],[31.977,-27.1306],[31.9745,-27.1571],[31.9906,-27.1553],[32.0005,-27.1393],[32.0099,-27.1437],[32.023,-27.136],[32.0362,-27.1323],[32.0373,-27.1216],[32.0282,-27.1184],[32.0247,-27.131],[31.9974,-27.128],[32.0133,-27.1138],[32.0082,-27.1095],[31.9972,-27.111],[31.993,-27.1215],[31.9782,-27.1264],[31.9785,-27.1072],[31.9823,-27.0969],[31.9801,-27.0865]]]},"properties":{"tmax":41.94999992,"brucode":"Wb3c","tmin":-2.72222219,"bru_clean":"Wb3","tmean":20.05833334,"map":719.08108108}},
{"type":"Feature","geometry":{"type":"Polygon","coordinates":[[[31.9756,-27.1832],[31.9758,-27.189],[31.9795,-27.1988],[32.0054,-27.195],[32.0044,-27.1909],[31.99,-27.1878],[31.9997,-27.1812],[32.0125,-27.1831],[32.0003,-27.169],[31.9937,-27.1769],[31.9873,-27.1722],[31.9756,-27.1832]]]},"properties":{"tmax":41.94999992,"brucode":"Wb3d","tmin":-2.72222219,"bru_clean":"Wb3","tmean":20.05833334,"map":719.08108108}},
{"type":"Feature","geometry":{"type":"Polygon","coordinates":[[[32.034,-27.1863],[32.0195,-27.1886],[32.0113,-27.1938],[32.0154,-27.1982],[32.0223,-27.1921],[32.0347,-27.1926],[32.034,-27.1863]]]},"properties":{"tmax":41.94999992,"brucode":"Wb3e","tmin":-2.72222219,"bru_clean":"Wb3","tmean":20.05833334,"map":719.08108108}},
{"type":"Feature","geometry":{"type":"Polygon","coordinates":[[[32.021,-27.2118],[32.0012,-27.2187],[32.0065,-27.2305],[32.0166,-27.2259],[32.0074,-27.2191],[32.021,-27.2118]]]},"properties":{"tmax":41.94999992,"brucode":"Wb3f","tmin":-2.72222219,"bru_clean":"Wb3","tmean":20.05833334,"map":719.08108108}},
{"type":"Feature","geometry":{"type":"Polygon","coordinates":[[[31.3435,-27.2656],[31.2743,-27.2432],[31.2565,-27.2622],[31.272,-27.2744],[31.2636,-27.2875],[31.2794,-27.2917],[31.3023,-27.2938],[31.3055,-27.2796],[31.319,-27.2755],[31.3268,-27.2786],[31.3337,-27.2737],[31.348,-27.2803],[31.3512,-27.275],[31.3435,-27.2656]]]},"properties":{"tmax":37.75675665,"brucode":"Ub1c","tmin":-1.99189189,"bru_clean":"Ub1","tmean":18.43513515,"map":751.16666667}},
{"type":"Feature","geometry":{"type":"Polygon","coordinates":[[[31.9765,-27.2848],[31.9758,-27.3108],[31.9783,-27.3168],[31.9894,-27.3258],[31.9932,-27.343],[32.0065,-27.3357],[32.0064,-27.3256],[31.9913,-27.3247],[31.9921,-27.3174],[32.0043,-27.317],[31.9862,-27.3037],[31.985,-27.289],[31.9895,-27.2775],[31.9993,-27.2773],[32.0081,-27.2841],[32.021,-27.2886],[32.0153,-27.2723],[32.0062,-27.2765],[31.996,-27.2728],[31.9778,-27.2718],[31.9765,-27.2848]]]},"properties":{"tmax":41.94999992,"brucode":"Wb3g","tmin":-2.72222219,"bru_clean":"Wb3","tmean":20.05833334,"map":719.08108108}},
{"type":"Feature","geometry":{"type":"Polygon","coordinates":[[[31.2565,-27.2622],[31.2285,-27.2924],[31.2437,-27.2949],[31.2599,-27.3076],[31.2633,-27.3195],[31.2566,-27.3271],[31.2565,-27.3382],[31.2432,-27.3322],[31.2372,-27.3435],[31.2219,-27.3548],[31.2249,-27.3636],[31.2344,-27.3693],[31.245,-27.384],[31.2616,-27.3853],[31.2734,-27.3829],[31.282,-27.3745],[31.2916,-27.3742],[31.2902,-27.3841],[31.2665,-27.3925],[31.2804,-27.3977],[31.2733,-27.4028],[31.2663,-27.423],[31.2547,-27.4261],[31.2517,-27.433],[31.2339,-27.4326],[31.2285,-27.4244],[31.2274,-27.4139],[31.2353,-27.4071],[31.2138,-27.4071],[31.2119,-27.3943],[31.2008,-27.3823],[31.1937,-27.3883],[31.175,-27.382],[31.1746,-27.3692],[31.1859,-27.3772],[31.1968,-27.3775],[31.2021,-27.3677],[31.1827,-27.3573],[31.1799,-27.35],[31.1667,-27.3674],[31.1704,-27.373],[31.159,-27.3828],[31.1559,-27.3661],[31.1409,-27.3627],[31.101,-27.3358],[31.0978,-27.33],[31.0761,-27.3429],[31.0665,-27.3385],[31.0489,-27.3448],[31.0459,-27.3523],[31.0312,-27.3462],[31.0209,-27.3604],[31.0106,-27.3491],[31.0033,-27.3582],[30.9769,-27.3583],[30.9631,-27.3658],[30.9556,-27.3597],[30.9408,-27.3669],[30.9387,-27.346],[30.9309,-27.3545],[30.9391,-27.3713],[30.9577,-27.3721],[30.9674,-27.3866],[30.982,-27.3805],[30.9861,-27.3756],[30.9974,-27.3747],[31.001,-27.3622],[31.0126,-27.3609],[31.0234,-27.3644],[31.0336,-27.3529],[31.0389,-27.3611],[31.0288,-27.3673],[31.0329,-27.376],[31.0441,-27.3773],[31.0463,-27.368],[31.0641,-27.369],[31.0536,-27.3816],[31.0733,-27.3884],[31.0701,-27.3998],[31.0558,-27.4026],[31.0695,-27.4162],[31.0798,-27.4146],[31.0916,-27.4267],[31.0849,-27.4352],[31.0906,-27.4428],[31.1049,-27.4411],[31.1301,-27.4413],[31.1263,-27.4461],[31.1118,-27.4486],[31.1014,-27.4588],[31.0784,-27.4604],[31.0837,-27.4684],[31.1076,-27.4714],[31.1033,-27.4809],[31.0926,-27.4916],[31.0777,-27.49],[31.0808,-27.5001],[31.0686,-27.5048],[31.0627,-27.4899],[31.05,-27.4845],[31.0468,-27.4927],[31.0369,-27.491],[31.035,-27.5006],[31.0106,-27.4883],[30.9971,-27.4873],[30.996,-27.4939],[30.9798,-27.4872],[30.965,-27.4886],[30.9508,-27.4658],[30.9461,-27.454],[30.9448,-27.4359],[30.9344,-27.4461],[30.932,-27.4579],[30.9414,-27.4594],[30.9421,-27.4672],[30.9221,-27.4719],[30.9104,-27.468],[30.9058,-27.4521],[30.8988,-27.4448],[30.8969,-27.4685],[30.9131,-27.4787],[30.9059,-27.483],[30.9071,-27.4913],[30.9299,-27.4915],[30.9294,-27.5025],[30.9186,-27.5081],[30.8996,-27.5034],[30.8886,-27.5053],[30.8874,-27.5118],[30.8898,-27.5164],[30.9073,-27.525],[30.9223,-27.542],[30.9267,-27.5381],[30.9296,-27.5233],[30.9471,-27.5332],[30.9525,-27.5243],[30.9595,-27.5377],[30.9729,-27.5259],[30.9825,-27.5251],[31.0055,-27.5111],[31.0016,-27.5228],[31.008,-27.5288],[30.9882,-27.5319],[30.9858,-27.5402],[30.9935,-27.5494],[31.0045,-27.5562],[30.9855,-27.5842],[30.9875,-27.5913],[30.9992,-27.5883],[31.0036,-27.6018],[31.0096,-27.6009],[31.0195,-27.5901],[31.0239,-27.6008],[31.0394,-27.6004],[31.0414,-27.5832],[31.0369,-27.5695],[31.0443,-27.5652],[31.0505,-27.5712],[31.0569,-27.5599],[31.0786,-27.5386],[31.0846,-27.5276],[31.0963,-27.5257],[31.1062,-27.5158],[31.1168,-27.5176],[31.1243,-27.5114],[31.1335,-27.5133],[31.1409,-27.5086],[31.1474,-27.4923],[31.1387,-27.4855],[31.1561,-27.4749],[31.1745,-27.4817],[31.181,-27.488],[31.1779,-27.5002],[31.1593,-27.5164],[31.1499,-27.514],[31.1272,-27.5284],[31.1153,-27.5222],[31.1093,-27.5358],[31.0986,-27.5511],[31.1211,-27.5515],[31.1292,-27.5475],[31.1341,-27.5388],[31.1505,-27.5436],[31.1549,-27.5583],[31.1675,-27.5566],[31.1692,-27.5629],[31.1567,-27.574],[31.1715,-27.5837],[31.1806,-27.5862],[31.1793,-27.5953],[31.1735,-27.6004],[31.173,-27.6091],[31.1814,-27.6133],[31.1927,-27.6023],[31.1939,-27.6137],[31.2035,-27.6217],[31.2283,-27.6323],[31.2281,-27.6224],[31.2187,-27.6144],[31.217,-27.5903],[31.2203,-27.5775],[31.2289,-27.5753],[31.2391,-27.5892],[31.2464,-27.5784],[31.2657,-27.5617],[31.2625,-27.5507],[31.2711,-27.5426],[31.2649,-27.5395],[31.2672,-27.5246],[31.2501,-27.5292],[31.2339,-27.5097],[31.2473,-27.5071],[31.25,-27.4985],[31.2617,-27.5058],[31.2572,-27.5151],[31.2703,-27.5153],[31.2804,-27.5225],[31.2904,-27.5214],[31.2931,-27.5122],[31.2901,-27.5048],[31.2934,-27.4907],[31.2893,-27.484],[31.3026,-27.4659],[31.3114,-27.4803],[31.2966,-27.4924],[31.3006,-27.5106],[31.3016,-27.5252],[31.3103,-27.5283],[31.3221,-27.5261],[31.3265,-27.5212],[31.3316,-27.5016],[31.3406,-27.5017],[31.3417,-27.489],[31.35,-27.4918],[31.349,-27.5091],[31.3538,-27.5163],[31.3451,-27.5366],[31.3461,-27.5411],[31.3591,-27.534],[31.3667,-27.5336],[31.3835,-27.5257],[31.3879,-27.5197],[31.3984,-27.5204],[31.4037,-27.5159],[31.404,-27.5039],[31.409,-27.4938],[31.4046,-27.4845],[31.4064,-27.4678],[31.4177,-27.4665],[31.4386,-27.4744],[31.4483,-27.4846],[31.4487,-27.4927],[31.4676,-27.4911],[31.4739,-27.4798],[31.4796,-27.4767],[31.4814,-27.4657],[31.4739,-27.4641],[31.4597,-27.4774],[31.4303,-27.4481],[31.4147,-27.4294],[31.4067,-27.4312],[31.3933,-27.4162],[31.3875,-27.4049],[31.383,-27.3859],[31.3954,-27.3654],[31.3912,-27.3393],[31.3792,-27.3251],[31.3635,-27.3198],[31.3527,-27.3119],[31.3503,-27.2978],[31.365,-27.284],[31.3685,-27.2739],[31.3435,-27.2656],[31.3512,-27.275],[31.348,-27.2803],[31.3337,-27.2737],[31.3268,-27.2786],[31.319,-27.2755],[31.3055,-27.2796],[31.3023,-27.2938],[31.2794,-27.2917],[31.2636,-27.2875],[31.272,-27.2744],[31.2565,-27.2622]],[[31.3356,-27.3057],[31.3453,-27.3106],[31.3495,-27.3323],[31.3328,-27.3398],[31.3315,-27.3345],[31.3424,-27.3285],[31.3223,-27.311],[31.3356,-27.3057]],[[31.2955,-27.3071],[31.3028,-27.3101],[31.3048,-27.3342],[31.2951,-27.3408],[31.2776,-27.3382],[31.2738,-27.3323],[31.2735,-27.316],[31.2897,-27.3178],[31.2955,-27.3071]]]},"properties":{"tmax":38.46159169,"brucode":"TUb1","tmin":-2.13737024,"bru_clean":"TUb1","tmean":18.70519026,"map":785.45517241}},
{"type":"Feature","geometry":{"type":"Polygon","coordinates":[[[30.4258,-27.3031],[30.4259,-27.27],[30.3976,-27.2738],[30.37,-27.2682],[30.3667,-27.3117],[30.3284,-27.2996],[30.3185,-27.3018],[30.3058,-27.3149],[30.3032,-27.3242],[30.2951,-27.3342],[30.2957,-27.3495],[30.3082,-27.3447],[30.3203,-27.3495],[30.3277,-27.3653],[30.299,-27.3777],[30.3012,-27.3866],[30.3124,-27.3816],[30.3261,-27.3918],[30.3335,-27.3899],[30.3353,-27.3823],[30.3482,-27.374],[30.3572,-27.372],[30.3655,-27.3762],[30.3502,-27.3878],[30.3461,-27.3938],[30.3673,-27.3948],[30.3723,-27.4018],[30.3624,-27.4112],[30.3641,-27.4199],[30.3611,-27.4364],[30.3682,-27.4398],[30.3828,-27.4373],[30.389,-27.4415],[30.3939,-27.4522],[30.4133,-27.4585],[30.4218,-27.4478],[30.4357,-27.4455],[30.4405,-27.4521],[30.4172,-27.4622],[30.398,-27.4617],[30.3931,-27.4638],[30.3881,-27.4774],[30.3766,-27.4804],[30.3786,-27.4907],[30.3936,-27.4987],[30.3847,-27.5148],[30.3668,-27.5282],[30.38,-27.5485],[30.3755,-27.5604],[30.396,-27.5731],[30.4209,-27.5749],[30.4289,-27.5836],[30.4282,-27.6024],[30.4331,-27.6078],[30.4327,-27.6246],[30.4209,-27.6292],[30.4039,-27.6177],[30.3951,-27.625],[30.4019,-27.6364],[30.4114,-27.6413],[30.4167,-27.6639],[30.3971,-27.6727],[30.3788,-27.6752],[30.3857,-27.6865],[30.3781,-27.6908],[30.3788,-27.7115],[30.4039,-27.7245],[30.415,-27.723],[30.4215,-27.7179],[30.4383,-27.7341],[30.4419,-27.7416],[30.441,-27.755],[30.4557,-27.7475],[30.4594,-27.7601],[30.4721,-27.7597],[30.4739,-27.7533],[30.4836,-27.749],[30.4827,-27.7622],[30.5007,-27.7698],[30.5203,-27.7693],[30.5188,-27.7544],[30.5107,-27.7457],[30.5013,-27.746],[30.4748,-27.7346],[30.4782,-27.7197],[30.4636,-27.7181],[30.4652,-27.6998],[30.4571,-27.7054],[30.4501,-27.7022],[30.4586,-27.6874],[30.4569,-27.6787],[30.4427,-27.68],[30.444,-27.6729],[30.4641,-27.6642],[30.4801,-27.6635],[30.4707,-27.6532],[30.4879,-27.6426],[30.4812,-27.6326],[30.499,-27.6036],[30.5039,-27.6073],[30.4978,-27.623],[30.5046,-27.6293],[30.5106,-27.6242],[30.5077,-27.6112],[30.5141,-27.6026],[30.5073,-27.5908],[30.4972,-27.5886],[30.4984,-27.5769],[30.5064,-27.5745],[30.5,-27.5606],[30.4911,-27.5616],[30.4878,-27.574],[30.4753,-27.5809],[30.468,-27.5741],[30.473,-27.5628],[30.4649,-27.5619],[30.4706,-27.5508],[30.4549,-27.5483],[30.4493,-27.5294],[30.4544,-27.5215],[30.4545,-27.5045],[30.4725,-27.5053],[30.4825,-27.5191],[30.489,-27.4912],[30.5132,-27.483],[30.5285,-27.4838],[30.544,-27.502],[30.5625,-27.4934],[30.5723,-27.5113],[30.5767,-27.5237],[30.5779,-27.5402],[30.5859,-27.5413],[30.595,-27.5566],[30.6055,-27.56],[30.6234,-27.5478],[30.6391,-27.5433],[30.6413,-27.5327],[30.6331,-27.5298],[30.6179,-27.5307],[30.6114,-27.5213],[30.6193,-27.5188],[30.6203,-27.504],[30.6148,-27.4924],[30.5938,-27.4826],[30.5908,-27.4744],[30.5731,-27.476],[30.5666,-27.4728],[30.5628,-27.4635],[30.5552,-27.4561],[30.5447,-27.4556],[30.5454,-27.4483],[30.5623,-27.4317],[30.5786,-27.43],[30.5744,-27.4191],[30.5634,-27.4246],[30.5565,-27.4192],[30.5455,-27.4202],[30.5463,-27.4309],[30.54,-27.4497],[30.5247,-27.4628],[30.5161,-27.4648],[30.505,-27.4584],[30.5074,-27.4508],[30.4976,-27.4471],[30.5002,-27.4365],[30.514,-27.4392],[30.5202,-27.4443],[30.5309,-27.4321],[30.5252,-27.4276],[30.5246,-27.4134],[30.5195,-27.4045],[30.5115,-27.4068],[30.512,-27.4232],[30.506,-27.431],[30.4988,-27.4196],[30.4854,-27.4224],[30.4841,-27.4321],[30.4729,-27.4461],[30.452,-27.4342],[30.4476,-27.4289],[30.4559,-27.4147],[30.4673,-27.4092],[30.4565,-27.3912],[30.4626,-27.387],[30.4586,-27.3793],[30.448,-27.3746],[30.4371,-27.3814],[30.4258,-27.3936],[30.4137,-27.3934],[30.4083,-27.3817],[30.4154,-27.3735],[30.406,-27.3676],[30.3954,-27.3664],[30.3811,-27.3543],[30.3631,-27.3445],[30.3718,-27.3341],[30.3687,-27.3224],[30.381,-27.31],[30.3964,-27.3216],[30.4104,-27.3289],[30.4165,-27.3364],[30.4333,-27.347],[30.4535,-27.3374],[30.4589,-27.3399],[30.4729,-27.3337],[30.4816,-27.3251],[30.4949,-27.3234],[30.5069,-27.318],[30.5278,-27.3274],[30.5502,-27.3339],[30.5687,-27.3353],[30.5915,-27.3268],[30.5944,-27.32],[30.563,-27.327],[30.5466,-27.3259],[30.5261,-27.3155],[30.4969,-27.3129],[30.4737,-27.3203],[30.4635,-27.3257],[30.4491,-27.3267],[30.4487,-27.3272],[30.4483,-27.3276],[30.4342,-27.3303],[30.4194,-27.3176],[30.4175,-27.3066],[30.4258,-27.3031]]]},"properties":{"tmax":35.20523253,"brucode":"Yd3","tmin":-6.84709302,"bru_clean":"Yd3","tmean":15.26569768,"map":858.62068966}},
{"type":"Feature","geometry":{"type":"Polygon","coordinates":[[[31.4814,-27.4657],[31.4905,-27.45],[31.4979,-27.4437],[31.5052,-27.4444],[31.5111,-27.453],[31.5056,-27.4603],[31.5061,-27.4695],[31.5186,-27.4893],[31.5031,-27.485],[31.4926,-27.4905],[31.4911,-27.4963],[31.4976,-27.505],[31.4935,-27.51],[31.4839,-27.5225],[31.4939,-27.5325],[31.5031,-27.5317],[31.5024,-27.5411],[31.4901,-27.5464],[31.4928,-27.5548],[31.4819,-27.5675],[31.4956,-27.5656],[31.4873,-27.5767],[31.483,-27.5882],[31.4752,-27.5793],[31.4691,-27.5958],[31.4554,-27.6118],[31.4499,-27.5997],[31.4519,-27.5926],[31.4432,-27.5873],[31.4336,-27.57],[31.4265,-27.579],[31.4248,-27.5903],[31.4126,-27.5923],[31.4147,-27.6055],[31.4289,-27.5984],[31.4356,-27.6005],[31.4306,-27.6148],[31.4169,-27.6191],[31.422,-27.6307],[31.4321,-27.6318],[31.4478,-27.6263],[31.4415,-27.6453],[31.43,-27.6462],[31.4219,-27.6536],[31.4244,-27.6598],[31.4165,-27.6757],[31.409,-27.6783],[31.3903,-27.6751],[31.3809,-27.6806],[31.3669,-27.6753],[31.3596,-27.676],[31.3537,-27.6837],[31.3534,-27.6976],[31.3486,-27.7002],[31.3294,-27.6827],[31.3176,-27.6969],[31.3109,-27.6943],[31.3069,-27.685],[31.2976,-27.6775],[31.2976,-27.6697],[31.3056,-27.6574],[31.2984,-27.6448],[31.2981,-27.6333],[31.2894,-27.6337],[31.2886,-27.653],[31.2843,-27.6688],[31.289,-27.6774],[31.2676,-27.6845],[31.2695,-27.6911],[31.2569,-27.7012],[31.2634,-27.7039],[31.2477,-27.7216],[31.2628,-27.7181],[31.2723,-27.7265],[31.2862,-27.7211],[31.2933,-27.7238],[31.2908,-27.7362],[31.2831,-27.7419],[31.2877,-27.7517],[31.3045,-27.7347],[31.3137,-27.7304],[31.3261,-27.7369],[31.3347,-27.7352],[31.3423,-27.7401],[31.3373,-27.7536],[31.3688,-27.7595],[31.3558,-27.7712],[31.3509,-27.7822],[31.3445,-27.7831],[31.3387,-27.7934],[31.3275,-27.7971],[31.3451,-27.8062],[31.3547,-27.8056],[31.3701,-27.8001],[31.3686,-27.7921],[31.3738,-27.7834],[31.388,-27.7728],[31.3891,-27.794],[31.3945,-27.8008],[31.4069,-27.8017],[31.4236,-27.7915],[31.4233,-27.7841],[31.4161,-27.7754],[31.4183,-27.7614],[31.4329,-27.7631],[31.4314,-27.7799],[31.4446,-27.7702],[31.4568,-27.7646],[31.4612,-27.7674],[31.4701,-27.76],[31.4621,-27.7408],[31.4653,-27.7212],[31.4574,-27.7049],[31.4716,-27.7082],[31.478,-27.704],[31.4721,-27.6874],[31.4789,-27.685],[31.4686,-27.6645],[31.4711,-27.6527],[31.4804,-27.6458],[31.479,-27.6619],[31.4885,-27.6646],[31.4872,-27.6811],[31.5027,-27.6888],[31.5128,-27.6715],[31.5328,-27.665],[31.541,-27.676],[31.5332,-27.6815],[31.5373,-27.6877],[31.5499,-27.6857],[31.5507,-27.693],[31.5649,-27.7019],[31.5688,-27.689],[31.5787,-27.6894],[31.5782,-27.6746],[31.5914,-27.6718],[31.5924,-27.6875],[31.5852,-27.6973],[31.5889,-27.7023],[31.5779,-27.7101],[31.5766,-27.7171],[31.587,-27.7268],[31.6084,-27.7162],[31.6176,-27.7221],[31.615,-27.7295],[31.6004,-27.7237],[31.5912,-27.7317],[31.5855,-27.7298],[31.5676,-27.7358],[31.57,-27.7558],[31.564,-27.7627],[31.553,-27.756],[31.5521,-27.7696],[31.5755,-27.7642],[31.5856,-27.7734],[31.5749,-27.7759],[31.5756,-27.7822],[31.5995,-27.7998],[31.5947,-27.8171],[31.6002,-27.8223],[31.6172,-27.8259],[31.6315,-27.8327],[31.6191,-27.842],[31.631,-27.8392],[31.6377,-27.8437],[31.6571,-27.8472],[31.6634,-27.855],[31.6723,-27.856],[31.6765,-27.8634],[31.6798,-27.8522],[31.6938,-27.8475],[31.7063,-27.8394],[31.7145,-27.839],[31.7041,-27.8237],[31.7062,-27.8158],[31.7196,-27.8233],[31.7278,-27.8356],[31.7304,-27.8474],[31.743,-27.8526],[31.7623,-27.87],[31.7751,-27.8713],[31.7869,-27.8774],[31.7896,-27.8693],[31.7752,-27.8596],[31.7742,-27.8507],[31.7791,-27.84],[31.7598,-27.84],[31.7485,-27.8329],[31.7417,-27.8434],[31.7293,-27.8267],[31.7244,-27.8082],[31.7121,-27.8092],[31.7072,-27.8058],[31.6891,-27.8096],[31.6914,-27.779],[31.6868,-27.7678],[31.6918,-27.7599],[31.7092,-27.7413],[31.7182,-27.7414],[31.7138,-27.7556],[31.7254,-27.7639],[31.7268,-27.7483],[31.741,-27.7269],[31.725,-27.736],[31.6997,-27.7344],[31.7,-27.7276],[31.681,-27.7222],[31.6836,-27.7133],[31.6774,-27.697],[31.6709,-27.6917],[31.6484,-27.698],[31.6397,-27.6905],[31.6154,-27.695],[31.6165,-27.6897],[31.6308,-27.6842],[31.6369,-27.669],[31.6266,-27.657],[31.6303,-27.649],[31.6223,-27.6452],[31.613,-27.6519],[31.6073,-27.6437],[31.6171,-27.6403],[31.6042,-27.6228],[31.6143,-27.6164],[31.615,-27.6107],[31.631,-27.6054],[31.6202,-27.6004],[31.6134,-27.5889],[31.6211,-27.5787],[31.6201,-27.5658],[31.6127,-27.5583],[31.6181,-27.5457],[31.6188,-27.5351],[31.6152,-27.5259],[31.6163,-27.5117],[31.6113,-27.4964],[31.6015,-27.4874],[31.5979,-27.4773],[31.5896,-27.474],[31.5867,-27.4652],[31.5974,-27.4621],[31.5921,-27.4525],[31.5781,-27.4505],[31.5599,-27.4386],[31.5559,-27.4329],[31.5347,-27.4304],[31.5238,-27.4162],[31.5181,-27.4159],[31.503,-27.4297],[31.4979,-27.4196],[31.4822,-27.4105],[31.4695,-27.4119],[31.4487,-27.4248],[31.4431,-27.4363],[31.4364,-27.4367],[31.4275,-27.4221],[31.4071,-27.4192],[31.406,-27.4144],[31.4242,-27.4134],[31.4441,-27.4265],[31.45,-27.4172],[31.4586,-27.4145],[31.4669,-27.404],[31.4873,-27.4029],[31.4944,-27.4102],[31.505,-27.4112],[31.5283,-27.4039],[31.5361,-27.4108],[31.5463,-27.4126],[31.5521,-27.4208],[31.5715,-27.4212],[31.5819,-27.4269],[31.5864,-27.4206],[31.579,-27.4038],[31.5552,-27.4015],[31.5488,-27.3911],[31.5534,-27.3845],[31.5344,-27.3794],[31.5341,-27.3726],[31.5263,-27.3658],[31.5284,-27.3602],[31.5437,-27.3683],[31.5496,-27.3648],[31.553,-27.3549],[31.5717,-27.3383],[31.5788,-27.3157],[31.4933,-27.3149],[31.3685,-27.2739],[31.365,-27.284],[31.3503,-27.2978],[31.3527,-27.3119],[31.3635,-27.3198],[31.3792,-27.3251],[31.3912,-27.3393],[31.3954,-27.3654],[31.383,-27.3859],[31.3875,-27.4049],[31.3933,-27.4162],[31.4067,-27.4312],[31.4147,-27.4294],[31.4303,-27.4481],[31.4597,-27.4774],[31.4739,-27.4641],[31.4814,-27.4657]],[[31.5319,-27.5629],[31.5346,-27.5681],[31.5244,-27.5851],[31.5442,-27.5914],[31.553,-27.5969],[31.5459,-27.6047],[31.5474,-27.6121],[31.5331,-27.6159],[31.5286,-27.604],[31.5306,-27.5939],[31.5246,-27.5914],[31.5018,-27.6231],[31.4912,-27.6122],[31.494,-27.597],[31.505,-27.5914],[31.5079,-27.5772],[31.5149,-27.5771],[31.5182,-27.566],[31.5319,-27.5629]]]},"properties":{"tmax":40.30604389,"brucode":"TUb3a","tmin":-1.1543956,"bru_clean":"TUb3","tmean":19.48406592,"map":767.45856354}},
{"type":"Feature","geometry":{"type":"Polygon","coordinates":[[[30.5779,-27.5402],[30.5605,-27.5451],[30.5774,-27.5458],[30.5918,-27.5635],[30.6041,-27.5703],[30.6198,-27.565],[30.6281,-27.5763],[30.6402,-27.5578],[30.6728,-27.5366],[30.6565,-27.5308],[30.6506,-27.5319],[30.6416,-27.5173],[30.6532,-27.5087],[30.6777,-27.5058],[30.6965,-27.508],[30.7062,-27.501],[30.7149,-27.5008],[30.7291,-27.5156],[30.7459,-27.5215],[30.7481,-27.5284],[30.7649,-27.5364],[30.774,-27.5484],[30.7673,-27.5618],[30.782,-27.561],[30.7995,-27.5502],[30.7857,-27.5328],[30.7822,-27.5204],[30.7845,-27.509],[30.7923,-27.5125],[30.7941,-27.5264],[30.8088,-27.5228],[30.8215,-27.5117],[30.8396,-27.5085],[30.8321,-27.4813],[30.8456,-27.4855],[30.8547,-27.4815],[30.8488,-27.4594],[30.8586,-27.4534],[30.8483,-27.4355],[30.8519,-27.4159],[30.8689,-27.4135],[30.8818,-27.4151],[30.8881,-27.4095],[30.901,-27.4211],[30.9138,-27.4253],[30.9266,-27.4344],[30.9374,-27.4258],[30.9571,-27.4283],[30.9599,-27.4398],[30.9592,-27.4524],[30.9668,-27.4547],[30.9764,-27.4503],[30.9784,-27.4414],[30.9872,-27.4324],[30.9854,-27.4227],[30.9778,-27.418],[30.9785,-27.4115],[30.9907,-27.4137],[30.9975,-27.4038],[30.9866,-27.3936],[30.9746,-27.3911],[30.9731,-27.4019],[30.9468,-27.4085],[30.9417,-27.3989],[30.9246,-27.4101],[30.9166,-27.4071],[30.92,-27.3879],[30.9103,-27.3825],[30.9051,-27.3738],[30.9022,-27.3601],[30.8843,-27.3667],[30.8839,-27.3605],[30.8928,-27.3529],[30.8966,-27.3435],[30.8946,-27.3327],[30.8995,-27.3233],[30.8842,-27.324],[30.8755,-27.3314],[30.8665,-27.3502],[30.8529,-27.3509],[30.8408,-27.3616],[30.8362,-27.3716],[30.8371,-27.3825],[30.8228,-27.3748],[30.814,-27.3585],[30.8146,-27.3483],[30.8068,-27.3444],[30.7953,-27.3519],[30.7965,-27.3368],[30.7906,-27.316],[30.7836,-27.3246],[30.7699,-27.3254],[30.7599,-27.3126],[30.763,-27.3085],[30.7503,-27.2988],[30.7383,-27.2942],[30.7292,-27.2996],[30.7161,-27.2844],[30.7045,-27.2835],[30.6606,-27.2879],[30.5944,-27.32],[30.5915,-27.3268],[30.5687,-27.3353],[30.5502,-27.3339],[30.5278,-27.3274],[30.5069,-27.318],[30.4949,-27.3234],[30.4816,-27.3251],[30.4729,-27.3337],[30.4589,-27.3399],[30.4535,-27.3374],[30.4333,-27.347],[30.4165,-27.3364],[30.4104,-27.3289],[30.3964,-27.3216],[30.381,-27.31],[30.3687,-27.3224],[30.3718,-27.3341],[30.3631,-27.3445],[30.3811,-27.3543],[30.3954,-27.3664],[30.406,-27.3676],[30.4154,-27.3735],[30.4083,-27.3817],[30.4137,-27.3934],[30.4258,-27.3936],[30.4371,-27.3814],[30.448,-27.3746],[30.4586,-27.3793],[30.4626,-27.387],[30.4565,-27.3912],[30.4673,-27.4092],[30.4559,-27.4147],[30.4476,-27.4289],[30.452,-27.4342],[30.4729,-27.4461],[30.4841,-27.4321],[30.4854,-27.4224],[30.4988,-27.4196],[30.506,-27.431],[30.512,-27.4232],[30.5115,-27.4068],[30.5195,-27.4045],[30.5246,-27.4134],[30.5252,-27.4276],[30.5309,-27.4321],[30.5202,-27.4443],[30.514,-27.4392],[30.5002,-27.4365],[30.4976,-27.4471],[30.5074,-27.4508],[30.505,-27.4584],[30.5161,-27.4648],[30.5247,-27.4628],[30.54,-27.4497],[30.5463,-27.4309],[30.5455,-27.4202],[30.5565,-27.4192],[30.5634,-27.4246],[30.5744,-27.4191],[30.5786,-27.43],[30.5623,-27.4317],[30.5454,-27.4483],[30.5447,-27.4556],[30.5552,-27.4561],[30.5628,-27.4635],[30.5666,-27.4728],[30.5731,-27.476],[30.5908,-27.4744],[30.5938,-27.4826],[30.6148,-27.4924],[30.6203,-27.504],[30.6193,-27.5188],[30.6114,-27.5213],[30.6179,-27.5307],[30.6331,-27.5298],[30.6413,-27.5327],[30.6391,-27.5433],[30.6234,-27.5478],[30.6055,-27.56],[30.595,-27.5566],[30.5859,-27.5413],[30.5779,-27.5402]]]},"properties":{"tmax":36.37867134,"brucode":"Yc2","tmin":-4.37307691,"bru_clean":"Yc2","tmean":16.70349647,"map":898.72727273}},
{"type":"Feature","geometry":{"type":"Polygon","coordinates":[[[31.2285,-27.2924],[31.2052,-27.3167],[31.1799,-27.35],[31.1827,-27.3573],[31.2021,-27.3677],[31.1968,-27.3775],[31.1859,-27.3772],[31.1746,-27.3692],[31.175,-27.382],[31.1937,-27.3883],[31.2008,-27.3823],[31.2119,-27.3943],[31.2138,-27.4071],[31.2353,-27.4071],[31.2274,-27.4139],[31.2285,-27.4244],[31.2339,-27.4326],[31.2517,-27.433],[31.2547,-27.4261],[31.2663,-27.423],[31.2733,-27.4028],[31.2804,-27.3977],[31.2665,-27.3925],[31.2902,-27.3841],[31.2916,-27.3742],[31.282,-27.3745],[31.2734,-27.3829],[31.2616,-27.3853],[31.245,-27.384],[31.2344,-27.3693],[31.2249,-27.3636],[31.2219,-27.3548],[31.2372,-27.3435],[31.2432,-27.3322],[31.2565,-27.3382],[31.2566,-27.3271],[31.2633,-27.3195],[31.2599,-27.3076],[31.2437,-27.2949],[31.2285,-27.2924]]]},"properties":{"tmax":37.75675665,"brucode":"Ub1b","tmin":-1.99189189,"bru_clean":"Ub1","tmean":18.43513515,"map":751.16666667}},
{"type":"Feature","geometry":{"type":"Polygon","coordinates":[[[30.4483,-27.3276],[30.4335,-27.3257],[30.4258,-27.3147],[30.4258,-27.3031],[30.4175,-27.3066],[30.4194,-27.3176],[30.4342,-27.3303],[30.4483,-27.3276]]]},"properties":{"tmax":33.84399998,"brucode":"Ye3b","tmin":-9.78599992,"bru_clean":"Ye3","tmean":13.89300001,"map":855.55555556}},
{"type":"Feature","geometry":{"type":"Polygon","coordinates":[[[31.3356,-27.3057],[31.3223,-27.311],[31.3424,-27.3285],[31.3315,-27.3345],[31.3328,-27.3398],[31.3495,-27.3323],[31.3453,-27.3106],[31.3356,-27.3057]]]},"properties":{"tmax":37.75675665,"brucode":"Ub1e","tmin":-1.99189189,"bru_clean":"Ub1","tmean":18.43513515,"map":751.16666667}},
{"type":"Feature","geometry":{"type":"Polygon","coordinates":[[[30.8874,-27.5118],[30.8772,-27.5129],[30.8728,-27.4957],[30.8804,-27.4848],[30.8741,-27.4755],[30.8672,-27.4401],[30.8742,-27.4293],[30.8988,-27.4448],[30.9058,-27.4521],[30.9104,-27.468],[30.9221,-27.4719],[30.9421,-27.4672],[30.9414,-27.4594],[30.932,-27.4579],[30.9344,-27.4461],[30.9448,-27.4359],[30.9461,-27.454],[30.9508,-27.4658],[30.965,-27.4886],[30.9798,-27.4872],[30.996,-27.4939],[30.9971,-27.4873],[31.0106,-27.4883],[31.035,-27.5006],[31.0369,-27.491],[31.0468,-27.4927],[31.05,-27.4845],[31.0508,-27.4807],[31.035,-27.483],[31.0298,-27.4734],[31.0178,-27.48],[31.0131,-27.4757],[31.0185,-27.4612],[31.0251,-27.453],[31.0261,-27.4423],[31.0318,-27.432],[31.0463,-27.4253],[31.0473,-27.4107],[31.0418,-27.3932],[31.026,-27.3815],[31.0329,-27.376],[31.0288,-27.3673],[31.0389,-27.3611],[31.0336,-27.3529],[31.0234,-27.3644],[31.0126,-27.3609],[31.001,-27.3622],[30.9974,-27.3747],[30.9861,-27.3756],[30.982,-27.3805],[30.9674,-27.3866],[30.9577,-27.3721],[30.9391,-27.3713],[30.9309,-27.3545],[30.9387,-27.346],[30.9234,-27.3312],[30.9212,-27.3167],[30.9231,-27.3052],[30.9094,-27.3053],[30.8726,-27.3144],[30.8651,-27.3138],[30.8657,-27.3293],[30.8561,-27.3443],[30.8457,-27.3457],[30.8448,-27.3517],[30.8297,-27.3501],[30.8255,-27.3408],[30.809,-27.3393],[30.7906,-27.316],[30.7965,-27.3368],[30.7953,-27.3519],[30.8068,-27.3444],[30.8146,-27.3483],[30.814,-27.3585],[30.8228,-27.3748],[30.8371,-27.3825],[30.8362,-27.3716],[30.8408,-27.3616],[30.8529,-27.3509],[30.8665,-27.3502],[30.8755,-27.3314],[30.8842,-27.324],[30.8995,-27.3233],[30.8946,-27.3327],[30.8966,-27.3435],[30.8928,-27.3529],[30.8839,-27.3605],[30.8843,-27.3667],[30.9022,-27.3601],[30.9051,-27.3738],[30.9103,-27.3825],[30.92,-27.3879],[30.9166,-27.4071],[30.9246,-27.4101],[30.9417,-27.3989],[30.9468,-27.4085],[30.9731,-27.4019],[30.9746,-27.3911],[30.9866,-27.3936],[30.9975,-27.4038],[30.9907,-27.4137],[30.9785,-27.4115],[30.9778,-27.418],[30.9854,-27.4227],[30.9872,-27.4324],[30.9784,-27.4414],[30.9764,-27.4503],[30.9668,-27.4547],[30.9592,-27.4524],[30.9599,-27.4398],[30.9571,-27.4283],[30.9374,-27.4258],[30.9266,-27.4344],[30.9138,-27.4253],[30.901,-27.4211],[30.8881,-27.4095],[30.8818,-27.4151],[30.8689,-27.4135],[30.8519,-27.4159],[30.8483,-27.4355],[30.8586,-27.4534],[30.8488,-27.4594],[30.8547,-27.4815],[30.8456,-27.4855],[30.8321,-27.4813],[30.8396,-27.5085],[30.8215,-27.5117],[30.8088,-27.5228],[30.7941,-27.5264],[30.7923,-27.5125],[30.7845,-27.509],[30.7822,-27.5204],[30.7857,-27.5328],[30.7995,-27.5502],[30.782,-27.561],[30.7673,-27.5618],[30.774,-27.5484],[30.7649,-27.5364],[30.7481,-27.5284],[30.7459,-27.5215],[30.7291,-27.5156],[30.7149,-27.5008],[30.7062,-27.501],[30.6965,-27.508],[30.6777,-27.5058],[30.6532,-27.5087],[30.6416,-27.5173],[30.6506,-27.5319],[30.6565,-27.5308],[30.6728,-27.5366],[30.6402,-27.5578],[30.6281,-27.5763],[30.6198,-27.565],[30.6041,-27.5703],[30.5918,-27.5635],[30.5774,-27.5458],[30.5605,-27.5451],[30.5699,-27.5575],[30.565,-27.5682],[30.553,-27.5651],[30.5424,-27.5682],[30.5442,-27.5579],[30.5317,-27.5509],[30.5258,-27.5591],[30.5228,-27.575],[30.5356,-27.5768],[30.5424,-27.5811],[30.5388,-27.5979],[30.5636,-27.5944],[30.5653,-27.6045],[30.5616,-27.611],[30.5657,-27.6201],[30.575,-27.6224],[30.6007,-27.6236],[30.6093,-27.6302],[30.6207,-27.6311],[30.629,-27.6247],[30.6286,-27.6093],[30.6405,-27.6007],[30.6509,-27.5896],[30.6543,-27.5709],[30.6608,-27.5662],[30.6767,-27.5635],[30.6907,-27.5652],[30.7254,-27.56],[30.7329,-27.5695],[30.7445,-27.5708],[30.7574,-27.5807],[30.7521,-27.601],[30.7555,-27.6117],[30.7722,-27.6064],[30.7863,-27.6084],[30.7996,-27.6172],[30.7912,-27.6378],[30.7981,-27.6483],[30.8071,-27.6414],[30.8154,-27.6416],[30.8223,-27.654],[30.8363,-27.6524],[30.833,-27.6645],[30.8345,-27.6777],[30.8419,-27.6887],[30.8525,-27.6965],[30.8703,-27.6934],[30.8723,-27.7023],[30.8689,-27.7144],[30.8522,-27.7268],[30.8519,-27.7379],[30.8586,-27.7428],[30.8691,-27.7405],[30.8778,-27.7475],[30.8675,-27.7582],[30.8704,-27.7639],[30.889,-27.7714],[30.888,-27.7552],[30.8929,-27.7466],[30.8935,-27.736],[30.9124,-27.728],[30.9395,-27.7297],[30.9438,-27.7199],[30.9603,-27.7292],[30.9796,-27.7213],[30.9917,-27.7005],[30.9847,-27.6987],[30.9831,-27.6829],[30.9956,-27.6746],[30.9999,-27.6829],[31.0307,-27.6835],[31.0393,-27.681],[31.049,-27.6858],[31.0827,-27.677],[31.0878,-27.6697],[31.0849,-27.6618],[31.1021,-27.6636],[31.1146,-27.659],[31.1166,-27.6466],[31.1037,-27.6347],[31.1028,-27.6228],[31.0956,-27.6139],[31.0923,-27.6032],[31.0992,-27.5875],[31.0927,-27.5665],[31.0816,-27.5702],[31.0777,-27.5591],[31.0881,-27.5424],[31.0973,-27.5462],[31.0971,-27.5315],[31.0901,-27.5287],[31.0764,-27.544],[31.0626,-27.5654],[31.0654,-27.5751],[31.073,-27.5859],[31.0597,-27.5956],[31.0715,-27.6108],[31.0959,-27.6237],[31.0877,-27.6503],[31.0813,-27.6475],[31.0806,-27.6349],[31.0761,-27.632],[31.0565,-27.6542],[31.041,-27.651],[31.0272,-27.6713],[31.0111,-27.6568],[31.015,-27.6484],[31.0036,-27.6348],[31.0016,-27.6459],[31.0078,-27.6577],[30.9884,-27.6751],[30.966,-27.68],[30.9683,-27.6955],[30.9624,-27.699],[30.9477,-27.6971],[30.9445,-27.7069],[30.9304,-27.7103],[30.9231,-27.7187],[30.9069,-27.7183],[30.9123,-27.7084],[30.902,-27.6989],[30.8995,-27.6905],[30.91,-27.6583],[30.9224,-27.6573],[30.9285,-27.6415],[30.9283,-27.6315],[30.9356,-27.6201],[30.9333,-27.6101],[30.9217,-27.6097],[30.9175,-27.595],[30.9241,-27.5942],[30.9268,-27.5821],[30.912,-27.5785],[30.9077,-27.5663],[30.8916,-27.5395],[30.8833,-27.5349],[30.8898,-27.5164],[30.8874,-27.5118]],[[30.8302,-27.5163],[30.8361,-27.519],[30.8448,-27.5322],[30.84,-27.5431],[30.8557,-27.541],[30.8598,-27.5469],[30.8508,-27.5553],[30.8464,-27.5659],[30.8553,-27.5673],[30.8605,-27.5873],[30.8491,-27.6015],[30.8432,-27.6029],[30.843,-27.6201],[30.8308,-27.6171],[30.8313,-27.6087],[30.8127,-27.5965],[30.8129,-27.5822],[30.8009,-27.5668],[30.8009,-27.5529],[30.8048,-27.5396],[30.8029,-27.5293],[30.8302,-27.5163]]]},"properties":{"tmax":36.79313731,"brucode":"Wc3a","tmin":-3.33039215,"bru_clean":"Wc3","tmean":17.23480381,"map":845.67647059}},
{"type":"Feature","geometry":{"type":"Polygon","coordinates":[[[31.2955,-27.3071],[31.2897,-27.3178],[31.2735,-27.316],[31.2738,-27.3323],[31.2776,-27.3382],[31.2951,-27.3408],[31.3048,-27.3342],[31.3028,-27.3101],[31.2955,-27.3071]]]},"properties":{"tmax":37.75675665,"brucode":"Ub1d","tmin":-1.99189189,"bru_clean":"Ub1","tmean":18.43513515,"map":751.16666667}},
{"type":"Feature","geometry":{"type":"Polygon","coordinates":[[[32.0047,-27.4565],[32.0011,-27.4715],[32.0021,-27.4872],[31.9992,-27.5039],[31.9992,-27.5216],[31.9892,-27.5203],[31.9866,-27.5098],[31.9755,-27.5027],[31.9789,-27.4922],[31.9641,-27.4903],[31.956,-27.4705],[31.9457,-27.4601],[31.9442,-27.4498],[31.9286,-27.4282],[31.925,-27.4164],[31.9296,-27.4079],[31.921,-27.3796],[31.9305,-27.3733],[31.9253,-27.3645],[31.9107,-27.3633],[31.8976,-27.3561],[31.9002,-27.3694],[31.896,-27.3834],[31.8737,-27.3736],[31.8871,-27.3553],[31.8847,-27.3465],[31.9026,-27.3357],[31.9068,-27.3431],[31.9226,-27.3467],[31.9256,-27.3326],[31.9325,-27.3244],[31.9296,-27.3174],[31.7337,-27.3165],[31.5788,-27.3157],[31.5717,-27.3383],[31.553,-27.3549],[31.5496,-27.3648],[31.5437,-27.3683],[31.5284,-27.3602],[31.5263,-27.3658],[31.5341,-27.3726],[31.5344,-27.3794],[31.5534,-27.3845],[31.5488,-27.3911],[31.5552,-27.4015],[31.579,-27.4038],[31.5864,-27.4206],[31.5819,-27.4269],[31.5715,-27.4212],[31.5521,-27.4208],[31.5463,-27.4126],[31.5361,-27.4108],[31.5283,-27.4039],[31.505,-27.4112],[31.4944,-27.4102],[31.4873,-27.4029],[31.4669,-27.404],[31.4586,-27.4145],[31.45,-27.4172],[31.4441,-27.4265],[31.4242,-27.4134],[31.406,-27.4144],[31.4071,-27.4192],[31.4275,-27.4221],[31.4364,-27.4367],[31.4431,-27.4363],[31.4487,-27.4248],[31.4695,-27.4119],[31.4822,-27.4105],[31.4979,-27.4196],[31.503,-27.4297],[31.5181,-27.4159],[31.5238,-27.4162],[31.5347,-27.4304],[31.5559,-27.4329],[31.5599,-27.4386],[31.5781,-27.4505],[31.5921,-27.4525],[31.5974,-27.4621],[31.5867,-27.4652],[31.5896,-27.474],[31.5979,-27.4773],[31.6015,-27.4874],[31.6113,-27.4964],[31.6163,-27.5117],[31.6152,-27.5259],[31.6188,-27.5351],[31.6181,-27.5457],[31.6127,-27.5583],[31.6201,-27.5658],[31.6211,-27.5787],[31.6134,-27.5889],[31.6202,-27.6004],[31.631,-27.6054],[31.615,-27.6107],[31.6143,-27.6164],[31.6042,-27.6228],[31.6171,-27.6403],[31.6073,-27.6437],[31.613,-27.6519],[31.6223,-27.6452],[31.6303,-27.649],[31.6266,-27.657],[31.6369,-27.669],[31.6308,-27.6842],[31.6165,-27.6897],[31.6154,-27.695],[31.6397,-27.6905],[31.6484,-27.698],[31.6709,-27.6917],[31.6774,-27.697],[31.6836,-27.7133],[31.681,-27.7222],[31.7,-27.7276],[31.6997,-27.7344],[31.725,-27.736],[31.741,-27.7269],[31.7268,-27.7483],[31.7254,-27.7639],[31.7138,-27.7556],[31.7182,-27.7414],[31.7092,-27.7413],[31.6918,-27.7599],[31.6868,-27.7678],[31.6914,-27.779],[31.6891,-27.8096],[31.7072,-27.8058],[31.7121,-27.8092],[31.7244,-27.8082],[31.7293,-27.8267],[31.7417,-27.8434],[31.7485,-27.8329],[31.7598,-27.84],[31.7791,-27.84],[31.7742,-27.8507],[31.7752,-27.8596],[31.7864,-27.8388],[31.7856,-27.812],[31.7942,-27.8053],[31.7888,-27.7985],[31.807,-27.7927],[31.8126,-27.7938],[31.8151,-27.8045],[31.8291,-27.7971],[31.8338,-27.7902],[31.8273,-27.7738],[31.8137,-27.7791],[31.7996,-27.7611],[31.7876,-27.7401],[31.7986,-27.7369],[31.8095,-27.7658],[31.8196,-27.7567],[31.8124,-27.7351],[31.8062,-27.723],[31.8087,-27.7115],[31.8049,-27.707],[31.7865,-27.6996],[31.7752,-27.6989],[31.7796,-27.664],[31.7726,-27.6546],[31.7771,-27.6491],[31.7876,-27.666],[31.7903,-27.6789],[31.7987,-27.6831],[31.8045,-27.6729],[31.8178,-27.6848],[31.8173,-27.6943],[31.8229,-27.6993],[31.818,-27.7112],[31.8374,-27.7047],[31.8337,-27.6998],[31.8344,-27.6861],[31.8224,-27.6812],[31.8097,-27.6593],[31.8152,-27.6499],[31.8364,-27.6478],[31.8413,-27.6389],[31.8418,-27.6313],[31.8578,-27.6214],[31.8707,-27.6259],[31.8793,-27.6231],[31.8828,-27.6162],[31.8955,-27.6224],[31.9,-27.6201],[31.9094,-27.6302],[31.9154,-27.6291],[31.9197,-27.6168],[31.9279,-27.6079],[31.941,-27.618],[31.9507,-27.6192],[31.9613,-27.6326],[31.9511,-27.6448],[31.9398,-27.6324],[31.9263,-27.6406],[31.9191,-27.6564],[31.926,-27.6633],[31.9336,-27.6578],[31.9464,-27.655],[31.9538,-27.6593],[31.9565,-27.6695],[31.9814,-27.668],[31.9895,-27.6755],[31.9895,-27.6962],[31.9774,-27.7111],[31.965,-27.7169],[31.9599,-27.728],[31.9793,-27.7206],[31.9912,-27.7259],[31.9884,-27.7491],[31.9989,-27.7639],[32.0074,-27.7686],[32.0107,-27.7774],[32.0042,-27.7879],[32.0118,-27.7916],[32.0142,-27.8056],[32.0094,-27.815],[31.9849,-27.815],[31.9799,-27.8072],[31.976,-27.7927],[31.9694,-27.7875],[31.9499,-27.8007],[31.97,-27.7992],[31.9769,-27.8056],[31.9745,-27.8243],[31.9889,-27.8177],[31.9957,-27.8233],[32.0062,-27.8444],[32.0047,-27.8699],[32.0107,-27.879],[32.01,-27.8915],[32.021,-27.891],[32.0199,-27.9158],[32.0234,-27.9267],[32.0037,-27.9303],[31.9899,-27.9229],[31.9739,-27.9314],[31.9737,-27.9399],[31.9893,-27.9396],[31.9915,-27.9522],[32.003,-27.9558],[32.0159,-27.9476],[32.0461,-27.9362],[32.0617,-27.9256],[32.0665,-27.9151],[32.0675,-27.899],[32.0755,-27.884],[32.0877,-27.8677],[32.0938,-27.8669],[32.1025,-27.8738],[32.1089,-27.8712],[32.123,-27.8738],[32.1383,-27.87],[32.1414,-27.8653],[32.159,-27.8594],[32.182,-27.8458],[32.185,-27.8368],[32.1948,-27.8221],[32.2113,-27.8221],[32.2102,-27.8156],[32.1952,-27.8144],[32.1945,-27.7999],[32.2033,-27.7889],[32.1898,-27.7807],[32.1854,-27.7661],[32.1749,-27.7569],[32.1742,-27.7469],[32.1651,-27.7376],[32.1584,-27.7382],[32.1402,-27.7185],[32.1305,-27.7007],[32.1183,-27.6838],[32.1143,-27.6739],[32.113,-27.6546],[32.1022,-27.6427],[32.0857,-27.6337],[32.0737,-27.6302],[32.0716,-27.6176],[32.0803,-27.6097],[32.0653,-27.5908],[32.0613,-27.6007],[32.0486,-27.5955],[32.0393,-27.5871],[32.0317,-27.5642],[32.021,-27.5402],[32.02,-27.5211],[32.0073,-27.4925],[32.0047,-27.4565]],[[31.5657,-27.352],[31.5815,-27.362],[31.5802,-27.3842],[31.5683,-27.3736],[31.5548,-27.3737],[31.5562,-27.3631],[31.5657,-27.352]],[[31.7608,-27.4739],[31.7655,-27.4827],[31.7649,-27.4927],[31.7695,-27.5008],[31.7631,-27.5212],[31.766,-27.5275],[31.7557,-27.5311],[31.7492,-27.5242],[31.7473,-27.5153],[31.7275,-27.5215],[31.723,-27.5405],[31.7013,-27.5417],[31.6969,-27.5369],[31.6783,-27.5264],[31.6825,-27.5114],[31.6995,-27.5073],[31.6969,-27.5017],[31.7085,-27.4894],[31.7143,-27.4876],[31.7299,-27.5096],[31.7394,-27.4998],[31.7557,-27.497],[31.7527,-27.4872],[31.745,-27.4793],[31.7513,-27.4738],[31.7608,-27.4739]],[[31.6553,-27.5154],[31.6655,-27.5237],[31.6634,-27.5379],[31.6706,-27.5453],[31.6688,-27.5558],[31.6721,-27.567],[31.6585,-27.5667],[31.6587,-27.5533],[31.6471,-27.5585],[31.6358,-27.5501],[31.6258,-27.5478],[31.6289,-27.5272],[31.6428,-27.5255],[31.6335,-27.5116],[31.6553,-27.5154]],[[31.6744,-27.6257],[31.6906,-27.6309],[31.7008,-27.6301],[31.6992,-27.6435],[31.6803,-27.647],[31.6734,-27.6436],[31.6744,-27.6257]],[[31.6911,-27.6921],[31.6976,-27.6913],[31.6961,-27.7069],[31.6905,-27.7086],[31.6809,-27.698],[31.6763,-27.6854],[31.6864,-27.6803],[31.6911,-27.6921]],[[32.0389,-27.808],[32.0334,-27.8131],[32.0609,-27.8137],[32.0663,-27.8215],[32.0684,-27.8346],[32.0572,-27.8373],[32.0526,-27.8463],[32.0587,-27.8574],[32.0692,-27.865],[32.0681,-27.8795],[32.0725,-27.8874],[32.0599,-27.8946],[32.0436,-27.909],[32.0269,-27.9054],[32.025,-27.8882],[32.0275,-27.878],[32.0168,-27.879],[32.0087,-27.8603],[32.0067,-27.8377],[32.0155,-27.821],[32.017,-27.8125],[32.0341,-27.796],[32.0475,-27.7907],[32.0389,-27.808]]]},"properties":{"tmax":42.96182088,"brucode":"RSa1a","tmin":-0.19207048,"bru_clean":"RSa1","tmean":21.23377388,"map":635.94468705}},
{"type":"Feature","geometry":{"type":"Polygon","coordinates":[[[30.3058,-27.3149],[30.3033,-27.3175],[30.283,-27.3145],[30.2797,-27.3324],[30.2812,-27.3517],[30.2799,-27.3686],[30.2466,-27.3739],[30.2347,-27.3807],[30.2286,-27.3653],[30.1982,-27.3552],[30.1903,-27.3686],[30.1731,-27.3821],[30.1842,-27.3824],[30.1963,-27.3809],[30.2091,-27.3858],[30.2028,-27.3943],[30.195,-27.3977],[30.2073,-27.4003],[30.2251,-27.41],[30.2291,-27.3914],[30.2385,-27.385],[30.2477,-27.383],[30.2593,-27.3853],[30.2745,-27.3835],[30.2814,-27.394],[30.2712,-27.4028],[30.2625,-27.4044],[30.2596,-27.3921],[30.2526,-27.391],[30.24,-27.4131],[30.2467,-27.4182],[30.2435,-27.4318],[30.2336,-27.4383],[30.2378,-27.4495],[30.2449,-27.451],[30.2603,-27.4382],[30.2589,-27.432],[30.2742,-27.4238],[30.2873,-27.424],[30.3063,-27.4118],[30.311,-27.4251],[30.3101,-27.4347],[30.3022,-27.4453],[30.3084,-27.4492],[30.3154,-27.4687],[30.2998,-27.4682],[30.2919,-27.4596],[30.2787,-27.4643],[30.2854,-27.4705],[30.2774,-27.4804],[30.2762,-27.4893],[30.2923,-27.4901],[30.3079,-27.4945],[30.2986,-27.5011],[30.2848,-27.4919],[30.2685,-27.4959],[30.2599,-27.4917],[30.2562,-27.5],[30.2474,-27.5047],[30.245,-27.485],[30.2281,-27.4769],[30.2281,-27.4888],[30.2223,-27.5013],[30.205,-27.478],[30.1959,-27.4965],[30.1906,-27.4974],[30.1912,-27.4809],[30.1771,-27.4879],[30.1675,-27.4768],[30.153,-27.4803],[30.1406,-27.4774],[30.1344,-27.4811],[30.1343,-27.4984],[30.1446,-27.4967],[30.1642,-27.4976],[30.1599,-27.512],[30.1463,-27.5031],[30.128,-27.5093],[30.1111,-27.5101],[30.1148,-27.4943],[30.1104,-27.4904],[30.1044,-27.4742],[30.0963,-27.4922],[30.1023,-27.5],[30.0928,-27.5056],[30.0935,-27.5123],[30.1065,-27.514],[30.1165,-27.5213],[30.1213,-27.5311],[30.1287,-27.5281],[30.1453,-27.5385],[30.1497,-27.5315],[30.1712,-27.5397],[30.2003,-27.5211],[30.2145,-27.524],[30.2216,-27.5362],[30.2376,-27.5562],[30.25,-27.5638],[30.2602,-27.5881],[30.2894,-27.5822],[30.2899,-27.5753],[30.2795,-27.5587],[30.2602,-27.5566],[30.259,-27.5389],[30.2693,-27.521],[30.2861,-27.5228],[30.3105,-27.5292],[30.3211,-27.5369],[30.3338,-27.5388],[30.3456,-27.5511],[30.3547,-27.5477],[30.3679,-27.5587],[30.3755,-27.5604],[30.38,-27.5485],[30.3668,-27.5282],[30.3847,-27.5148],[30.3936,-27.4987],[30.3786,-27.4907],[30.3766,-27.4804],[30.3881,-27.4774],[30.3931,-27.4638],[30.398,-27.4617],[30.4172,-27.4622],[30.4405,-27.4521],[30.4357,-27.4455],[30.4218,-27.4478],[30.4133,-27.4585],[30.3939,-27.4522],[30.389,-27.4415],[30.3828,-27.4373],[30.3682,-27.4398],[30.3611,-27.4364],[30.3641,-27.4199],[30.3624,-27.4112],[30.3723,-27.4018],[30.3673,-27.3948],[30.3461,-27.3938],[30.3502,-27.3878],[30.3655,-27.3762],[30.3572,-27.372],[30.3482,-27.374],[30.3353,-27.3823],[30.3335,-27.3899],[30.3261,-27.3918],[30.3124,-27.3816],[30.3012,-27.3866],[30.299,-27.3777],[30.3277,-27.3653],[30.3203,-27.3495],[30.3082,-27.3447],[30.2957,-27.3495],[30.2951,-27.3342],[30.3032,-27.3242],[30.3058,-27.3149]]]},"properties":{"tmax":33.84399998,"brucode":"Ye3a","tmin":-9.78599992,"bru_clean":"Ye3","tmean":13.89300001,"map":855.55555556}},
{"type":"Feature","geometry":{"type":"Polygon","coordinates":[[[31.9591,-27.3175],[31.9533,-27.3225],[31.9673,-27.3437],[31.9685,-27.3655],[31.9665,-27.3709],[31.9742,-27.3896],[31.9787,-27.39],[31.9874,-27.4084],[31.9919,-27.4274],[31.9926,-27.4167],[31.9874,-27.3957],[31.9713,-27.3787],[31.9691,-27.3621],[31.9737,-27.3455],[31.9683,-27.3385],[31.9591,-27.3175]]]},"properties":{"tmax":42.96182088,"brucode":"RSa1b","tmin":-0.19207048,"bru_clean":"RSa1","tmean":21.23377388,"map":635.94468705}},
{"type":"Feature","geometry":{"type":"Polygon","coordinates":[[[32.5007,-27.5766],[32.5058,-27.5786],[32.5214,-27.5684],[32.5284,-27.5666],[32.5439,-27.552],[32.5608,-27.555],[32.5664,-27.5679],[32.5854,-27.5606],[32.5843,-27.5392],[32.5914,-27.543],[32.5923,-27.5193],[32.5916,-27.4764],[32.5956,-27.4625],[32.616,-27.4148],[32.6287,-27.3907],[32.6254,-27.3739],[32.63,-27.3547],[32.6185,-27.3508],[32.6087,-27.3563],[32.6038,-27.3449],[32.5913,-27.3557],[32.5658,-27.3603],[32.5606,-27.4031],[32.5458,-27.4374],[32.5293,-27.4803],[32.5264,-27.4977],[32.5007,-27.5766]]]},"properties":{"tmax":42.29086006,"brucode":"UVa1a","tmin":5.17634407,"bru_clean":"UVa1","tmean":22.21451647,"map":814.00529101}},
{"type":"Feature","geometry":{"type":"Polygon","coordinates":[[[31.5657,-27.352],[31.5562,-27.3631],[31.5548,-27.3737],[31.5683,-27.3736],[31.5802,-27.3842],[31.5815,-27.362],[31.5657,-27.352]]]},"properties":{"tmax":40.30604389,"brucode":"TUb3b","tmin":-1.1543956,"bru_clean":"TUb3","tmean":19.48406592,"map":767.45856354}},
{"type":"Feature","geometry":{"type":"Polygon","coordinates":[[[30.0096,-27.3947],[29.9951,-27.3884],[29.9858,-27.3797],[29.9612,-27.3668],[29.9175,-27.3545],[29.9094,-27.3738],[29.8988,-27.3858],[29.8902,-27.3855],[29.8825,-27.3767],[29.8662,-27.3841],[29.8402,-27.379],[29.8349,-27.3909],[29.8338,-27.4038],[29.8217,-27.4115],[29.8223,-27.4213],[29.8287,-27.4242],[29.8263,-27.4364],[29.8186,-27.4445],[29.8278,-27.4493],[29.8423,-27.449],[29.8474,-27.4587],[29.8663,-27.4571],[29.8713,-27.4616],[29.8954,-27.4634],[29.9088,-27.4668],[29.9069,-27.4748],[29.9115,-27.4864],[29.9057,-27.5015],[29.9124,-27.5024],[29.9179,-27.4895],[29.9287,-27.4858],[29.9194,-27.4779],[29.9175,-27.4679],[29.9196,-27.4563],[29.9398,-27.4438],[29.9515,-27.4369],[29.9591,-27.4492],[29.9828,-27.4514],[29.9904,-27.4457],[29.9941,-27.4309],[29.9854,-27.4337],[29.9796,-27.4287],[29.9789,-27.4193],[29.9942,-27.4091],[30.0066,-27.4097],[30.0079,-27.3998],[30.0096,-27.3947]]]},"properties":{"tmax":34.22708344,"brucode":"Vd2","tmin":-8.79791677,"bru_clean":"Vd2","tmean":14.75208336,"map":792.0625}},
{"type":"Feature","geometry":{"type":"Polygon","coordinates":[[[32.7093,-27.4139],[32.6989,-27.4188],[32.696,-27.4044],[32.6989,-27.3926],[32.6882,-27.3906],[32.6719,-27.381],[32.6622,-27.3942],[32.654,-27.3877],[32.6686,-27.3667],[32.6377,-27.3558],[32.6254,-27.3739],[32.6287,-27.3907],[32.616,-27.4148],[32.5956,-27.4625],[32.5916,-27.4764],[32.5923,-27.5193],[32.5914,-27.543],[32.5913,-27.5474],[32.5977,-27.5374],[32.6095,-27.541],[32.6196,-27.5319],[32.6292,-27.5277],[32.6411,-27.5323],[32.6422,-27.5488],[32.6474,-27.5503],[32.6525,-27.5619],[32.6608,-27.5533],[32.664,-27.5389],[32.6556,-27.5373],[32.6511,-27.5283],[32.6582,-27.5244],[32.6602,-27.5063],[32.6546,-27.5019],[32.6574,-27.4747],[32.6662,-27.451],[32.6774,-27.4318],[32.6839,-27.4279],[32.7031,-27.4407],[32.7046,-27.4256],[32.7093,-27.4139]]]},"properties":{"tmax":42.05576924,"brucode":"WXa1b","tmin":5.72307692,"bru_clean":"WXa1","tmean":22.29807702,"map":893.50314465}},
{"type":"Feature","geometry":{"type":"Polygon","coordinates":[[[32.0004,-27.3759],[32.0042,-27.3849],[32.0111,-27.376],[32.0004,-27.3759]]]},"properties":{"tmax":41.94999992,"brucode":"Wb3h","tmin":-2.72222219,"bru_clean":"Wb3","tmean":20.05833334,"map":719.08108108}},
{"type":"Feature","geometry":{"type":"Polygon","coordinates":[[[30.0079,-27.3998],[30.0116,-27.4004],[30.0205,-27.4194],[30.0327,-27.4223],[30.0433,-27.4159],[30.0514,-27.4245],[30.0614,-27.4182],[30.0553,-27.4062],[30.0629,-27.4052],[30.0766,-27.413],[30.0914,-27.4026],[30.0745,-27.3917],[30.0667,-27.3932],[30.0667,-27.3824],[30.0853,-27.387],[30.0943,-27.3819],[30.1082,-27.3841],[30.0868,-27.3685],[30.079,-27.3702],[30.0683,-27.3659],[30.0464,-27.3868],[30.0306,-27.3867],[30.0245,-27.3945],[30.0096,-27.3947],[30.0079,-27.3998]]]},"properties":{"tmax":33.73111089,"brucode":"We1a","tmin":-9.89555567,"bru_clean":"We1","tmean":13.87111113,"map":757.02173913}},
{"type":"Feature","geometry":{"type":"Polygon","coordinates":[[[31.1667,-27.3674],[31.1559,-27.3661],[31.159,-27.3828],[31.1704,-27.373],[31.1667,-27.3674]]]},"properties":{"tmax":37.75675665,"brucode":"Ub1a","tmin":-1.99189189,"bru_clean":"Ub1","tmean":18.43513515,"map":751.16666667}},
{"type":"Feature","geometry":{"type":"Polygon","coordinates":[[[31.0329,-27.376],[31.026,-27.3815],[31.0418,-27.3932],[31.0473,-27.4107],[31.0463,-27.4253],[31.0318,-27.432],[31.0261,-27.4423],[31.0251,-27.453],[31.0185,-27.4612],[31.0131,-27.4757],[31.0178,-27.48],[31.0298,-27.4734],[31.035,-27.483],[31.0508,-27.4807],[31.0608,-27.4612],[31.0677,-27.4591],[31.0715,-27.4484],[31.0786,-27.4409],[31.0695,-27.4162],[31.0558,-27.4026],[31.0701,-27.3998],[31.0733,-27.3884],[31.0536,-27.3816],[31.0641,-27.369],[31.0463,-27.368],[31.0441,-27.3773],[31.0329,-27.376]]]},"properties":{"tmax":37.57857077,"brucode":"Vc5","tmin":-1.53571429,"bru_clean":"Vc5","tmean":18.34285695,"map":807.64285714}},
{"type":"Feature","geometry":{"type":"Polygon","coordinates":[[[30.1731,-27.3821],[30.1658,-27.3875],[30.1515,-27.3917],[30.1527,-27.4043],[30.1434,-27.4134],[30.1319,-27.4037],[30.1084,-27.407],[30.1062,-27.4204],[30.1007,-27.4329],[30.125,-27.4315],[30.1289,-27.4291],[30.1397,-27.4264],[30.144,-27.434],[30.1705,-27.4422],[30.2035,-27.4337],[30.1918,-27.4284],[30.1797,-27.4324],[30.1678,-27.4308],[30.1599,-27.4247],[30.1776,-27.4162],[30.1799,-27.4032],[30.1878,-27.3988],[30.1898,-27.3915],[30.1842,-27.3824],[30.1731,-27.3821]]]},"properties":{"tmax":33.73111089,"brucode":"We1b","tmin":-9.89555567,"bru_clean":"We1","tmean":13.87111113,"map":757.02173913}},
{"type":"Feature","geometry":{"type":"Polygon","coordinates":[[[30.2385,-27.385],[30.2446,-27.3936],[30.2365,-27.4122],[30.2289,-27.4162],[30.2267,-27.4269],[30.2127,-27.4414],[30.2059,-27.438],[30.2097,-27.4282],[30.2158,-27.4248],[30.2156,-27.4154],[30.195,-27.3977],[30.2028,-27.3943],[30.2091,-27.3858],[30.1963,-27.3809],[30.1842,-27.3824],[30.1898,-27.3915],[30.1878,-27.3988],[30.1799,-27.4032],[30.1776,-27.4162],[30.1599,-27.4247],[30.1678,-27.4308],[30.1797,-27.4324],[30.1918,-27.4284],[30.2035,-27.4337],[30.1705,-27.4422],[30.144,-27.434],[30.1397,-27.4264],[30.1289,-27.4291],[30.1295,-27.4315],[30.1168,-27.436],[30.1327,-27.4412],[30.1339,-27.4457],[30.15,-27.4513],[30.1657,-27.4683],[30.1712,-27.4642],[30.1852,-27.4726],[30.1991,-27.455],[30.1968,-27.476],[30.2084,-27.4598],[30.2147,-27.4647],[30.2135,-27.4769],[30.2192,-27.4864],[30.2296,-27.4697],[30.2436,-27.4714],[30.2377,-27.4564],[30.2695,-27.4612],[30.2762,-27.4481],[30.2959,-27.4567],[30.3038,-27.4489],[30.2938,-27.4403],[30.3068,-27.4253],[30.311,-27.4251],[30.3063,-27.4118],[30.2873,-27.424],[30.2742,-27.4238],[30.2589,-27.432],[30.2603,-27.4382],[30.2449,-27.451],[30.2378,-27.4495],[30.2336,-27.4383],[30.2435,-27.4318],[30.2467,-27.4182],[30.24,-27.4131],[30.2526,-27.391],[30.2596,-27.3921],[30.2625,-27.4044],[30.2712,-27.4028],[30.2814,-27.394],[30.2745,-27.3835],[30.2593,-27.3853],[30.2477,-27.383],[30.2385,-27.385]]]},"properties":{"tmax":33.75227269,"brucode":"UVd1b","tmin":-9.73409096,"bru_clean":"UVd1","tmean":13.97045454,"map":740.56818182}},
{"type":"Feature","geometry":{"type":"Polygon","coordinates":[[[30.0514,-27.4245],[30.0451,-27.4385],[30.0384,-27.4436],[30.03,-27.4378],[30.0213,-27.4401],[30.0116,-27.4303],[30.0042,-27.4345],[30.0155,-27.443],[30.0262,-27.4446],[30.0109,-27.464],[30.0085,-27.4406],[30.0024,-27.4457],[30.0038,-27.4632],[30.0102,-27.4766],[30.0165,-27.4649],[30.0298,-27.461],[30.0469,-27.4729],[30.0563,-27.4697],[30.0647,-27.4753],[30.0865,-27.4678],[30.0875,-27.4435],[30.0951,-27.4461],[30.1024,-27.4431],[30.1092,-27.4466],[30.1025,-27.4601],[30.1193,-27.464],[30.1151,-27.4512],[30.1214,-27.4479],[30.1133,-27.4368],[30.0955,-27.4434],[30.0855,-27.4417],[30.0816,-27.4492],[30.083,-27.4592],[30.068,-27.4555],[30.0582,-27.4407],[30.0913,-27.4151],[30.1007,-27.4329],[30.1062,-27.4204],[30.1084,-27.407],[30.1319,-27.4037],[30.1082,-27.3841],[30.0943,-27.3819],[30.0853,-27.387],[30.0667,-27.3824],[30.0667,-27.3932],[30.0745,-27.3917],[30.0914,-27.4026],[30.0766,-27.413],[30.0629,-27.4052],[30.0553,-27.4062],[30.0614,-27.4182],[30.0514,-27.4245]]]},"properties":{"tmax":33.75227269,"brucode":"UVd1a","tmin":-9.73409096,"bru_clean":"UVd1","tmean":13.97045454,"map":740.56818182}},
{"type":"Feature","geometry":{"type":"Polygon","coordinates":[[[30.195,-27.3977],[30.2156,-27.4154],[30.2158,-27.4248],[30.2097,-27.4282],[30.2059,-27.438],[30.2127,-27.4414],[30.2267,-27.4269],[30.2289,-27.4162],[30.2365,-27.4122],[30.2446,-27.3936],[30.2385,-27.385],[30.2291,-27.3914],[30.2251,-27.41],[30.2073,-27.4003],[30.195,-27.3977]]]},"properties":{"tmax":33.73111089,"brucode":"We1c","tmin":-9.89555567,"bru_clean":"We1","tmean":13.87111113,"map":757.02173913}},
{"type":"Feature","geometry":{"type":"Polygon","coordinates":[[[30.1023,-27.5],[30.0937,-27.4962],[30.0787,-27.4994],[30.0742,-27.4873],[30.0822,-27.4827],[30.0865,-27.4678],[30.0647,-27.4753],[30.0563,-27.4697],[30.0469,-27.4729],[30.0298,-27.461],[30.0165,-27.4649],[30.0102,-27.4766],[30.0038,-27.4632],[30.0024,-27.4457],[30.0085,-27.4406],[30.0109,-27.464],[30.0262,-27.4446],[30.0155,-27.443],[30.0042,-27.4345],[30.0116,-27.4303],[30.0213,-27.4401],[30.03,-27.4378],[30.0384,-27.4436],[30.0451,-27.4385],[30.0514,-27.4245],[30.0433,-27.4159],[30.0327,-27.4223],[30.0205,-27.4194],[30.0116,-27.4004],[30.0079,-27.3998],[30.0066,-27.4097],[29.9942,-27.4091],[29.9789,-27.4193],[29.9796,-27.4287],[29.9854,-27.4337],[29.9941,-27.4309],[29.9904,-27.4457],[29.9828,-27.4514],[29.9591,-27.4492],[29.9515,-27.4369],[29.9398,-27.4438],[29.9415,-27.452],[29.934,-27.457],[29.9294,-27.4706],[29.9365,-27.4787],[29.9491,-27.4787],[29.9557,-27.4893],[29.9683,-27.4797],[29.9725,-27.4871],[29.9628,-27.5065],[29.9716,-27.5103],[29.9694,-27.5167],[29.9888,-27.5185],[30.0023,-27.5017],[30.0085,-27.5067],[30.0201,-27.5033],[30.0269,-27.493],[30.0364,-27.4916],[30.0352,-27.5111],[30.0409,-27.523],[30.0534,-27.5184],[30.0536,-27.5275],[30.0746,-27.5244],[30.0855,-27.5272],[30.0995,-27.5242],[30.1114,-27.5393],[30.1287,-27.5448],[30.124,-27.5617],[30.1276,-27.5665],[30.1457,-27.5671],[30.1505,-27.5786],[30.1678,-27.5762],[30.1994,-27.5541],[30.2045,-27.5643],[30.2152,-27.5758],[30.2344,-27.5862],[30.2332,-27.5966],[30.2404,-27.6034],[30.2503,-27.6058],[30.2556,-27.6158],[30.2741,-27.618],[30.2788,-27.6255],[30.3053,-27.649],[30.3173,-27.6449],[30.3118,-27.6381],[30.2847,-27.608],[30.2963,-27.5945],[30.2957,-27.5707],[30.2893,-27.5697],[30.2795,-27.5587],[30.2899,-27.5753],[30.2894,-27.5822],[30.2602,-27.5881],[30.25,-27.5638],[30.2376,-27.5562],[30.2216,-27.5362],[30.2145,-27.524],[30.2003,-27.5211],[30.1712,-27.5397],[30.1497,-27.5315],[30.1453,-27.5385],[30.1287,-27.5281],[30.1213,-27.5311],[30.1165,-27.5213],[30.1065,-27.514],[30.0935,-27.5123],[30.0928,-27.5056],[30.1023,-27.5]]]},"properties":{"tmax":35.20327896,"brucode":"Wd2","tmin":-8.53606554,"bru_clean":"Wd2","tmean":15.61147538,"map":834.33333333}},
{"type":"Feature","geometry":{"type":"Polygon","coordinates":[[[31.0695,-27.4162],[31.0786,-27.4409],[31.0715,-27.4484],[31.0677,-27.4591],[31.0608,-27.4612],[31.0508,-27.4807],[31.05,-27.4845],[31.0627,-27.4899],[31.0686,-27.5048],[31.0808,-27.5001],[31.0777,-27.49],[31.0926,-27.4916],[31.1033,-27.4809],[31.1076,-27.4714],[31.0837,-27.4684],[31.0784,-27.4604],[31.1014,-27.4588],[31.1118,-27.4486],[31.1263,-27.4461],[31.1301,-27.4413],[31.1049,-27.4411],[31.0906,-27.4428],[31.0849,-27.4352],[31.0916,-27.4267],[31.0798,-27.4146],[31.0695,-27.4162]]]},"properties":{"tmax":37.72000084,"brucode":"Uc4","tmin":-1.33999999,"bru_clean":"Uc4","tmean":18.46000004,"map":807.09090909}},
{"type":"Feature","geometry":{"type":"Polygon","coordinates":[[[29.8223,-27.4213],[29.8115,-27.4356],[29.8114,-27.4461],[29.7991,-27.4512],[29.7909,-27.4592],[29.7734,-27.4538],[29.7579,-27.4429],[29.7352,-27.4507],[29.7154,-27.4643],[29.7289,-27.4666],[29.7391,-27.4573],[29.7489,-27.465],[29.782,-27.4701],[29.7945,-27.4819],[29.8103,-27.4883],[29.8227,-27.4764],[29.8352,-27.4774],[29.8474,-27.4587],[29.8423,-27.449],[29.8278,-27.4493],[29.8186,-27.4445],[29.8263,-27.4364],[29.8287,-27.4242],[29.8223,-27.4213]]]},"properties":{"tmax":34.1909093,"brucode":"Ye1","tmin":-9.14545449,"bru_clean":"Ye1","tmean":14.50909086,"map":779.27272727}},
{"type":"Feature","geometry":{"type":"Polygon","coordinates":[[[30.311,-27.4251],[30.3068,-27.4253],[30.2938,-27.4403],[30.3038,-27.4489],[30.2959,-27.4567],[30.2762,-27.4481],[30.2695,-27.4612],[30.2377,-27.4564],[30.2436,-27.4714],[30.2296,-27.4697],[30.2192,-27.4864],[30.2135,-27.4769],[30.2147,-27.4647],[30.2084,-27.4598],[30.1968,-27.476],[30.1991,-27.455],[30.1852,-27.4726],[30.1712,-27.4642],[30.1657,-27.4683],[30.15,-27.4513],[30.1339,-27.4457],[30.1327,-27.4412],[30.1168,-27.436],[30.1133,-27.4368],[30.1214,-27.4479],[30.1151,-27.4512],[30.1193,-27.464],[30.1025,-27.4601],[30.1092,-27.4466],[30.1024,-27.4431],[30.0951,-27.4461],[30.0875,-27.4435],[30.0865,-27.4678],[30.0822,-27.4827],[30.0742,-27.4873],[30.0787,-27.4994],[30.0937,-27.4962],[30.1023,-27.5],[30.0963,-27.4922],[30.1044,-27.4742],[30.1104,-27.4904],[30.1148,-27.4943],[30.1111,-27.5101],[30.128,-27.5093],[30.1463,-27.5031],[30.1599,-27.512],[30.1642,-27.4976],[30.1446,-27.4967],[30.1343,-27.4984],[30.1344,-27.4811],[30.1406,-27.4774],[30.153,-27.4803],[30.1675,-27.4768],[30.1771,-27.4879],[30.1912,-27.4809],[30.1906,-27.4974],[30.1959,-27.4965],[30.205,-27.478],[30.2223,-27.5013],[30.2281,-27.4888],[30.2281,-27.4769],[30.245,-27.485],[30.2474,-27.5047],[30.2562,-27.5],[30.2599,-27.4917],[30.2685,-27.4959],[30.2848,-27.4919],[30.2986,-27.5011],[30.3079,-27.4945],[30.2923,-27.4901],[30.2762,-27.4893],[30.2774,-27.4804],[30.2854,-27.4705],[30.2787,-27.4643],[30.2919,-27.4596],[30.2998,-27.4682],[30.3154,-27.4687],[30.3084,-27.4492],[30.3022,-27.4453],[30.3101,-27.4347],[30.311,-27.4251]]]},"properties":{"tmax":33.73111089,"brucode":"We1d","tmin":-9.89555567,"bru_clean":"We1","tmean":13.87111113,"map":757.02173913}},
{"type":"Feature","geometry":{"type":"Polygon","coordinates":[[[30.8988,-27.4448],[30.8742,-27.4293],[30.8672,-27.4401],[30.8741,-27.4755],[30.8804,-27.4848],[30.8728,-27.4957],[30.8772,-27.5129],[30.8874,-27.5118],[30.8886,-27.5053],[30.8996,-27.5034],[30.9186,-27.5081],[30.9294,-27.5025],[30.9299,-27.4915],[30.9071,-27.4913],[30.9059,-27.483],[30.9131,-27.4787],[30.8969,-27.4685],[30.8988,-27.4448]]]},"properties":{"tmax":37.28659228,"brucode":"Uc3a","tmin":-1.57150838,"bru_clean":"Uc3","tmean":17.45754185,"map":805.04972376}},
{"type":"Feature","geometry":{"type":"Polygon","coordinates":[[[31.4676,-27.4911],[31.4652,-27.5029],[31.4798,-27.5121],[31.4935,-27.51],[31.4976,-27.505],[31.4911,-27.4963],[31.4926,-27.4905],[31.5031,-27.485],[31.5186,-27.4893],[31.5061,-27.4695],[31.5056,-27.4603],[31.5111,-27.453],[31.5052,-27.4444],[31.4979,-27.4437],[31.4905,-27.45],[31.4814,-27.4657],[31.4796,-27.4767],[31.4739,-27.4798],[31.4676,-27.4911]]]},"properties":{"tmax":38.98571341,"brucode":"Ub5","tmin":-3.35714286,"bru_clean":"Ub5","tmean":18.78571401,"map":820.28571429}},
{"type":"Feature","geometry":{"type":"Polygon","coordinates":[[[29.9124,-27.5024],[29.9184,-27.5084],[29.9444,-27.493],[29.9557,-27.4893],[29.9491,-27.4787],[29.9365,-27.4787],[29.9294,-27.4706],[29.934,-27.457],[29.9415,-27.452],[29.9398,-27.4438],[29.9196,-27.4563],[29.9175,-27.4679],[29.9194,-27.4779],[29.9287,-27.4858],[29.9179,-27.4895],[29.9124,-27.5024]]]},"properties":{"tmax":34.95517218,"brucode":"Yd2b","tmin":-8.29655172,"bru_clean":"Yd2","tmean":15.34137933,"map":856.21428571}},
{"type":"Feature","geometry":{"type":"Polygon","coordinates":[[[29.8474,-27.4587],[29.8352,-27.4774],[29.8419,-27.4867],[29.8431,-27.5015],[29.8346,-27.5085],[29.8255,-27.5092],[29.8179,-27.5169],[29.8094,-27.5024],[29.8045,-27.5148],[29.7969,-27.51],[29.7917,-27.4985],[29.7764,-27.495],[29.7667,-27.5037],[29.773,-27.5145],[29.8006,-27.5351],[29.8208,-27.5397],[29.8347,-27.5521],[29.8413,-27.5537],[29.8452,-27.5429],[29.8513,-27.5426],[29.8623,-27.5511],[29.8755,-27.5438],[29.8823,-27.5281],[29.89,-27.5313],[29.8979,-27.5209],[29.9036,-27.5164],[29.8988,-27.5054],[29.9057,-27.5015],[29.9115,-27.4864],[29.9069,-27.4748],[29.9088,-27.4668],[29.8954,-27.4634],[29.8713,-27.4616],[29.8663,-27.4571],[29.8474,-27.4587]]]},"properties":{"tmax":34.95517218,"brucode":"Yd2a","tmin":-8.29655172,"bru_clean":"Yd2","tmean":15.34137933,"map":856.21428571}},
{"type":"Feature","geometry":{"type":"Polygon","coordinates":[[[29.7154,-27.4643],[29.7084,-27.4618],[29.7036,-27.4712],[29.7323,-27.4879],[29.7216,-27.4883],[29.7112,-27.4982],[29.7127,-27.518],[29.7249,-27.524],[29.736,-27.5196],[29.7463,-27.5248],[29.7558,-27.5212],[29.7666,-27.5246],[29.7757,-27.5383],[29.7911,-27.5294],[29.7882,-27.5428],[29.7841,-27.5457],[29.8017,-27.5676],[29.8037,-27.5791],[29.7971,-27.5874],[29.807,-27.5911],[29.8111,-27.6019],[29.8019,-27.6092],[29.7931,-27.6091],[29.7931,-27.6176],[29.7827,-27.6215],[29.7756,-27.6161],[29.7598,-27.6232],[29.7706,-27.633],[29.7564,-27.6456],[29.7635,-27.6545],[29.7576,-27.6673],[29.7697,-27.6732],[29.7781,-27.6635],[29.7811,-27.6546],[29.7786,-27.6413],[29.7826,-27.6376],[29.7953,-27.6381],[29.8087,-27.6462],[29.8293,-27.6509],[29.826,-27.6599],[29.8328,-27.6669],[29.8489,-27.6672],[29.8563,-27.6617],[29.8542,-27.654],[29.8425,-27.6427],[29.8632,-27.6266],[29.8665,-27.6205],[29.8447,-27.6223],[29.8399,-27.6133],[29.8402,-27.5962],[29.8358,-27.5833],[29.8436,-27.5803],[29.8366,-27.5597],[29.8475,-27.5594],[29.8595,-27.5641],[29.8744,-27.5767],[29.9021,-27.5681],[29.9083,-27.544],[29.9026,-27.5357],[29.9042,-27.5236],[29.8979,-27.5209],[29.89,-27.5313],[29.8823,-27.5281],[29.8755,-27.5438],[29.8623,-27.5511],[29.8513,-27.5426],[29.8452,-27.5429],[29.8413,-27.5537],[29.8347,-27.5521],[29.8208,-27.5397],[29.8006,-27.5351],[29.773,-27.5145],[29.7667,-27.5037],[29.7764,-27.495],[29.7917,-27.4985],[29.7969,-27.51],[29.8045,-27.5148],[29.8094,-27.5024],[29.8179,-27.5169],[29.8255,-27.5092],[29.8346,-27.5085],[29.8431,-27.5015],[29.8419,-27.4867],[29.8352,-27.4774],[29.8227,-27.4764],[29.8103,-27.4883],[29.7945,-27.4819],[29.782,-27.4701],[29.7489,-27.465],[29.7391,-27.4573],[29.7289,-27.4666],[29.7154,-27.4643]]]},"properties":{"tmax":35.72199974,"brucode":"Vd1","tmin":-7.93800003,"bru_clean":"Vd1","tmean":15.77200003,"map":753.74509804}},
{"type":"Feature","geometry":{"type":"Polygon","coordinates":[[[31.2711,-27.5426],[31.2864,-27.5389],[31.297,-27.5471],[31.3012,-27.5544],[31.3104,-27.5562],[31.3135,-27.565],[31.3257,-27.5552],[31.3406,-27.5527],[31.3461,-27.5411],[31.3451,-27.5366],[31.3538,-27.5163],[31.349,-27.5091],[31.35,-27.4918],[31.3417,-27.489],[31.3406,-27.5017],[31.3316,-27.5016],[31.3265,-27.5212],[31.3221,-27.5261],[31.3103,-27.5283],[31.3016,-27.5252],[31.3006,-27.5106],[31.2966,-27.4924],[31.3114,-27.4803],[31.3026,-27.4659],[31.2893,-27.484],[31.2934,-27.4907],[31.2901,-27.5048],[31.2931,-27.5122],[31.2904,-27.5214],[31.2804,-27.5225],[31.2703,-27.5153],[31.2572,-27.5151],[31.2617,-27.5058],[31.25,-27.4985],[31.2473,-27.5071],[31.2339,-27.5097],[31.2501,-27.5292],[31.2672,-27.5246],[31.2649,-27.5395],[31.2711,-27.5426]]]},"properties":{"tmax":38.58000031,"brucode":"Ub3","tmin":-3.24000001,"bru_clean":"Ub3","tmean":18,"map":801.2}},
{"type":"Feature","geometry":{"type":"Polygon","coordinates":[[[31.7608,-27.4739],[31.7513,-27.4738],[31.745,-27.4793],[31.7527,-27.4872],[31.7557,-27.497],[31.7394,-27.4998],[31.7299,-27.5096],[31.7143,-27.4876],[31.7085,-27.4894],[31.6969,-27.5017],[31.6995,-27.5073],[31.6825,-27.5114],[31.6783,-27.5264],[31.6969,-27.5369],[31.7013,-27.5417],[31.723,-27.5405],[31.7275,-27.5215],[31.7473,-27.5153],[31.7492,-27.5242],[31.7557,-27.5311],[31.766,-27.5275],[31.7631,-27.5212],[31.7695,-27.5008],[31.7649,-27.4927],[31.7655,-27.4827],[31.7608,-27.4739]]]},"properties":{"tmax":40.30604389,"brucode":"TUb3d","tmin":-1.1543956,"bru_clean":"TUb3","tmean":19.48406592,"map":767.45856354}},
{"type":"Feature","geometry":{"type":"Polygon","coordinates":[[[31.3461,-27.5411],[31.3406,-27.5527],[31.3257,-27.5552],[31.3135,-27.565],[31.3104,-27.5562],[31.3012,-27.5544],[31.297,-27.5471],[31.2864,-27.5389],[31.2711,-27.5426],[31.2625,-27.5507],[31.2657,-27.5617],[31.2464,-27.5784],[31.2391,-27.5892],[31.2448,-27.5925],[31.2543,-27.5831],[31.2584,-27.5752],[31.2671,-27.5711],[31.2786,-27.5516],[31.2872,-27.5615],[31.2977,-27.5613],[31.3029,-27.5833],[31.3083,-27.5876],[31.3162,-27.5757],[31.3317,-27.5673],[31.3417,-27.5666],[31.3542,-27.559],[31.3679,-27.5493],[31.3708,-27.5387],[31.3819,-27.5386],[31.3854,-27.5314],[31.4019,-27.5265],[31.4124,-27.5152],[31.4105,-27.5038],[31.415,-27.5013],[31.4151,-27.4824],[31.4319,-27.4878],[31.4442,-27.5015],[31.4578,-27.5053],[31.4652,-27.5029],[31.4676,-27.4911],[31.4487,-27.4927],[31.4483,-27.4846],[31.4386,-27.4744],[31.4177,-27.4665],[31.4064,-27.4678],[31.4046,-27.4845],[31.409,-27.4938],[31.404,-27.5039],[31.4037,-27.5159],[31.3984,-27.5204],[31.3879,-27.5197],[31.3835,-27.5257],[31.3667,-27.5336],[31.3591,-27.534],[31.3461,-27.5411]]]},"properties":{"tmax":38.14285714,"brucode":"Vc7","tmin":-3.32142855,"bru_clean":"Vc7","tmean":17.44999995,"map":913}},
{"type":"Feature","geometry":{"type":"Polygon","coordinates":[[[31.2281,-27.6224],[31.2335,-27.6309],[31.2313,-27.6408],[31.2232,-27.6475],[31.2252,-27.6572],[31.2215,-27.6665],[31.2323,-27.6662],[31.2413,-27.6581],[31.25,-27.6695],[31.265,-27.6798],[31.2672,-27.6678],[31.2577,-27.6671],[31.252,-27.6514],[31.257,-27.6501],[31.2603,-27.6383],[31.2478,-27.6318],[31.2479,-27.6237],[31.2568,-27.6181],[31.2613,-27.6291],[31.2756,-27.6362],[31.273,-27.6492],[31.2824,-27.6484],[31.2766,-27.6237],[31.3035,-27.6324],[31.3056,-27.6489],[31.3133,-27.6539],[31.3259,-27.6691],[31.3294,-27.6827],[31.3486,-27.7002],[31.3534,-27.6976],[31.3537,-27.6837],[31.3596,-27.676],[31.3669,-27.6753],[31.3809,-27.6806],[31.3903,-27.6751],[31.3776,-27.6679],[31.3665,-27.6728],[31.3583,-27.6684],[31.3552,-27.6597],[31.345,-27.6573],[31.3414,-27.6443],[31.379,-27.6477],[31.3942,-27.6419],[31.3751,-27.6356],[31.3611,-27.6367],[31.3482,-27.6286],[31.3502,-27.6122],[31.3458,-27.6073],[31.35,-27.597],[31.3789,-27.5976],[31.3849,-27.5781],[31.39,-27.5705],[31.4042,-27.5758],[31.4093,-27.5745],[31.4049,-27.5579],[31.4256,-27.5659],[31.4304,-27.5484],[31.4517,-27.5474],[31.4456,-27.5379],[31.4502,-27.5287],[31.4441,-27.5172],[31.4562,-27.5111],[31.4668,-27.5238],[31.4741,-27.5277],[31.4693,-27.5358],[31.4702,-27.5498],[31.4815,-27.547],[31.476,-27.5366],[31.4869,-27.5339],[31.4901,-27.5464],[31.5024,-27.5411],[31.5031,-27.5317],[31.4939,-27.5325],[31.4839,-27.5225],[31.4935,-27.51],[31.4798,-27.5121],[31.4652,-27.5029],[31.4578,-27.5053],[31.4442,-27.5015],[31.4319,-27.4878],[31.4151,-27.4824],[31.415,-27.5013],[31.4105,-27.5038],[31.4124,-27.5152],[31.4019,-27.5265],[31.3854,-27.5314],[31.3819,-27.5386],[31.3708,-27.5387],[31.3679,-27.5493],[31.3542,-27.559],[31.361,-27.5677],[31.3501,-27.5908],[31.3431,-27.5928],[31.3401,-27.601],[31.3301,-27.6124],[31.3433,-27.6152],[31.343,-27.6321],[31.3338,-27.6318],[31.3208,-27.6375],[31.3232,-27.6462],[31.31,-27.6474],[31.3139,-27.6363],[31.3061,-27.621],[31.2872,-27.6168],[31.2838,-27.6068],[31.2892,-27.595],[31.2543,-27.5831],[31.2448,-27.5925],[31.2391,-27.5892],[31.2289,-27.5753],[31.2203,-27.5775],[31.217,-27.5903],[31.2187,-27.6144],[31.2281,-27.6224]]]},"properties":{"tmax":38.30476207,"brucode":"Wc7","tmin":-2.2357143,"bru_clean":"Wc7","tmean":17.66428584,"map":827.19512195}},
{"type":"Feature","geometry":{"type":"Polygon","coordinates":[[[31.0414,-27.5832],[31.0517,-27.6016],[31.0597,-27.603],[31.0648,-27.6145],[31.0471,-27.6205],[31.0569,-27.6399],[31.0249,-27.6455],[31.0226,-27.6339],[31.0092,-27.6293],[31.0037,-27.6132],[31.0036,-27.6018],[30.9992,-27.5883],[30.9875,-27.5913],[30.9855,-27.5842],[31.0045,-27.5562],[30.9935,-27.5494],[30.9858,-27.5402],[30.9882,-27.5319],[31.008,-27.5288],[31.0016,-27.5228],[31.0055,-27.5111],[30.9825,-27.5251],[30.9729,-27.5259],[30.9595,-27.5377],[30.9525,-27.5243],[30.9471,-27.5332],[30.9296,-27.5233],[30.9267,-27.5381],[30.9223,-27.542],[30.9073,-27.525],[30.8898,-27.5164],[30.8833,-27.5349],[30.8916,-27.5395],[30.9077,-27.5663],[30.912,-27.5785],[30.9268,-27.5821],[30.9241,-27.5942],[30.9175,-27.595],[30.9217,-27.6097],[30.9333,-27.6101],[30.9356,-27.6201],[30.9283,-27.6315],[30.9285,-27.6415],[30.9224,-27.6573],[30.91,-27.6583],[30.8995,-27.6905],[30.902,-27.6989],[30.9123,-27.7084],[30.9069,-27.7183],[30.9231,-27.7187],[30.9304,-27.7103],[30.9445,-27.7069],[30.9477,-27.6971],[30.9624,-27.699],[30.9683,-27.6955],[30.966,-27.68],[30.9884,-27.6751],[31.0078,-27.6577],[31.0016,-27.6459],[31.0036,-27.6348],[31.015,-27.6484],[31.0111,-27.6568],[31.0272,-27.6713],[31.041,-27.651],[31.0565,-27.6542],[31.0761,-27.632],[31.0806,-27.6349],[31.0813,-27.6475],[31.0877,-27.6503],[31.0959,-27.6237],[31.0715,-27.6108],[31.0597,-27.5956],[31.073,-27.5859],[31.0654,-27.5751],[31.0626,-27.5654],[31.0764,-27.544],[31.0901,-27.5287],[31.0971,-27.5315],[31.0973,-27.5462],[31.0881,-27.5424],[31.0777,-27.5591],[31.0816,-27.5702],[31.0927,-27.5665],[31.0992,-27.5875],[31.0923,-27.6032],[31.0956,-27.6139],[31.1028,-27.6228],[31.1037,-27.6347],[31.1166,-27.6466],[31.1346,-27.6483],[31.1497,-27.6415],[31.1512,-27.6526],[31.1609,-27.6574],[31.1615,-27.6671],[31.1478,-27.6588],[31.1428,-27.6663],[31.1284,-27.6652],[31.1231,-27.6611],[31.121,-27.6661],[31.1267,-27.6768],[31.1366,-27.6855],[31.1285,-27.6939],[31.133,-27.6987],[31.1548,-27.6949],[31.1605,-27.7042],[31.1434,-27.7099],[31.1412,-27.734],[31.131,-27.7332],[31.152,-27.7407],[31.1658,-27.7408],[31.1805,-27.7501],[31.1811,-27.7695],[31.2071,-27.7795],[31.214,-27.7767],[31.2285,-27.7833],[31.2403,-27.7808],[31.2435,-27.7887],[31.2509,-27.7885],[31.2579,-27.7788],[31.2548,-27.7677],[31.2789,-27.7724],[31.2892,-27.7811],[31.3057,-27.7798],[31.3072,-27.7678],[31.3031,-27.7588],[31.3085,-27.7531],[31.3087,-27.739],[31.3243,-27.7428],[31.3275,-27.7524],[31.3257,-27.776],[31.321,-27.7823],[31.3181,-27.7961],[31.3275,-27.7971],[31.3387,-27.7934],[31.3445,-27.7831],[31.3509,-27.7822],[31.3558,-27.7712],[31.3688,-27.7595],[31.3373,-27.7536],[31.3423,-27.7401],[31.3347,-27.7352],[31.3261,-27.7369],[31.3137,-27.7304],[31.3045,-27.7347],[31.2877,-27.7517],[31.2831,-27.7419],[31.2908,-27.7362],[31.2933,-27.7238],[31.2862,-27.7211],[31.2723,-27.7265],[31.2702,-27.739],[31.2592,-27.7542],[31.2448,-27.7644],[31.2323,-27.77],[31.2315,-27.7517],[31.2258,-27.752],[31.2195,-27.7394],[31.2393,-27.7332],[31.2393,-27.7205],[31.2303,-27.7084],[31.2273,-27.6983],[31.221,-27.6976],[31.2224,-27.6865],[31.2478,-27.6919],[31.2476,-27.6992],[31.2569,-27.7012],[31.2695,-27.6911],[31.2676,-27.6845],[31.289,-27.6774],[31.2843,-27.6688],[31.2886,-27.653],[31.2894,-27.6337],[31.2981,-27.6333],[31.2984,-27.6448],[31.3056,-27.6574],[31.2976,-27.6697],[31.2976,-27.6775],[31.3069,-27.685],[31.3109,-27.6943],[31.3176,-27.6969],[31.3294,-27.6827],[31.3259,-27.6691],[31.3133,-27.6539],[31.3056,-27.6489],[31.3035,-27.6324],[31.2766,-27.6237],[31.2824,-27.6484],[31.273,-27.6492],[31.2756,-27.6362],[31.2613,-27.6291],[31.2568,-27.6181],[31.2479,-27.6237],[31.2478,-27.6318],[31.2603,-27.6383],[31.257,-27.6501],[31.252,-27.6514],[31.2577,-27.6671],[31.2672,-27.6678],[31.265,-27.6798],[31.25,-27.6695],[31.2413,-27.6581],[31.2323,-27.6662],[31.2215,-27.6665],[31.2252,-27.6572],[31.2232,-27.6475],[31.2313,-27.6408],[31.2335,-27.6309],[31.2281,-27.6224],[31.2283,-27.6323],[31.2035,-27.6217],[31.1939,-27.6137],[31.1927,-27.6023],[31.1814,-27.6133],[31.173,-27.6091],[31.1735,-27.6004],[31.1793,-27.5953],[31.1806,-27.5862],[31.1715,-27.5837],[31.1567,-27.574],[31.1692,-27.5629],[31.1675,-27.5566],[31.1549,-27.5583],[31.1505,-27.5436],[31.1341,-27.5388],[31.1292,-27.5475],[31.1211,-27.5515],[31.0986,-27.5511],[31.1093,-27.5358],[31.1153,-27.5222],[31.1272,-27.5284],[31.1499,-27.514],[31.1593,-27.5164],[31.1779,-27.5002],[31.181,-27.488],[31.1745,-27.4817],[31.1561,-27.4749],[31.1387,-27.4855],[31.1474,-27.4923],[31.1409,-27.5086],[31.1335,-27.5133],[31.1243,-27.5114],[31.1168,-27.5176],[31.1062,-27.5158],[31.0963,-27.5257],[31.0846,-27.5276],[31.0786,-27.5386],[31.0569,-27.5599],[31.0505,-27.5712],[31.0443,-27.5652],[31.0369,-27.5695],[31.0414,-27.5832]]]},"properties":{"tmax":37.28659228,"brucode":"Uc3b","tmin":-1.57150838,"bru_clean":"Uc3","tmean":17.45754185,"map":805.04972376}},
{"type":"Feature","geometry":{"type":"Polygon","coordinates":[[[29.9057,-27.5015],[29.8988,-27.5054],[29.9036,-27.5164],[29.8979,-27.5209],[29.9042,-27.5236],[29.9026,-27.5357],[29.9083,-27.544],[29.9021,-27.5681],[29.8744,-27.5767],[29.8595,-27.5641],[29.8475,-27.5594],[29.8366,-27.5597],[29.8436,-27.5803],[29.8358,-27.5833],[29.8402,-27.5962],[29.8399,-27.6133],[29.8447,-27.6223],[29.8665,-27.6205],[29.8632,-27.6266],[29.8425,-27.6427],[29.8542,-27.654],[29.8563,-27.6617],[29.8489,-27.6672],[29.8474,-27.6745],[29.8625,-27.6693],[29.8693,-27.6702],[29.8745,-27.6789],[29.8842,-27.6856],[29.895,-27.6881],[29.8977,-27.6761],[29.9092,-27.6681],[29.9157,-27.6527],[29.8935,-27.6709],[29.8843,-27.6715],[29.8982,-27.6482],[29.8886,-27.6368],[29.8961,-27.629],[29.9204,-27.6157],[29.93,-27.6163],[29.946,-27.6238],[29.9546,-27.6221],[29.9771,-27.6273],[29.9729,-27.6111],[29.9648,-27.6135],[29.9591,-27.6041],[29.9584,-27.595],[29.9479,-27.5928],[29.9398,-27.5829],[29.9387,-27.5708],[29.9481,-27.5693],[29.9399,-27.5583],[29.9471,-27.5462],[29.9571,-27.5485],[29.9783,-27.548],[29.9914,-27.5419],[30.0047,-27.5252],[30.0063,-27.5177],[30.0023,-27.5017],[29.9888,-27.5185],[29.9694,-27.5167],[29.9716,-27.5103],[29.9628,-27.5065],[29.9725,-27.4871],[29.9683,-27.4797],[29.9557,-27.4893],[29.9444,-27.493],[29.9184,-27.5084],[29.9124,-27.5024],[29.9057,-27.5015]]]},"properties":{"tmax":37.44383543,"brucode":"Vc1b","tmin":-6.93013701,"bru_clean":"Vc1","tmean":17.24931521,"map":766.49315069}},
{"type":"Feature","geometry":{"type":"Polygon","coordinates":[[[30.4594,-27.7601],[30.4561,-27.7651],[30.4624,-27.773],[30.4607,-27.7804],[30.4662,-27.7929],[30.4852,-27.7923],[30.4852,-27.8074],[30.4953,-27.8073],[30.4977,-27.7996],[30.5174,-27.7799],[30.5226,-27.787],[30.536,-27.782],[30.5374,-27.7679],[30.5312,-27.7432],[30.5199,-27.7404],[30.5093,-27.7324],[30.5031,-27.7366],[30.493,-27.7228],[30.4734,-27.7121],[30.474,-27.6953],[30.4675,-27.6921],[30.4692,-27.6815],[30.4887,-27.6898],[30.4883,-27.7012],[30.5142,-27.715],[30.5129,-27.7228],[30.5257,-27.7254],[30.5382,-27.7211],[30.5452,-27.7121],[30.5572,-27.7103],[30.5586,-27.7292],[30.5674,-27.7343],[30.5743,-27.7329],[30.5804,-27.7204],[30.5965,-27.7258],[30.6067,-27.7066],[30.6016,-27.7023],[30.5929,-27.6762],[30.5822,-27.6657],[30.5813,-27.6552],[30.5726,-27.6495],[30.5802,-27.6423],[30.5817,-27.6288],[30.6148,-27.6361],[30.6207,-27.6311],[30.6093,-27.6302],[30.6007,-27.6236],[30.575,-27.6224],[30.5657,-27.6201],[30.5616,-27.611],[30.5653,-27.6045],[30.5636,-27.5944],[30.5388,-27.5979],[30.5424,-27.5811],[30.5356,-27.5768],[30.5228,-27.575],[30.5258,-27.5591],[30.5317,-27.5509],[30.5442,-27.5579],[30.5424,-27.5682],[30.553,-27.5651],[30.565,-27.5682],[30.5699,-27.5575],[30.5605,-27.5451],[30.5779,-27.5402],[30.5767,-27.5237],[30.5723,-27.5113],[30.5625,-27.4934],[30.544,-27.502],[30.5285,-27.4838],[30.5132,-27.483],[30.489,-27.4912],[30.4825,-27.5191],[30.4725,-27.5053],[30.4545,-27.5045],[30.4544,-27.5215],[30.4493,-27.5294],[30.4549,-27.5483],[30.4706,-27.5508],[30.4649,-27.5619],[30.473,-27.5628],[30.468,-27.5741],[30.4753,-27.5809],[30.4878,-27.574],[30.4911,-27.5616],[30.5,-27.5606],[30.5064,-27.5745],[30.4984,-27.5769],[30.4972,-27.5886],[30.5073,-27.5908],[30.5141,-27.6026],[30.5077,-27.6112],[30.5106,-27.6242],[30.5046,-27.6293],[30.4978,-27.623],[30.5039,-27.6073],[30.499,-27.6036],[30.4812,-27.6326],[30.4879,-27.6426],[30.4707,-27.6532],[30.4801,-27.6635],[30.4641,-27.6642],[30.444,-27.6729],[30.4427,-27.68],[30.4569,-27.6787],[30.4586,-27.6874],[30.4501,-27.7022],[30.4571,-27.7054],[30.4652,-27.6998],[30.4636,-27.7181],[30.4782,-27.7197],[30.4748,-27.7346],[30.5013,-27.746],[30.5107,-27.7457],[30.5188,-27.7544],[30.5203,-27.7693],[30.5007,-27.7698],[30.4827,-27.7622],[30.4836,-27.749],[30.4739,-27.7533],[30.4721,-27.7597],[30.4594,-27.7601]]]},"properties":{"tmax":35.95444463,"brucode":"Wd3","tmin":-5.85333332,"bru_clean":"Wd3","tmean":15.85555552,"map":802.125}},
{"type":"Feature","geometry":{"type":"Polygon","coordinates":[[[32.0204,-27.4891],[32.0174,-27.4928],[32.0187,-27.507],[32.0245,-27.5165],[32.0347,-27.5503],[32.0503,-27.5713],[32.0492,-27.5563],[32.0549,-27.5534],[32.0499,-27.5312],[32.0449,-27.5509],[32.0347,-27.5402],[32.0261,-27.5112],[32.0454,-27.5134],[32.034,-27.4971],[32.0204,-27.4891]]]},"properties":{"tmax":41.94999992,"brucode":"Wb3i","tmin":-2.72222219,"bru_clean":"Wb3","tmean":20.05833334,"map":719.08108108}},
{"type":"Feature","geometry":{"type":"Polygon","coordinates":[[[30.0023,-27.5017],[30.0063,-27.5177],[30.0047,-27.5252],[29.9914,-27.5419],[29.9783,-27.548],[29.9571,-27.5485],[29.9471,-27.5462],[29.9399,-27.5583],[29.9481,-27.5693],[29.9387,-27.5708],[29.9398,-27.5829],[29.9479,-27.5928],[29.9584,-27.595],[29.9591,-27.6041],[29.9648,-27.6135],[29.9729,-27.6111],[29.9771,-27.6273],[29.9546,-27.6221],[29.946,-27.6238],[29.93,-27.6163],[29.9204,-27.6157],[29.8961,-27.629],[29.8886,-27.6368],[29.8982,-27.6482],[29.8843,-27.6715],[29.8935,-27.6709],[29.9157,-27.6527],[29.9286,-27.638],[29.9532,-27.6465],[29.9497,-27.6543],[29.9352,-27.6689],[29.9537,-27.6835],[29.9483,-27.6903],[29.9545,-27.7017],[29.9553,-27.7107],[29.9667,-27.7192],[29.9617,-27.7266],[29.938,-27.7505],[29.925,-27.7599],[29.902,-27.7824],[29.9246,-27.7942],[29.9277,-27.7859],[29.9448,-27.7961],[29.9617,-27.8023],[29.9728,-27.7986],[29.9756,-27.8076],[29.9665,-27.8109],[29.9494,-27.8259],[29.9549,-27.8354],[29.9448,-27.8399],[29.9495,-27.8551],[29.9468,-27.8677],[29.9605,-27.8766],[29.9607,-27.8905],[29.9467,-27.8887],[29.9389,-27.8978],[29.9614,-27.9025],[29.9696,-27.9127],[29.959,-27.9214],[29.9545,-27.9303],[29.9612,-27.9355],[29.965,-27.9452],[29.9613,-27.9572],[29.9722,-27.9645],[29.9658,-27.9792],[29.9727,-27.9824],[29.9918,-27.9799],[30.0127,-27.9881],[30.0144,-27.9964],[30.0219,-27.9985],[30.0303,-27.9841],[30.0306,-27.9767],[30.0372,-27.9659],[30.0482,-27.9651],[30.0513,-27.9479],[30.062,-27.9498],[30.0587,-27.9319],[30.0644,-27.9225],[30.0537,-27.9039],[30.0553,-27.8892],[30.0652,-27.8836],[30.0673,-27.8743],[30.074,-27.8722],[30.0674,-27.8571],[30.0608,-27.8496],[30.0638,-27.8426],[30.0569,-27.8271],[30.0589,-27.8139],[30.0573,-27.7989],[30.061,-27.7801],[30.0549,-27.7699],[30.0369,-27.7556],[30.0333,-27.7392],[30.0399,-27.7165],[30.0412,-27.7024],[30.0394,-27.6864],[30.03,-27.678],[30.0064,-27.6436],[30.0015,-27.6173],[30.0095,-27.6105],[30.0082,-27.6025],[30.0171,-27.5913],[30.0221,-27.5942],[30.0299,-27.578],[30.0343,-27.5637],[30.07,-27.5335],[30.0746,-27.5244],[30.0536,-27.5275],[30.0534,-27.5184],[30.0409,-27.523],[30.0352,-27.5111],[30.0364,-27.4916],[30.0269,-27.493],[30.0201,-27.5033],[30.0085,-27.5067],[30.0023,-27.5017]]]},"properties":{"tmax":37.82795021,"brucode":"Uc1","tmin":-6.89254662,"bru_clean":"Uc1","tmean":17.67329193,"map":765.71974522}},
{"type":"Feature","geometry":{"type":"Polygon","coordinates":[[[31.6553,-27.5154],[31.6335,-27.5116],[31.6428,-27.5255],[31.6289,-27.5272],[31.6258,-27.5478],[31.6358,-27.5501],[31.6471,-27.5585],[31.6587,-27.5533],[31.6585,-27.5667],[31.6721,-27.567],[31.6688,-27.5558],[31.6706,-27.5453],[31.6634,-27.5379],[31.6655,-27.5237],[31.6553,-27.5154]]]},"properties":{"tmax":40.30604389,"brucode":"TUb3c","tmin":-1.1543956,"bru_clean":"TUb3","tmean":19.48406592,"map":767.45856354}},
{"type":"Feature","geometry":{"type":"Polygon","coordinates":[[[31.4901,-27.5464],[31.4869,-27.5339],[31.476,-27.5366],[31.4815,-27.547],[31.4702,-27.5498],[31.4693,-27.5358],[31.4741,-27.5277],[31.4668,-27.5238],[31.4562,-27.5111],[31.4441,-27.5172],[31.4502,-27.5287],[31.4456,-27.5379],[31.4517,-27.5474],[31.4304,-27.5484],[31.4256,-27.5659],[31.4049,-27.5579],[31.4093,-27.5745],[31.4042,-27.5758],[31.39,-27.5705],[31.3849,-27.5781],[31.3789,-27.5976],[31.35,-27.597],[31.3458,-27.6073],[31.3502,-27.6122],[31.3482,-27.6286],[31.3611,-27.6367],[31.3751,-27.6356],[31.3843,-27.6249],[31.3946,-27.6267],[31.4061,-27.6174],[31.4169,-27.6191],[31.4306,-27.6148],[31.4356,-27.6005],[31.4289,-27.5984],[31.4147,-27.6055],[31.4126,-27.5923],[31.4248,-27.5903],[31.4265,-27.579],[31.4336,-27.57],[31.4432,-27.5873],[31.4519,-27.5926],[31.4499,-27.5997],[31.4554,-27.6118],[31.4691,-27.5958],[31.4752,-27.5793],[31.483,-27.5882],[31.4873,-27.5767],[31.4956,-27.5656],[31.4819,-27.5675],[31.4928,-27.5548],[31.4901,-27.5464]]]},"properties":{"tmax":38.99230781,"brucode":"Vb3","tmin":-2.06153845,"bru_clean":"Vb3","tmean":18.55384614,"map":759.11538462}},
{"type":"Feature","geometry":{"type":"Polygon","coordinates":[[[32.5913,-27.5474],[32.5902,-27.5606],[32.5853,-27.571],[32.5736,-27.5779],[32.5707,-27.5893],[32.5613,-27.5938],[32.5586,-27.6128],[32.5477,-27.6276],[32.5399,-27.6275],[32.527,-27.6364],[32.5221,-27.6448],[32.5135,-27.6497],[32.5066,-27.6744],[32.5092,-27.6828],[32.5008,-27.702],[32.4976,-27.7197],[32.5035,-27.7236],[32.4958,-27.7389],[32.5023,-27.7525],[32.4949,-27.7566],[32.487,-27.7919],[32.4865,-27.8015],[32.4765,-27.8096],[32.4723,-27.8217],[32.4756,-27.8554],[32.4742,-27.8645],[32.4765,-27.888],[32.4689,-27.9051],[32.4651,-27.9199],[32.4634,-27.9402],[32.4676,-27.9165],[32.4789,-27.8882],[32.4837,-27.8865],[32.4837,-27.8667],[32.4977,-27.8516],[32.5113,-27.8665],[32.5461,-27.8797],[32.5694,-27.8916],[32.577,-27.9016],[32.582,-27.8789],[32.5831,-27.8642],[32.5879,-27.847],[32.5858,-27.8374],[32.5908,-27.8018],[32.5865,-27.7871],[32.5963,-27.75],[32.6123,-27.7253],[32.6157,-27.6976],[32.6206,-27.6892],[32.6208,-27.6779],[32.6259,-27.6732],[32.631,-27.6473],[32.6417,-27.6116],[32.6497,-27.594],[32.6541,-27.5925],[32.6545,-27.5736],[32.6587,-27.5691],[32.6608,-27.5533],[32.6525,-27.5619],[32.6474,-27.5503],[32.6422,-27.5488],[32.6411,-27.5323],[32.6292,-27.5277],[32.6196,-27.5319],[32.6095,-27.541],[32.5977,-27.5374],[32.5913,-27.5474]]]},"properties":{"tmax":42.84274184,"brucode":"XYa1","tmin":3.91451615,"bru_clean":"XYa1","tmean":22.2895158,"map":813.45901639}},
{"type":"Feature","geometry":{"type":"Polygon","coordinates":[[[30.8302,-27.5163],[30.8029,-27.5293],[30.8048,-27.5396],[30.8009,-27.5529],[30.8009,-27.5668],[30.8129,-27.5822],[30.8127,-27.5965],[30.8313,-27.6087],[30.8308,-27.6171],[30.843,-27.6201],[30.8432,-27.6029],[30.8491,-27.6015],[30.8605,-27.5873],[30.8553,-27.5673],[30.8464,-27.5659],[30.8508,-27.5553],[30.8598,-27.5469],[30.8557,-27.541],[30.84,-27.5431],[30.8448,-27.5322],[30.8361,-27.519],[30.8302,-27.5163]]]},"properties":{"tmax":36.50863332,"brucode":"Xc1b","tmin":-4.50647482,"bru_clean":"Xc1","tmean":16.62661869,"map":878.35971223}},
{"type":"Feature","geometry":{"type":"Polygon","coordinates":[[[30.3755,-27.5604],[30.3679,-27.5587],[30.3547,-27.5477],[30.3456,-27.5511],[30.3338,-27.5388],[30.3211,-27.5369],[30.3105,-27.5292],[30.2861,-27.5228],[30.2693,-27.521],[30.259,-27.5389],[30.2602,-27.5566],[30.2795,-27.5587],[30.2893,-27.5697],[30.2957,-27.5707],[30.2963,-27.5945],[30.2847,-27.608],[30.3118,-27.6381],[30.3245,-27.6297],[30.3412,-27.6246],[30.3486,-27.6168],[30.3501,-27.6061],[30.3332,-27.5974],[30.3387,-27.5917],[30.3291,-27.5797],[30.3337,-27.5749],[30.3543,-27.5872],[30.3648,-27.596],[30.3726,-27.6085],[30.3875,-27.6131],[30.3904,-27.6181],[30.3754,-27.6309],[30.386,-27.6436],[30.3791,-27.6509],[30.3666,-27.6564],[30.3706,-27.6672],[30.3788,-27.6752],[30.3971,-27.6727],[30.4167,-27.6639],[30.4114,-27.6413],[30.4019,-27.6364],[30.3951,-27.625],[30.4039,-27.6177],[30.4209,-27.6292],[30.4327,-27.6246],[30.4331,-27.6078],[30.4282,-27.6024],[30.4289,-27.5836],[30.4209,-27.5749],[30.396,-27.5731],[30.3755,-27.5604]]]},"properties":{"tmax":35.41707323,"brucode":"WXd1","tmin":-7.48292681,"bru_clean":"WXd1","tmean":15.68536579,"map":764.92682927}},
{"type":"Feature","geometry":{"type":"Polygon","coordinates":[[[30.0746,-27.5244],[30.07,-27.5335],[30.0343,-27.5637],[30.0299,-27.578],[30.0221,-27.5942],[30.0171,-27.5913],[30.0082,-27.6025],[30.0095,-27.6105],[30.0015,-27.6173],[30.0064,-27.6436],[30.03,-27.678],[30.0394,-27.6864],[30.0412,-27.7024],[30.0399,-27.7165],[30.0333,-27.7392],[30.0369,-27.7556],[30.0549,-27.7699],[30.061,-27.7801],[30.0573,-27.7989],[30.0589,-27.8139],[30.0569,-27.8271],[30.0638,-27.8426],[30.0608,-27.8496],[30.0674,-27.8571],[30.074,-27.8722],[30.0649,-27.8912],[30.0685,-27.8981],[30.0681,-27.9126],[30.0992,-27.9264],[30.1222,-27.9531],[30.1439,-27.9547],[30.1503,-27.9515],[30.1771,-27.969],[30.1889,-27.9707],[30.1956,-27.9882],[30.184,-27.9983],[30.1668,-27.9997],[30.1608,-28.0087],[30.164,-28.0163],[30.1778,-28.0088],[30.1973,-28.016],[30.2081,-28.0331],[30.2145,-28.023],[30.2158,-28.0137],[30.2294,-28.001],[30.2373,-28.003],[30.247,-27.9926],[30.2591,-28.0007],[30.2704,-28.0229],[30.2785,-28.0299],[30.2889,-28.0336],[30.2973,-28.0543],[30.3261,-28.0475],[30.3345,-28.0501],[30.3434,-28.0629],[30.3543,-28.0836],[30.3548,-28.0999],[30.3618,-28.0993],[30.3725,-28.0907],[30.3807,-28.1318],[30.3891,-28.1216],[30.4088,-28.1228],[30.4171,-28.1322],[30.4112,-28.148],[30.4195,-28.1594],[30.4182,-28.172],[30.4272,-28.1703],[30.4401,-28.1749],[30.4436,-28.1844],[30.44,-28.1908],[30.4291,-28.1964],[30.4255,-28.2058],[30.4309,-28.2183],[30.4404,-28.2242],[30.4423,-28.2308],[30.4299,-28.2454],[30.4106,-28.2447],[30.4058,-28.2502],[30.4188,-28.2604],[30.4228,-28.2556],[30.4464,-28.2529],[30.4539,-28.2724],[30.4649,-28.2773],[30.4543,-28.289],[30.4536,-28.2947],[30.428,-28.287],[30.4211,-28.2909],[30.417,-28.3061],[30.4113,-28.3095],[30.3982,-28.3016],[30.3981,-28.3156],[30.4051,-28.3167],[30.4212,-28.3324],[30.4185,-28.34],[30.4256,-28.3448],[30.4268,-28.3587],[30.4424,-28.3545],[30.4527,-28.3605],[30.4585,-28.3682],[30.454,-28.3759],[30.4591,-28.3843],[30.4778,-28.3762],[30.4812,-28.3849],[30.4906,-28.3805],[30.4888,-28.369],[30.4975,-28.3622],[30.5266,-28.3622],[30.5385,-28.359],[30.5424,-28.3509],[30.566,-28.3475],[30.5749,-28.3589],[30.5889,-28.363],[30.5885,-28.3772],[30.5978,-28.372],[30.601,-28.3619],[30.6091,-28.3567],[30.6165,-28.3641],[30.6263,-28.3592],[30.6317,-28.3481],[30.629,-28.3327],[30.6384,-28.3299],[30.6334,-28.3197],[30.6274,-28.3206],[30.6134,-28.3318],[30.603,-28.3311],[30.6059,-28.307],[30.6098,-28.2918],[30.618,-28.2899],[30.6336,-28.2921],[30.6486,-28.2991],[30.6696,-28.2954],[30.6795,-28.2911],[30.6766,-28.2736],[30.6716,-28.2664],[30.6715,-28.2517],[30.6668,-28.2444],[30.6801,-28.2373],[30.6782,-28.2278],[30.6718,-28.2257],[30.6698,-28.2126],[30.6736,-28.2026],[30.6846,-28.1933],[30.6977,-28.1984],[30.6902,-28.2046],[30.696,-28.211],[30.7088,-28.2108],[30.7199,-28.2048],[30.7182,-28.192],[30.7358,-28.1815],[30.7424,-28.1802],[30.7437,-28.1703],[30.7578,-28.1702],[30.7718,-28.1643],[30.7931,-28.1634],[30.7931,-28.1551],[30.8029,-28.1483],[30.8074,-28.1533],[30.8243,-28.1594],[30.8406,-28.1488],[30.8526,-28.1484],[30.8633,-28.1571],[30.8718,-28.1708],[30.8862,-28.1756],[30.8977,-28.1703],[30.9048,-28.176],[30.9049,-28.1858],[30.8942,-28.2048],[30.9025,-28.2136],[30.902,-28.225],[30.8955,-28.2398],[30.9024,-28.2418],[30.9089,-28.2509],[30.9228,-28.2545],[30.9224,-28.2422],[30.9364,-28.2411],[30.9424,-28.2455],[30.9552,-28.2372],[30.953,-28.2262],[30.9428,-28.2393],[30.9379,-28.2305],[30.9438,-28.2167],[30.9286,-28.2094],[30.9332,-28.2056],[30.948,-28.208],[30.9478,-28.1932],[30.958,-28.1961],[30.9613,-28.1902],[30.9558,-28.1814],[30.9563,-28.1707],[30.9647,-28.1542],[30.9478,-28.1476],[30.9455,-28.1405],[30.9542,-28.1351],[30.9712,-28.1369],[30.968,-28.1178],[30.9774,-28.1196],[30.9867,-28.126],[30.9785,-28.1406],[30.9801,-28.1499],[30.9883,-28.1512],[30.987,-28.1615],[30.9911,-28.178],[30.9985,-28.1699],[31.0103,-28.1659],[31.0207,-28.1734],[31.0381,-28.1681],[31.0366,-28.1783],[31.0435,-28.1794],[31.0534,-28.1711],[31.0583,-28.1742],[31.0694,-28.1691],[31.079,-28.1744],[31.0829,-28.162],[31.0683,-28.1501],[31.0682,-28.1375],[31.078,-28.1193],[31.0738,-28.114],[31.0802,-28.1045],[31.0738,-28.0942],[31.0632,-28.087],[31.0535,-28.0866],[31.0447,-28.07],[31.0503,-28.0593],[31.0583,-28.0543],[31.0484,-28.0449],[31.0548,-28.032],[31.0533,-28.0212],[31.0433,-28.0139],[31.0356,-28.0143],[31.0359,-28.0044],[31.0225,-27.9957],[31.0232,-27.9873],[31.0003,-27.9846],[31.0003,-27.9708],[31.0091,-27.9574],[31.0226,-27.9549],[31.0094,-27.9415],[31.022,-27.9357],[31.0217,-27.9348],[31.0213,-27.9305],[31.0047,-27.9302],[30.9862,-27.9241],[30.9762,-27.9156],[30.9613,-27.9216],[30.9506,-27.9181],[30.9358,-27.909],[30.937,-27.8972],[30.9236,-27.8949],[30.9248,-27.8827],[30.9084,-27.877],[30.9002,-27.8923],[30.8786,-27.881],[30.8785,-27.8718],[30.8843,-27.8672],[30.87,-27.8547],[30.8495,-27.8488],[30.8504,-27.8587],[30.8452,-27.8759],[30.8373,-27.8763],[30.8301,-27.8629],[30.8347,-27.853],[30.8259,-27.8461],[30.8198,-27.8284],[30.8025,-27.8291],[30.8041,-27.8606],[30.8223,-27.8733],[30.8231,-27.886],[30.831,-27.8921],[30.8302,-27.8991],[30.8139,-27.9103],[30.7938,-27.9145],[30.7718,-27.9048],[30.7384,-27.902],[30.7348,-27.9105],[30.7258,-27.9134],[30.7283,-27.9276],[30.7381,-27.9362],[30.7464,-27.9308],[30.7539,-27.9429],[30.7436,-27.9581],[30.7344,-27.9603],[30.7334,-27.9693],[30.7467,-27.9729],[30.755,-27.9658],[30.7628,-27.9729],[30.7759,-27.9756],[30.7921,-27.9747],[30.7894,-27.9843],[30.7795,-27.99],[30.7805,-27.9995],[30.794,-28.0156],[30.8067,-28.0137],[30.8293,-28.0388],[30.8111,-28.0425],[30.8055,-28.0494],[30.7955,-28.046],[30.7829,-28.0374],[30.7867,-28.0284],[30.778,-28.0224],[30.7792,-28.0135],[30.7685,-27.9994],[30.7714,-27.9935],[30.7552,-27.9876],[30.7563,-28],[30.7614,-28.0131],[30.7542,-28.0168],[30.7482,-28.0052],[30.754,-27.9972],[30.7383,-27.9763],[30.7229,-27.967],[30.7167,-27.9568],[30.7074,-27.9569],[30.6794,-27.9747],[30.6691,-27.9859],[30.6493,-27.9864],[30.639,-27.9837],[30.6204,-27.9888],[30.6182,-27.9854],[30.6205,-27.9665],[30.6388,-27.9595],[30.6504,-27.9589],[30.6617,-27.9472],[30.6521,-27.9289],[30.653,-27.92],[30.6402,-27.9242],[30.6367,-27.9134],[30.6243,-27.9272],[30.6137,-27.9316],[30.6018,-27.9279],[30.5896,-27.9319],[30.5838,-27.9267],[30.5904,-27.9153],[30.5911,-27.901],[30.58,-27.8938],[30.5872,-27.8892],[30.5901,-27.8788],[30.5855,-27.8697],[30.5941,-27.8501],[30.5887,-27.8454],[30.5865,-27.8298],[30.5722,-27.8209],[30.5565,-27.8217],[30.5466,-27.8347],[30.5403,-27.8289],[30.531,-27.8328],[30.5199,-27.8444],[30.512,-27.8455],[30.5089,-27.8323],[30.5018,-27.8297],[30.4894,-27.8371],[30.4827,-27.8365],[30.4797,-27.8229],[30.4852,-27.8074],[30.4852,-27.7923],[30.4753,-27.7981],[30.4405,-27.7956],[30.4282,-27.8012],[30.4274,-27.7817],[30.4309,-27.7746],[30.4228,-27.764],[30.4118,-27.7604],[30.4225,-27.7465],[30.42,-27.7312],[30.39,-27.7254],[30.3664,-27.7119],[30.3653,-27.7059],[30.3712,-27.6931],[30.371,-27.6828],[30.3535,-27.6621],[30.3666,-27.6564],[30.3791,-27.6509],[30.386,-27.6436],[30.3754,-27.6309],[30.3904,-27.6181],[30.3875,-27.6131],[30.3726,-27.6085],[30.3648,-27.596],[30.3543,-27.5872],[30.3337,-27.5749],[30.3291,-27.5797],[30.3387,-27.5917],[30.3332,-27.5974],[30.3501,-27.6061],[30.3486,-27.6168],[30.3412,-27.6246],[30.3245,-27.6297],[30.3118,-27.6381],[30.3173,-27.6449],[30.3053,-27.649],[30.2788,-27.6255],[30.2741,-27.618],[30.2556,-27.6158],[30.2503,-27.6058],[30.2404,-27.6034],[30.2332,-27.5966],[30.2344,-27.5862],[30.2152,-27.5758],[30.2045,-27.5643],[30.1994,-27.5541],[30.1678,-27.5762],[30.1505,-27.5786],[30.1457,-27.5671],[30.1276,-27.5665],[30.124,-27.5617],[30.1287,-27.5448],[30.1114,-27.5393],[30.0995,-27.5242],[30.0855,-27.5272],[30.0746,-27.5244]],[[30.4881,-27.9735],[30.4949,-27.9811],[30.4913,-27.9973],[30.4681,-27.9896],[30.4525,-27.9942],[30.4448,-28.0033],[30.4506,-28.016],[30.4623,-28.02],[30.4542,-28.029],[30.4524,-28.0366],[30.4231,-28.0402],[30.4244,-28.0227],[30.4178,-28.0088],[30.462,-27.9746],[30.4881,-27.9735]],[[30.5919,-28.2865],[30.5878,-28.2931],[30.5901,-28.3035],[30.5785,-28.3086],[30.5737,-28.3168],[30.5746,-28.3314],[30.5685,-28.3308],[30.5685,-28.3175],[30.5627,-28.3139],[30.5694,-28.2961],[30.5873,-28.2835],[30.5919,-28.2865]],[[30.9072,-27.9536],[30.9164,-27.9549],[30.9301,-27.9489],[30.9274,-27.9413],[30.9396,-27.9406],[30.9398,-27.966],[30.9362,-27.9692],[30.915,-27.9716],[30.9015,-27.9754],[30.8981,-27.9599],[30.8793,-27.9778],[30.8783,-27.9624],[30.8841,-27.9489],[30.8839,-27.9367],[30.8687,-27.93],[30.8687,-27.9216],[30.8797,-27.9202],[30.8994,-27.9233],[30.904,-27.9368],[30.901,-27.9453],[30.9072,-27.9536]]]},"properties":{"tmax":37.30923309,"brucode":"TUc1","tmin":-5.0267312,"bru_clean":"TUc1","tmean":17.4505585,"map":692.25967262}},
{"type":"Feature","geometry":{"type":"Polygon","coordinates":[[[29.7463,-27.5248],[29.7593,-27.5265],[29.7724,-27.5457],[29.7732,-27.5534],[29.7809,-27.5587],[29.7856,-27.5721],[29.7806,-27.5868],[29.7856,-27.5965],[29.7708,-27.5956],[29.7539,-27.6049],[29.7489,-27.6137],[29.7402,-27.6056],[29.7324,-27.6172],[29.7235,-27.6187],[29.7217,-27.6267],[29.6979,-27.6408],[29.6849,-27.6378],[29.6771,-27.6409],[29.674,-27.6485],[29.6964,-27.6468],[29.6936,-27.6533],[29.705,-27.6586],[29.7046,-27.6455],[29.7158,-27.6374],[29.7329,-27.6357],[29.7332,-27.6279],[29.7542,-27.619],[29.7585,-27.6119],[29.7701,-27.6047],[29.7774,-27.6094],[29.7931,-27.6091],[29.8019,-27.6092],[29.8111,-27.6019],[29.807,-27.5911],[29.7971,-27.5874],[29.8037,-27.5791],[29.8017,-27.5676],[29.7841,-27.5457],[29.7882,-27.5428],[29.7911,-27.5294],[29.7757,-27.5383],[29.7666,-27.5246],[29.7558,-27.5212],[29.7463,-27.5248]]]},"properties":{"tmax":35.39230728,"brucode":"Wd1","tmin":-8.30000008,"bru_clean":"Wd1","tmean":15.24615398,"map":716.46153846}},
{"type":"Feature","geometry":{"type":"Polygon","coordinates":[[[32.0727,-27.5298],[32.0714,-27.5362],[32.0809,-27.5651],[32.0924,-27.5618],[32.0833,-27.5539],[32.0865,-27.5394],[32.0758,-27.5398],[32.0727,-27.5298]]]},"properties":{"tmax":41.94999992,"brucode":"Wb3j","tmin":-2.72222219,"bru_clean":"Wb3","tmean":20.05833334,"map":719.08108108}},
{"type":"Feature","geometry":{"type":"Polygon","coordinates":[[[32.664,-27.5389],[32.6608,-27.5533],[32.6587,-27.5691],[32.6545,-27.5736],[32.6541,-27.5925],[32.6497,-27.594],[32.6417,-27.6116],[32.631,-27.6473],[32.6259,-27.6732],[32.6208,-27.6779],[32.6206,-27.6892],[32.6157,-27.6976],[32.6123,-27.7253],[32.5963,-27.75],[32.5865,-27.7871],[32.5908,-27.8018],[32.5858,-27.8374],[32.5879,-27.847],[32.5831,-27.8642],[32.582,-27.8789],[32.577,-27.9016],[32.5746,-27.9102],[32.5802,-27.9213],[32.5808,-27.9498],[32.5743,-27.9768],[32.5676,-27.981],[32.5495,-27.9839],[32.5214,-27.9791],[32.5268,-27.9954],[32.5133,-28.0174],[32.5054,-28.0236],[32.4994,-28.0391],[32.5179,-28.0597],[32.5112,-28.0829],[32.5001,-28.0929],[32.4772,-28.0957],[32.4829,-28.1062],[32.4772,-28.1129],[32.4683,-28.1153],[32.4722,-28.1341],[32.4669,-28.1491],[32.4472,-28.1844],[32.46,-28.1993],[32.4838,-28.2163],[32.4893,-28.2264],[32.4822,-28.2361],[32.4599,-28.2525],[32.4608,-28.2593],[32.4741,-28.2604],[32.4556,-28.2785],[32.4489,-28.2715],[32.4288,-28.2708],[32.4142,-28.2802],[32.4118,-28.2899],[32.4159,-28.2943],[32.4102,-28.3187],[32.4188,-28.3281],[32.4075,-28.3332],[32.4131,-28.34],[32.4125,-28.3709],[32.4073,-28.3853],[32.4268,-28.3799],[32.431,-28.3687],[32.443,-28.3473],[32.462,-28.3207],[32.498,-28.2603],[32.5138,-28.2326],[32.5276,-28.2048],[32.5447,-28.1737],[32.5559,-28.1444],[32.5603,-28.1276],[32.5586,-28.123],[32.5591,-28.0924],[32.5713,-28.0359],[32.5764,-28.0081],[32.5873,-27.9704],[32.595,-27.9269],[32.5902,-27.897],[32.6001,-27.8246],[32.6087,-27.7801],[32.6185,-27.7492],[32.6234,-27.7279],[32.6401,-27.6863],[32.6475,-27.6533],[32.6546,-27.6309],[32.6603,-27.5937],[32.6711,-27.5688],[32.6799,-27.5437],[32.664,-27.5389]]]},"properties":{"tmax":40.45904766,"brucode":"Za1","tmin":2.14666667,"bru_clean":"Za1","tmean":21.62190465,"map":971.33035714}},
{"type":"Feature","geometry":{"type":"Polygon","coordinates":[[[32.4536,-27.6699],[32.4487,-27.6887],[32.4381,-27.7074],[32.4375,-27.7329],[32.4394,-27.7498],[32.4513,-27.7816],[32.4487,-27.7993],[32.4536,-27.8111],[32.4548,-27.8259],[32.4481,-27.8391],[32.4523,-27.8495],[32.4435,-27.874],[32.4436,-27.8914],[32.4399,-27.9016],[32.4247,-27.9151],[32.4226,-27.9244],[32.4131,-27.9369],[32.4247,-27.9498],[32.4151,-27.9867],[32.4248,-27.9921],[32.4352,-27.9735],[32.4425,-27.9746],[32.4525,-27.9688],[32.4634,-27.9402],[32.4651,-27.9199],[32.4689,-27.9051],[32.4765,-27.888],[32.4742,-27.8645],[32.4756,-27.8554],[32.4723,-27.8217],[32.4765,-27.8096],[32.4865,-27.8015],[32.487,-27.7919],[32.4949,-27.7566],[32.5023,-27.7525],[32.4958,-27.7389],[32.5035,-27.7236],[32.4976,-27.7197],[32.5008,-27.702],[32.5092,-27.6828],[32.5066,-27.6744],[32.5135,-27.6497],[32.5221,-27.6448],[32.527,-27.6364],[32.5399,-27.6275],[32.5477,-27.6276],[32.5586,-27.6128],[32.5613,-27.5938],[32.5707,-27.5893],[32.5736,-27.5779],[32.5853,-27.571],[32.5902,-27.5606],[32.5913,-27.5474],[32.5914,-27.543],[32.5843,-27.5392],[32.5854,-27.5606],[32.5664,-27.5679],[32.5608,-27.555],[32.5439,-27.552],[32.5284,-27.5666],[32.5214,-27.5684],[32.5058,-27.5786],[32.5007,-27.5766],[32.4921,-27.5874],[32.4858,-27.6121],[32.4872,-27.6262],[32.4741,-27.6428],[32.4674,-27.6593],[32.4536,-27.6699]]]},"properties":{"tmax":42.79026534,"brucode":"WXa2a","tmin":3.14601769,"bru_clean":"WXa2","tmean":22.25486706,"map":802.5}},
{"type":"Feature","geometry":{"type":"Polygon","coordinates":[[[31.2543,-27.5831],[31.2892,-27.595],[31.2838,-27.6068],[31.2872,-27.6168],[31.3061,-27.621],[31.3139,-27.6363],[31.31,-27.6474],[31.3232,-27.6462],[31.3208,-27.6375],[31.3338,-27.6318],[31.343,-27.6321],[31.3433,-27.6152],[31.3301,-27.6124],[31.3401,-27.601],[31.3431,-27.5928],[31.3501,-27.5908],[31.361,-27.5677],[31.3542,-27.559],[31.3417,-27.5666],[31.3317,-27.5673],[31.3162,-27.5757],[31.3083,-27.5876],[31.3029,-27.5833],[31.2977,-27.5613],[31.2872,-27.5615],[31.2786,-27.5516],[31.2671,-27.5711],[31.2584,-27.5752],[31.2543,-27.5831]]]},"properties":{"tmax":37.47142846,"brucode":"Yc4","tmin":-2.54999999,"bru_clean":"Yc4","tmean":16.46428571,"map":928.42857143}},
{"type":"Feature","geometry":{"type":"Polygon","coordinates":[[[31.5319,-27.5629],[31.5182,-27.566],[31.5149,-27.5771],[31.5079,-27.5772],[31.505,-27.5914],[31.494,-27.597],[31.4912,-27.6122],[31.5018,-27.6231],[31.5246,-27.5914],[31.5306,-27.5939],[31.5286,-27.604],[31.5331,-27.6159],[31.5474,-27.6121],[31.5459,-27.6047],[31.553,-27.5969],[31.5442,-27.5914],[31.5244,-27.5851],[31.5346,-27.5681],[31.5319,-27.5629]]]},"properties":{"tmax":40.62692305,"brucode":"Ub6a","tmin":-0.50769231,"bru_clean":"Ub6","tmean":18.88269245,"map":798.59615385}},
{"type":"Feature","geometry":{"type":"Polygon","coordinates":[[[30.6509,-27.5896],[30.6449,-27.5981],[30.6496,-27.6032],[30.6367,-27.6091],[30.6312,-27.6184],[30.633,-27.626],[30.6223,-27.6352],[30.6105,-27.6412],[30.6024,-27.6514],[30.6047,-27.6655],[30.6155,-27.6696],[30.6113,-27.6757],[30.6153,-27.6836],[30.637,-27.6918],[30.6382,-27.7119],[30.6464,-27.7217],[30.6393,-27.7272],[30.6171,-27.7187],[30.6116,-27.7299],[30.5928,-27.7479],[30.5721,-27.7441],[30.5624,-27.7492],[30.5607,-27.7632],[30.5743,-27.7566],[30.5918,-27.7691],[30.5904,-27.7814],[30.6018,-27.7792],[30.6007,-27.7718],[30.6065,-27.7658],[30.6051,-27.749],[30.6125,-27.7436],[30.6199,-27.7405],[30.6253,-27.7479],[30.6504,-27.7455],[30.6523,-27.7549],[30.6614,-27.765],[30.6702,-27.743],[30.6831,-27.7396],[30.7037,-27.7438],[30.7092,-27.7488],[30.7293,-27.75],[30.7539,-27.7546],[30.7672,-27.753],[30.7733,-27.7594],[30.7876,-27.7534],[30.8051,-27.7554],[30.8151,-27.7492],[30.8174,-27.737],[30.826,-27.7266],[30.837,-27.7289],[30.8522,-27.7268],[30.8689,-27.7144],[30.8723,-27.7023],[30.8703,-27.6934],[30.8525,-27.6965],[30.8419,-27.6887],[30.8345,-27.6777],[30.833,-27.6645],[30.8363,-27.6524],[30.8223,-27.654],[30.8154,-27.6416],[30.8071,-27.6414],[30.7981,-27.6483],[30.7912,-27.6378],[30.7996,-27.6172],[30.7863,-27.6084],[30.7722,-27.6064],[30.7555,-27.6117],[30.7521,-27.601],[30.7574,-27.5807],[30.7445,-27.5708],[30.7329,-27.5695],[30.7254,-27.56],[30.6907,-27.5652],[30.6767,-27.5635],[30.6608,-27.5662],[30.6543,-27.5709],[30.6509,-27.5896]],[[30.6637,-27.6557],[30.657,-27.6727],[30.6568,-27.6829],[30.6514,-27.6942],[30.6421,-27.6855],[30.6215,-27.678],[30.6204,-27.6576],[30.6084,-27.6564],[30.6096,-27.6484],[30.6186,-27.6471],[30.6229,-27.6547],[30.631,-27.6556],[30.638,-27.6473],[30.6388,-27.6376],[30.645,-27.6316],[30.6625,-27.6374],[30.6637,-27.6557]]]},"properties":{"tmax":36.50863332,"brucode":"Xc1a","tmin":-4.50647482,"bru_clean":"Xc1","tmean":16.62661869,"map":878.35971223}},
{"type":"Feature","geometry":{"type":"Polygon","coordinates":[[[32.2531,-27.8724],[32.2563,-27.8776],[32.2622,-27.8644],[32.2701,-27.8613],[32.2827,-27.8767],[32.2762,-27.8785],[32.276,-27.8899],[32.282,-27.8936],[32.2779,-27.9041],[32.2673,-27.9018],[32.2621,-27.9147],[32.2834,-27.916],[32.29,-27.9087],[32.29,-27.8977],[32.3006,-27.8908],[32.2938,-27.8826],[32.2944,-27.8758],[32.3027,-27.8648],[32.2995,-27.8528],[32.2996,-27.8323],[32.3131,-27.8215],[32.3104,-27.8135],[32.3008,-27.8116],[32.2994,-27.7959],[32.2925,-27.7838],[32.2891,-27.7553],[32.2989,-27.7531],[32.3095,-27.7591],[32.3261,-27.755],[32.3232,-27.7445],[32.3354,-27.7256],[32.341,-27.7257],[32.3539,-27.7],[32.3564,-27.6884],[32.365,-27.6891],[32.3739,-27.6734],[32.3609,-27.6682],[32.3491,-27.6727],[32.3418,-27.6796],[32.3318,-27.6812],[32.3243,-27.6774],[32.3206,-27.6645],[32.3221,-27.6387],[32.3161,-27.6303],[32.3025,-27.6203],[32.2979,-27.6079],[32.2987,-27.5998],[32.2904,-27.5962],[32.2818,-27.5851],[32.266,-27.5866],[32.2558,-27.5845],[32.2522,-27.5623],[32.2339,-27.5875],[32.226,-27.5927],[32.2092,-27.5942],[32.2054,-27.598],[32.191,-27.5752],[32.1723,-27.5808],[32.1522,-27.5826],[32.1474,-27.5898],[32.1557,-27.597],[32.1629,-27.5973],[32.1704,-27.6106],[32.159,-27.6205],[32.1663,-27.6332],[32.1592,-27.6361],[32.1781,-27.6458],[32.1999,-27.6656],[32.1921,-27.6794],[32.2062,-27.6903],[32.1995,-27.6973],[32.2016,-27.7059],[32.2093,-27.7047],[32.2264,-27.718],[32.2208,-27.7327],[32.2365,-27.7278],[32.2325,-27.7175],[32.25,-27.7065],[32.2477,-27.6992],[32.2565,-27.6962],[32.2625,-27.7038],[32.2618,-27.7132],[32.2727,-27.7217],[32.2735,-27.7283],[32.2816,-27.7415],[32.2847,-27.7711],[32.2793,-27.7798],[32.292,-27.7887],[32.2966,-27.7957],[32.293,-27.8122],[32.2876,-27.823],[32.2894,-27.8342],[32.2844,-27.8415],[32.2764,-27.827],[32.2646,-27.8165],[32.2558,-27.8247],[32.2604,-27.8324],[32.2585,-27.8406],[32.2434,-27.848],[32.2531,-27.8724]]]},"properties":{"tmax":44.15833346,"brucode":"RSa3","tmin":3.08214285,"bru_clean":"RSa3","tmean":22.55476214,"map":679.03529412}},
{"type":"Feature","geometry":{"type":"Polygon","coordinates":[[[31.0036,-27.6018],[31.0037,-27.6132],[31.0092,-27.6293],[31.0226,-27.6339],[31.0249,-27.6455],[31.0569,-27.6399],[31.0471,-27.6205],[31.0648,-27.6145],[31.0597,-27.603],[31.0517,-27.6016],[31.0414,-27.5832],[31.0394,-27.6004],[31.0239,-27.6008],[31.0195,-27.5901],[31.0096,-27.6009],[31.0036,-27.6018]]]},"properties":{"tmax":36.98571396,"brucode":"TUc2","tmin":-2.2142857,"bru_clean":"TUc2","tmean":17.67142868,"map":848.14285714}},
{"type":"Feature","geometry":{"type":"Polygon","coordinates":[[[30.6207,-27.6311],[30.6148,-27.6361],[30.5817,-27.6288],[30.5802,-27.6423],[30.5726,-27.6495],[30.5813,-27.6552],[30.5822,-27.6657],[30.5929,-27.6762],[30.6016,-27.7023],[30.6067,-27.7066],[30.5965,-27.7258],[30.5804,-27.7204],[30.5743,-27.7329],[30.5674,-27.7343],[30.5586,-27.7292],[30.5569,-27.745],[30.5624,-27.7492],[30.5721,-27.7441],[30.5928,-27.7479],[30.6116,-27.7299],[30.6171,-27.7187],[30.6393,-27.7272],[30.6464,-27.7217],[30.6382,-27.7119],[30.637,-27.6918],[30.6153,-27.6836],[30.6113,-27.6757],[30.6155,-27.6696],[30.6047,-27.6655],[30.6024,-27.6514],[30.6105,-27.6412],[30.6223,-27.6352],[30.633,-27.626],[30.6312,-27.6184],[30.6367,-27.6091],[30.6496,-27.6032],[30.6449,-27.5981],[30.6509,-27.5896],[30.6405,-27.6007],[30.6286,-27.6093],[30.629,-27.6247],[30.6207,-27.6311]]]},"properties":{"tmax":35.74000015,"brucode":"Yd4","tmin":-5.98999991,"bru_clean":"Yd4","tmean":15.49999981,"map":810}},
{"type":"Feature","geometry":{"type":"Polygon","coordinates":[[[29.7931,-27.6091],[29.7774,-27.6094],[29.7701,-27.6047],[29.7585,-27.6119],[29.7542,-27.619],[29.7332,-27.6279],[29.7329,-27.6357],[29.7158,-27.6374],[29.7046,-27.6455],[29.705,-27.6586],[29.6936,-27.6533],[29.6964,-27.6468],[29.674,-27.6485],[29.6745,-27.6598],[29.6706,-27.6704],[29.6867,-27.6839],[29.6963,-27.695],[29.7125,-27.6968],[29.7235,-27.6891],[29.7325,-27.6752],[29.7516,-27.672],[29.7542,-27.6792],[29.7475,-27.6848],[29.764,-27.6907],[29.7648,-27.6832],[29.7815,-27.6792],[29.7811,-27.6546],[29.7781,-27.6635],[29.7697,-27.6732],[29.7576,-27.6673],[29.7635,-27.6545],[29.7564,-27.6456],[29.7706,-27.633],[29.7598,-27.6232],[29.7756,-27.6161],[29.7827,-27.6215],[29.7931,-27.6176],[29.7931,-27.6091]]]},"properties":{"tmax":35.5999996,"brucode":"TUd1","tmin":-8.28235298,"bru_clean":"TUd1","tmean":15.22941174,"map":672.76470588}},
{"type":"Feature","geometry":{"type":"Polygon","coordinates":[[[31.8413,-27.6389],[31.8489,-27.6554],[31.8449,-27.6763],[31.8454,-27.7097],[31.8493,-27.7151],[31.8463,-27.7287],[31.8527,-27.7369],[31.8686,-27.727],[31.8758,-27.7419],[31.8892,-27.7423],[31.9042,-27.7309],[31.9176,-27.7314],[31.9199,-27.7433],[31.9302,-27.746],[31.9191,-27.7575],[31.9113,-27.7724],[31.8921,-27.7822],[31.8909,-27.7739],[31.8794,-27.7791],[31.8878,-27.7944],[31.8929,-27.7948],[31.8987,-27.8088],[31.9067,-27.7988],[31.9185,-27.8029],[31.9316,-27.8182],[31.9504,-27.8205],[31.975,-27.8438],[31.9764,-27.863],[31.9663,-27.876],[31.9595,-27.8604],[31.9517,-27.8788],[31.9453,-27.8886],[31.9482,-27.8925],[31.9651,-27.8928],[31.9678,-27.901],[31.9603,-27.9165],[31.9666,-27.9272],[31.9754,-27.9224],[31.9899,-27.9229],[32.0037,-27.9303],[32.0234,-27.9267],[32.0199,-27.9158],[32.021,-27.891],[32.01,-27.8915],[32.0107,-27.879],[32.0047,-27.8699],[32.0062,-27.8444],[31.9957,-27.8233],[31.9889,-27.8177],[31.9745,-27.8243],[31.9769,-27.8056],[31.97,-27.7992],[31.9499,-27.8007],[31.9694,-27.7875],[31.976,-27.7927],[31.9799,-27.8072],[31.9849,-27.815],[32.0094,-27.815],[32.0142,-27.8056],[32.0118,-27.7916],[32.0042,-27.7879],[32.0107,-27.7774],[32.0074,-27.7686],[31.9989,-27.7639],[31.9884,-27.7491],[31.9912,-27.7259],[31.9793,-27.7206],[31.9599,-27.728],[31.965,-27.7169],[31.9774,-27.7111],[31.9895,-27.6962],[31.9895,-27.6755],[31.9814,-27.668],[31.9565,-27.6695],[31.9538,-27.6593],[31.9464,-27.655],[31.9336,-27.6578],[31.926,-27.6633],[31.9191,-27.6564],[31.9263,-27.6406],[31.9398,-27.6324],[31.9511,-27.6448],[31.9613,-27.6326],[31.9507,-27.6192],[31.941,-27.618],[31.9279,-27.6079],[31.9197,-27.6168],[31.9154,-27.6291],[31.9094,-27.6302],[31.9,-27.6201],[31.8955,-27.6224],[31.8828,-27.6162],[31.8793,-27.6231],[31.8707,-27.6259],[31.8578,-27.6214],[31.8418,-27.6313],[31.8413,-27.6389]],[[31.9941,-27.8559],[31.9854,-27.8609],[31.9863,-27.8762],[31.9909,-27.8836],[31.991,-27.8936],[31.9697,-27.9079],[31.9737,-27.8916],[31.981,-27.8853],[31.9839,-27.8566],[31.9941,-27.8559]]]},"properties":{"tmax":43.36442309,"brucode":"STa2a","tmin":-1.41634615,"bru_clean":"STa2","tmean":20.81153842,"map":638.51456311}},
{"type":"Feature","geometry":{"type":"Polygon","coordinates":[[[31.6744,-27.6257],[31.6734,-27.6436],[31.6803,-27.647],[31.6992,-27.6435],[31.7008,-27.6301],[31.6906,-27.6309],[31.6744,-27.6257]]]},"properties":{"tmax":40.30604389,"brucode":"TUb3e","tmin":-1.1543956,"bru_clean":"TUb3","tmean":19.48406592,"map":767.45856354}},
{"type":"Feature","geometry":{"type":"Polygon","coordinates":[[[31.4169,-27.6191],[31.4061,-27.6174],[31.3946,-27.6267],[31.3843,-27.6249],[31.3751,-27.6356],[31.3942,-27.6419],[31.379,-27.6477],[31.3414,-27.6443],[31.345,-27.6573],[31.3552,-27.6597],[31.3583,-27.6684],[31.3665,-27.6728],[31.3776,-27.6679],[31.3903,-27.6751],[31.409,-27.6783],[31.4165,-27.6757],[31.4244,-27.6598],[31.4219,-27.6536],[31.43,-27.6462],[31.4415,-27.6453],[31.4478,-27.6263],[31.4321,-27.6318],[31.422,-27.6307],[31.4169,-27.6191]]]},"properties":{"tmax":39.32307698,"brucode":"Ub4","tmin":-0.42307692,"bru_clean":"Ub4","tmean":18.7230766,"map":709.76923077}},
{"type":"Feature","geometry":{"type":"Polygon","coordinates":[[[30.6637,-27.6557],[30.6625,-27.6374],[30.645,-27.6316],[30.6388,-27.6376],[30.638,-27.6473],[30.631,-27.6556],[30.6229,-27.6547],[30.6186,-27.6471],[30.6096,-27.6484],[30.6084,-27.6564],[30.6204,-27.6576],[30.6215,-27.678],[30.6421,-27.6855],[30.6514,-27.6942],[30.6568,-27.6829],[30.657,-27.6727],[30.6637,-27.6557]]]},"properties":{"tmax":36.79313731,"brucode":"Wc3b","tmin":-3.33039215,"bru_clean":"Wc3","tmean":17.23480381,"map":845.67647059}},
{"type":"Feature","geometry":{"type":"Polygon","coordinates":[[[29.7811,-27.6546],[29.7815,-27.6792],[29.7648,-27.6832],[29.764,-27.6907],[29.7475,-27.6848],[29.7542,-27.6792],[29.7516,-27.672],[29.7325,-27.6752],[29.7235,-27.6891],[29.7125,-27.6968],[29.7188,-27.713],[29.7184,-27.724],[29.7353,-27.719],[29.7425,-27.7273],[29.7342,-27.7339],[29.7215,-27.7495],[29.7232,-27.7548],[29.7355,-27.7556],[29.7325,-27.7649],[29.7516,-27.756],[29.7669,-27.7343],[29.7761,-27.7319],[29.7711,-27.7201],[29.7795,-27.7139],[29.7861,-27.7215],[29.7813,-27.7293],[29.7882,-27.7465],[29.7711,-27.75],[29.7616,-27.756],[29.76,-27.7755],[29.744,-27.7779],[29.7318,-27.7921],[29.7293,-27.8012],[29.7305,-27.8113],[29.7095,-27.8157],[29.6972,-27.8244],[29.6932,-27.8384],[29.7024,-27.8562],[29.7055,-27.8693],[29.7008,-27.877],[29.706,-27.8821],[29.6945,-27.8961],[29.6961,-27.9036],[29.6867,-27.9182],[29.6776,-27.9268],[29.6747,-27.9372],[29.6764,-27.9489],[29.6865,-27.9553],[29.684,-27.9635],[29.6735,-27.9576],[29.6636,-27.9573],[29.6507,-27.9671],[29.6359,-27.9944],[29.6393,-28.0138],[29.6423,-28.0215],[29.6338,-28.0311],[29.6355,-28.0411],[29.6274,-28.0432],[29.6293,-28.0523],[29.6411,-28.0615],[29.6356,-28.0718],[29.6556,-28.0899],[29.6527,-28.0985],[29.661,-28.1254],[29.6544,-28.1379],[29.6641,-28.1417],[29.6629,-28.1772],[29.6269,-28.1856],[29.6099,-28.2146],[29.6245,-28.2247],[29.6204,-28.2404],[29.6129,-28.2431],[29.6052,-28.2486],[29.6328,-28.2519],[29.6395,-28.2569],[29.6491,-28.2641],[29.6638,-28.2711],[29.6607,-28.2674],[29.6723,-28.2585],[29.6664,-28.25],[29.6714,-28.2377],[29.6806,-28.2421],[29.6829,-28.2498],[29.693,-28.2475],[29.6996,-28.2585],[29.7096,-28.2595],[29.7092,-28.239],[29.7015,-28.2303],[29.7053,-28.2149],[29.7127,-28.2234],[29.7343,-28.2171],[29.7246,-28.2032],[29.7338,-28.196],[29.7365,-28.1831],[29.7467,-28.1837],[29.7447,-28.1732],[29.7475,-28.1615],[29.7429,-28.1504],[29.7479,-28.1354],[29.7475,-28.1236],[29.7756,-28.1027],[29.7559,-28.1003],[29.7491,-28.1045],[29.7207,-28.0955],[29.7045,-28.0998],[29.6951,-28.1152],[29.6884,-28.1201],[29.6828,-28.1112],[29.6827,-28.101],[29.6997,-28.0928],[29.7024,-28.0794],[29.6909,-28.0711],[29.6798,-28.0755],[29.66,-28.077],[29.6521,-28.06],[29.6633,-28.0568],[29.6703,-28.0503],[29.6604,-28.0461],[29.6523,-28.0327],[29.6673,-28.0262],[29.6719,-28.0185],[29.6564,-28.0182],[29.6609,-28.0038],[29.6679,-27.9915],[29.6683,-27.9789],[29.7052,-28.0051],[29.7108,-28.0175],[29.7293,-28.0183],[29.7339,-28.0219],[29.7385,-28.0361],[29.7461,-28.0466],[29.7366,-28.0563],[29.7438,-28.0593],[29.7504,-28.0458],[29.7642,-28.0541],[29.7806,-28.042],[29.7796,-28.0299],[29.773,-28.0229],[29.7651,-28.0251],[29.7536,-28.0222],[29.7238,-28.0048],[29.7168,-28.004],[29.7161,-27.9949],[29.7234,-27.9845],[29.7183,-27.9733],[29.7334,-27.9647],[29.7543,-27.968],[29.7627,-27.9625],[29.7543,-27.9498],[29.7525,-27.942],[29.7415,-27.9297],[29.7554,-27.9141],[29.7558,-27.8992],[29.7505,-27.8947],[29.7646,-27.8744],[29.7631,-27.8671],[29.7494,-27.8634],[29.749,-27.849],[29.742,-27.8441],[29.732,-27.8453],[29.721,-27.8398],[29.7389,-27.8336],[29.7465,-27.8387],[29.7633,-27.8327],[29.7601,-27.8246],[29.7696,-27.8137],[29.7553,-27.8028],[29.7585,-27.7946],[29.7697,-27.7857],[29.7845,-27.7864],[29.7754,-27.7671],[29.7926,-27.7689],[29.8028,-27.7798],[29.8179,-27.781],[29.8309,-27.7778],[29.8362,-27.7618],[29.836,-27.7573],[29.824,-27.7558],[29.8066,-27.748],[29.8006,-27.7285],[29.8203,-27.7139],[29.8251,-27.7051],[29.8244,-27.6959],[29.8166,-27.6839],[29.8257,-27.6752],[29.8474,-27.6745],[29.8489,-27.6672],[29.8328,-27.6669],[29.826,-27.6599],[29.8293,-27.6509],[29.8087,-27.6462],[29.7953,-27.6381],[29.7826,-27.6376],[29.7786,-27.6413],[29.7811,-27.6546]]]},"properties":{"tmax":36.33199989,"brucode":"Yd1","tmin":-7.65533335,"bru_clean":"Yd1","tmean":15.84866671,"map":878.05921053}},
{"type":"Feature","geometry":{"type":"Polygon","coordinates":[[[29.8474,-27.6745],[29.8257,-27.6752],[29.8166,-27.6839],[29.8244,-27.6959],[29.8251,-27.7051],[29.8203,-27.7139],[29.8006,-27.7285],[29.8066,-27.748],[29.824,-27.7558],[29.836,-27.7573],[29.8567,-27.7414],[29.8436,-27.7391],[29.8441,-27.7332],[29.8607,-27.7298],[29.8494,-27.7205],[29.8646,-27.7154],[29.863,-27.7013],[29.887,-27.7156],[29.8929,-27.7102],[29.8866,-27.7003],[29.9067,-27.6956],[29.9259,-27.7054],[29.9321,-27.7017],[29.9413,-27.7048],[29.9537,-27.7212],[29.9667,-27.7192],[29.9553,-27.7107],[29.9545,-27.7017],[29.9483,-27.6903],[29.9537,-27.6835],[29.9352,-27.6689],[29.9497,-27.6543],[29.9532,-27.6465],[29.9286,-27.638],[29.9157,-27.6527],[29.9092,-27.6681],[29.8977,-27.6761],[29.895,-27.6881],[29.8842,-27.6856],[29.8745,-27.6789],[29.8693,-27.6702],[29.8625,-27.6693],[29.8474,-27.6745]]]},"properties":{"tmax":37.56799973,"brucode":"Wc2","tmin":-7.244,"bru_clean":"Wc2","tmean":17.18800011,"map":775.46153846}},
{"type":"Feature","geometry":{"type":"Polygon","coordinates":[[[31.7896,-27.8693],[31.8054,-27.8693],[31.8112,-27.8771],[31.8199,-27.8792],[31.8322,-27.8888],[31.8369,-27.8965],[31.8508,-27.907],[31.8578,-27.8924],[31.8681,-27.8915],[31.8706,-27.8771],[31.8636,-27.8659],[31.8534,-27.8576],[31.8427,-27.8557],[31.8504,-27.8472],[31.8683,-27.8566],[31.8804,-27.8657],[31.8945,-27.8884],[31.9059,-27.8947],[31.9047,-27.9109],[31.9083,-27.9222],[31.9075,-27.9351],[31.9158,-27.9398],[31.9203,-27.9341],[31.9478,-27.9275],[31.9531,-27.9203],[31.9427,-27.9237],[31.9437,-27.9134],[31.9332,-27.9118],[31.9152,-27.9354],[31.9105,-27.9287],[31.916,-27.902],[31.92,-27.8961],[31.9326,-27.8899],[31.9392,-27.8805],[31.9358,-27.871],[31.9413,-27.8611],[31.9549,-27.8495],[31.9604,-27.8378],[31.9497,-27.8237],[31.9433,-27.8379],[31.9302,-27.8522],[31.9251,-27.8413],[31.9174,-27.8495],[31.8959,-27.8436],[31.8849,-27.8479],[31.8833,-27.8247],[31.8979,-27.8241],[31.8969,-27.8129],[31.8756,-27.8035],[31.8572,-27.7848],[31.8611,-27.7803],[31.8561,-27.7712],[31.8616,-27.7615],[31.8794,-27.7613],[31.8934,-27.765],[31.8909,-27.7739],[31.8921,-27.7822],[31.9113,-27.7724],[31.9191,-27.7575],[31.9302,-27.746],[31.9199,-27.7433],[31.9176,-27.7314],[31.9042,-27.7309],[31.8892,-27.7423],[31.8758,-27.7419],[31.8686,-27.727],[31.8527,-27.7369],[31.8463,-27.7287],[31.8493,-27.7151],[31.8454,-27.7097],[31.8449,-27.6763],[31.8489,-27.6554],[31.8413,-27.6389],[31.8364,-27.6478],[31.8152,-27.6499],[31.8097,-27.6593],[31.8224,-27.6812],[31.8344,-27.6861],[31.8337,-27.6998],[31.8374,-27.7047],[31.818,-27.7112],[31.8229,-27.6993],[31.8173,-27.6943],[31.8178,-27.6848],[31.8045,-27.6729],[31.7987,-27.6831],[31.7903,-27.6789],[31.7876,-27.666],[31.7771,-27.6491],[31.7726,-27.6546],[31.7796,-27.664],[31.7752,-27.6989],[31.7865,-27.6996],[31.8049,-27.707],[31.8087,-27.7115],[31.8062,-27.723],[31.8124,-27.7351],[31.8196,-27.7567],[31.8095,-27.7658],[31.7986,-27.7369],[31.7876,-27.7401],[31.7996,-27.7611],[31.8137,-27.7791],[31.8273,-27.7738],[31.8338,-27.7902],[31.8291,-27.7971],[31.8151,-27.8045],[31.8126,-27.7938],[31.807,-27.7927],[31.7888,-27.7985],[31.7942,-27.8053],[31.7856,-27.812],[31.7864,-27.8388],[31.7752,-27.8596],[31.7896,-27.8693]]]},"properties":{"tmax":42.37215163,"brucode":"Tb1a","tmin":-1.84050633,"bru_clean":"Tb1","tmean":20.25949377,"map":657.66233766}},
{"type":"Feature","geometry":{"type":"Polygon","coordinates":[[[31.478,-27.704],[31.48,-27.7094],[31.4907,-27.7115],[31.4956,-27.7071],[31.5041,-27.7145],[31.5008,-27.7199],[31.5085,-27.7319],[31.5015,-27.7459],[31.5133,-27.7472],[31.5157,-27.7519],[31.5077,-27.7613],[31.5072,-27.7699],[31.5206,-27.7785],[31.5261,-27.7872],[31.5254,-27.8043],[31.5173,-27.7991],[31.5042,-27.8107],[31.5089,-27.82],[31.5195,-27.8226],[31.5332,-27.819],[31.5365,-27.823],[31.5503,-27.8224],[31.5644,-27.831],[31.5709,-27.8311],[31.5857,-27.8159],[31.5808,-27.8107],[31.5931,-27.8028],[31.5949,-27.8115],[31.5912,-27.8186],[31.5957,-27.8256],[31.5925,-27.8359],[31.5972,-27.846],[31.6068,-27.846],[31.613,-27.8528],[31.6191,-27.842],[31.6315,-27.8327],[31.6172,-27.8259],[31.6002,-27.8223],[31.5947,-27.8171],[31.5995,-27.7998],[31.5756,-27.7822],[31.5749,-27.7759],[31.5856,-27.7734],[31.5755,-27.7642],[31.5521,-27.7696],[31.553,-27.756],[31.564,-27.7627],[31.57,-27.7558],[31.5676,-27.7358],[31.5855,-27.7298],[31.5912,-27.7317],[31.6004,-27.7237],[31.615,-27.7295],[31.6176,-27.7221],[31.6084,-27.7162],[31.587,-27.7268],[31.5766,-27.7171],[31.5779,-27.7101],[31.5889,-27.7023],[31.5852,-27.6973],[31.5924,-27.6875],[31.5914,-27.6718],[31.5782,-27.6746],[31.5787,-27.6894],[31.5688,-27.689],[31.5649,-27.7019],[31.5507,-27.693],[31.5499,-27.6857],[31.5373,-27.6877],[31.5332,-27.6815],[31.541,-27.676],[31.5328,-27.665],[31.5128,-27.6715],[31.5027,-27.6888],[31.4872,-27.6811],[31.4885,-27.6646],[31.479,-27.6619],[31.4804,-27.6458],[31.4711,-27.6527],[31.4686,-27.6645],[31.4789,-27.685],[31.4721,-27.6874],[31.478,-27.704]]]},"properties":{"tmax":40.62692305,"brucode":"Ub6b","tmin":-0.50769231,"bru_clean":"Ub6","tmean":18.88269245,"map":798.59615385}},
{"type":"Feature","geometry":{"type":"Polygon","coordinates":[[[31.1146,-27.659],[31.1231,-27.6611],[31.1284,-27.6652],[31.1428,-27.6663],[31.1478,-27.6588],[31.1615,-27.6671],[31.1609,-27.6574],[31.1512,-27.6526],[31.1497,-27.6415],[31.1346,-27.6483],[31.1166,-27.6466],[31.1146,-27.659]]]},"properties":{"tmax":36.46666675,"brucode":"Xc3a","tmin":-1.6111111,"bru_clean":"Xc3","tmean":16.90000004,"map":794.44444444}},
{"type":"Feature","geometry":{"type":"Polygon","coordinates":[[[32.3739,-27.6734],[32.365,-27.6891],[32.3564,-27.6884],[32.3539,-27.7],[32.341,-27.7257],[32.3354,-27.7256],[32.3232,-27.7445],[32.3261,-27.755],[32.3095,-27.7591],[32.2989,-27.7531],[32.2891,-27.7553],[32.2925,-27.7838],[32.2994,-27.7959],[32.3008,-27.8116],[32.3104,-27.8135],[32.3131,-27.8215],[32.2996,-27.8323],[32.2995,-27.8528],[32.3027,-27.8648],[32.2944,-27.8758],[32.2938,-27.8826],[32.3006,-27.8908],[32.29,-27.8977],[32.29,-27.9087],[32.2834,-27.916],[32.2797,-27.9329],[32.2813,-27.9413],[32.2775,-27.9495],[32.2822,-27.9547],[32.2789,-27.9662],[32.2829,-27.9787],[32.2816,-27.9887],[32.2756,-28.0002],[32.2891,-28.0037],[32.306,-28.0033],[32.317,-28],[32.3326,-27.9887],[32.346,-27.9753],[32.3717,-27.9616],[32.3786,-27.9528],[32.3847,-27.9187],[32.394,-27.907],[32.4028,-27.8895],[32.4141,-27.8855],[32.419,-27.878],[32.4269,-27.8839],[32.428,-27.8927],[32.4237,-27.9033],[32.4119,-27.9131],[32.4069,-27.926],[32.4064,-27.9376],[32.4205,-27.9503],[32.4151,-27.9867],[32.4247,-27.9498],[32.4131,-27.9369],[32.4226,-27.9244],[32.4247,-27.9151],[32.4399,-27.9016],[32.4436,-27.8914],[32.4435,-27.874],[32.4523,-27.8495],[32.4481,-27.8391],[32.4548,-27.8259],[32.4536,-27.8111],[32.4487,-27.7993],[32.4513,-27.7816],[32.4394,-27.7498],[32.4375,-27.7329],[32.4381,-27.7074],[32.4487,-27.6887],[32.4536,-27.6699],[32.444,-27.6706],[32.4335,-27.6843],[32.4217,-27.681],[32.429,-27.6646],[32.4242,-27.6559],[32.4056,-27.6614],[32.4012,-27.654],[32.3825,-27.6499],[32.3696,-27.6562],[32.3759,-27.6636],[32.3739,-27.6734]]]},"properties":{"tmax":43.76153847,"brucode":"TUa1","tmin":3.43566433,"bru_clean":"TUa1","tmean":22.39020961,"map":728.04861111}},
{"type":"Feature","geometry":{"type":"Polygon","coordinates":[[[30.3788,-27.6752],[30.3706,-27.6672],[30.3666,-27.6564],[30.3535,-27.6621],[30.371,-27.6828],[30.3712,-27.6931],[30.3653,-27.7059],[30.3664,-27.7119],[30.39,-27.7254],[30.42,-27.7312],[30.4225,-27.7465],[30.4118,-27.7604],[30.4228,-27.764],[30.4309,-27.7746],[30.4274,-27.7817],[30.4282,-27.8012],[30.4405,-27.7956],[30.4753,-27.7981],[30.4852,-27.7923],[30.4662,-27.7929],[30.4607,-27.7804],[30.4624,-27.773],[30.4561,-27.7651],[30.4594,-27.7601],[30.4557,-27.7475],[30.441,-27.755],[30.4419,-27.7416],[30.4383,-27.7341],[30.4215,-27.7179],[30.415,-27.723],[30.4039,-27.7245],[30.3788,-27.7115],[30.3781,-27.6908],[30.3857,-27.6865],[30.3788,-27.6752]]]},"properties":{"tmax":36.44999962,"brucode":"Vc3","tmin":-6.50999994,"bru_clean":"Vc3","tmean":16.43999996,"map":689.2}},
{"type":"Feature","geometry":{"type":"Polygon","coordinates":[[[30.8522,-27.7268],[30.837,-27.7289],[30.826,-27.7266],[30.8174,-27.737],[30.8151,-27.7492],[30.8051,-27.7554],[30.7876,-27.7534],[30.7733,-27.7594],[30.7672,-27.753],[30.7539,-27.7546],[30.7293,-27.75],[30.7368,-27.754],[30.7409,-27.7672],[30.7391,-27.7813],[30.7451,-27.7883],[30.7411,-27.8019],[30.7331,-27.8096],[30.7419,-27.8144],[30.7484,-27.8247],[30.734,-27.8303],[30.7058,-27.8301],[30.6923,-27.8426],[30.6836,-27.8578],[30.6674,-27.8568],[30.6761,-27.8438],[30.6624,-27.8399],[30.6465,-27.8251],[30.6524,-27.8167],[30.6404,-27.8035],[30.6432,-27.7893],[30.6268,-27.7668],[30.6249,-27.7591],[30.6125,-27.7436],[30.6051,-27.749],[30.6065,-27.7658],[30.6007,-27.7718],[30.6018,-27.7792],[30.5904,-27.7814],[30.5918,-27.7691],[30.5743,-27.7566],[30.5607,-27.7632],[30.5374,-27.7679],[30.536,-27.782],[30.5226,-27.787],[30.5174,-27.7799],[30.4977,-27.7996],[30.4953,-27.8073],[30.4852,-27.8074],[30.4797,-27.8229],[30.4827,-27.8365],[30.4894,-27.8371],[30.5018,-27.8297],[30.5089,-27.8323],[30.512,-27.8455],[30.5199,-27.8444],[30.531,-27.8328],[30.5403,-27.8289],[30.5466,-27.8347],[30.5565,-27.8217],[30.5722,-27.8209],[30.5865,-27.8298],[30.5887,-27.8454],[30.5941,-27.8501],[30.5855,-27.8697],[30.5901,-27.8788],[30.5872,-27.8892],[30.58,-27.8938],[30.5911,-27.901],[30.5904,-27.9153],[30.5838,-27.9267],[30.5896,-27.9319],[30.6018,-27.9279],[30.6137,-27.9316],[30.6243,-27.9272],[30.6367,-27.9134],[30.6402,-27.9242],[30.653,-27.92],[30.6521,-27.9289],[30.6617,-27.9472],[30.6504,-27.9589],[30.6388,-27.9595],[30.6205,-27.9665],[30.6182,-27.9854],[30.6204,-27.9888],[30.639,-27.9837],[30.6493,-27.9864],[30.6691,-27.9859],[30.6794,-27.9747],[30.7074,-27.9569],[30.7167,-27.9568],[30.7229,-27.967],[30.7383,-27.9763],[30.754,-27.9972],[30.7482,-28.0052],[30.7542,-28.0168],[30.7614,-28.0131],[30.7563,-28],[30.7552,-27.9876],[30.7714,-27.9935],[30.7685,-27.9994],[30.7792,-28.0135],[30.778,-28.0224],[30.7867,-28.0284],[30.7829,-28.0374],[30.7955,-28.046],[30.8055,-28.0494],[30.8111,-28.0425],[30.8293,-28.0388],[30.8067,-28.0137],[30.794,-28.0156],[30.7805,-27.9995],[30.7795,-27.99],[30.7894,-27.9843],[30.7921,-27.9747],[30.7759,-27.9756],[30.7628,-27.9729],[30.755,-27.9658],[30.7467,-27.9729],[30.7334,-27.9693],[30.7344,-27.9603],[30.7436,-27.9581],[30.7539,-27.9429],[30.7464,-27.9308],[30.7381,-27.9362],[30.7283,-27.9276],[30.7258,-27.9134],[30.7348,-27.9105],[30.7384,-27.902],[30.7718,-27.9048],[30.7938,-27.9145],[30.8139,-27.9103],[30.8302,-27.8991],[30.831,-27.8921],[30.8231,-27.886],[30.8223,-27.8733],[30.8041,-27.8606],[30.8025,-27.8291],[30.8198,-27.8284],[30.8259,-27.8461],[30.8347,-27.853],[30.8301,-27.8629],[30.8373,-27.8763],[30.8452,-27.8759],[30.8504,-27.8587],[30.8495,-27.8488],[30.87,-27.8547],[30.8843,-27.8672],[30.8785,-27.8718],[30.8786,-27.881],[30.9002,-27.8923],[30.9084,-27.877],[30.9248,-27.8827],[30.9236,-27.8949],[30.937,-27.8972],[30.9358,-27.909],[30.9506,-27.9181],[30.9613,-27.9216],[30.9762,-27.9156],[30.9771,-27.9005],[30.9854,-27.8904],[30.968,-27.8834],[30.9654,-27.8695],[30.9772,-27.8525],[30.9914,-27.8286],[31.0003,-27.825],[31.003,-27.8034],[31.0089,-27.805],[31.0214,-27.7903],[31.0416,-27.7799],[31.0473,-27.7618],[31.0627,-27.7899],[31.0822,-27.7925],[31.097,-27.7698],[31.0902,-27.775],[31.0767,-27.7673],[31.0738,-27.7564],[31.0762,-27.7389],[31.0826,-27.736],[31.0754,-27.7215],[31.0811,-27.716],[31.0992,-27.7192],[31.1214,-27.7354],[31.131,-27.7332],[31.1412,-27.734],[31.1434,-27.7099],[31.1605,-27.7042],[31.1548,-27.6949],[31.133,-27.6987],[31.1389,-27.7064],[31.1342,-27.7199],[31.1242,-27.7279],[31.1165,-27.7237],[31.1143,-27.6938],[31.1031,-27.6902],[31.1011,-27.6819],[31.1094,-27.6702],[31.118,-27.6758],[31.1285,-27.6939],[31.1366,-27.6855],[31.1267,-27.6768],[31.121,-27.6661],[31.1231,-27.6611],[31.1146,-27.659],[31.1021,-27.6636],[31.0849,-27.6618],[31.0878,-27.6697],[31.0827,-27.677],[31.049,-27.6858],[31.0393,-27.681],[31.0307,-27.6835],[30.9999,-27.6829],[30.9956,-27.6746],[30.9831,-27.6829],[30.9847,-27.6987],[30.9917,-27.7005],[30.9796,-27.7213],[30.9603,-27.7292],[30.9438,-27.7199],[30.9395,-27.7297],[30.9124,-27.728],[30.8935,-27.736],[30.8929,-27.7466],[30.888,-27.7552],[30.889,-27.7714],[30.8704,-27.7639],[30.8675,-27.7582],[30.8778,-27.7475],[30.8691,-27.7405],[30.8586,-27.7428],[30.8519,-27.7379],[30.8522,-27.7268]]]},"properties":{"tmax":36.8466898,"brucode":"Vc4a","tmin":-3.65644599,"bru_clean":"Vc4","tmean":17.09860624,"map":744.95818815}},
{"type":"Feature","geometry":{"type":"Polygon","coordinates":[[[31.6911,-27.6921],[31.6864,-27.6803],[31.6763,-27.6854],[31.6809,-27.698],[31.6905,-27.7086],[31.6961,-27.7069],[31.6976,-27.6913],[31.6911,-27.6921]]]},"properties":{"tmax":40.30604389,"brucode":"TUb3f","tmin":-1.1543956,"bru_clean":"TUb3","tmean":19.48406592,"map":767.45856354}},
{"type":"Feature","geometry":{"type":"Polygon","coordinates":[[[31.1285,-27.6939],[31.118,-27.6758],[31.1094,-27.6702],[31.1011,-27.6819],[31.1031,-27.6902],[31.1143,-27.6938],[31.1165,-27.7237],[31.1242,-27.7279],[31.1342,-27.7199],[31.1389,-27.7064],[31.133,-27.6987],[31.1285,-27.6939]]]},"properties":{"tmax":36.46666675,"brucode":"Xc3b","tmin":-1.6111111,"bru_clean":"Xc3","tmean":16.90000004,"map":794.44444444}},
{"type":"Feature","geometry":{"type":"Polygon","coordinates":[[[30.5374,-27.7679],[30.5607,-27.7632],[30.5624,-27.7492],[30.5569,-27.745],[30.5586,-27.7292],[30.5572,-27.7103],[30.5452,-27.7121],[30.5382,-27.7211],[30.5257,-27.7254],[30.5129,-27.7228],[30.5142,-27.715],[30.4883,-27.7012],[30.4887,-27.6898],[30.4692,-27.6815],[30.4675,-27.6921],[30.474,-27.6953],[30.4734,-27.7121],[30.493,-27.7228],[30.5031,-27.7366],[30.5093,-27.7324],[30.5199,-27.7404],[30.5312,-27.7432],[30.5374,-27.7679]]]},"properties":{"tmax":36.44000015,"brucode":"Uc2","tmin":-5.35999999,"bru_clean":"Uc2","tmean":16.52999992,"map":763.9}},
{"type":"Feature","geometry":{"type":"Polygon","coordinates":[[[31.2569,-27.7012],[31.2476,-27.6992],[31.2478,-27.6919],[31.2224,-27.6865],[31.221,-27.6976],[31.2273,-27.6983],[31.2303,-27.7084],[31.2393,-27.7205],[31.2393,-27.7332],[31.2195,-27.7394],[31.2258,-27.752],[31.2315,-27.7517],[31.2323,-27.77],[31.2448,-27.7644],[31.2592,-27.7542],[31.2702,-27.739],[31.2723,-27.7265],[31.2628,-27.7181],[31.2477,-27.7216],[31.2634,-27.7039],[31.2569,-27.7012]]]},"properties":{"tmax":36.93499985,"brucode":"TUc3b","tmin":-1.34000001,"bru_clean":"TUc3","tmean":16.8599998,"map":790.78947368}},
{"type":"Feature","geometry":{"type":"Polygon","coordinates":[[[29.6867,-27.6839],[29.6939,-27.6946],[29.7097,-27.6987],[29.7093,-27.7165],[29.7127,-27.7213],[29.7093,-27.741],[29.7055,-27.7461],[29.709,-27.7571],[29.7042,-27.7613],[29.7083,-27.7752],[29.7175,-27.7871],[29.7117,-27.793],[29.7293,-27.8012],[29.7318,-27.7921],[29.744,-27.7779],[29.76,-27.7755],[29.7616,-27.756],[29.7711,-27.75],[29.7882,-27.7465],[29.7813,-27.7293],[29.7861,-27.7215],[29.7795,-27.7139],[29.7711,-27.7201],[29.7761,-27.7319],[29.7669,-27.7343],[29.7516,-27.756],[29.7325,-27.7649],[29.7355,-27.7556],[29.7232,-27.7548],[29.7215,-27.7495],[29.7342,-27.7339],[29.7425,-27.7273],[29.7353,-27.719],[29.7184,-27.724],[29.7188,-27.713],[29.7125,-27.6968],[29.6963,-27.695],[29.6867,-27.6839]]]},"properties":{"tmax":35.43636357,"brucode":"Zd1","tmin":-10.20909101,"bru_clean":"Zd1","tmean":14.43636365,"map":947.3}},
{"type":"Feature","geometry":{"type":"Polygon","coordinates":[[[29.9667,-27.7192],[29.9537,-27.7212],[29.9413,-27.7048],[29.9321,-27.7017],[29.9259,-27.7054],[29.9067,-27.6956],[29.8866,-27.7003],[29.8929,-27.7102],[29.887,-27.7156],[29.863,-27.7013],[29.8646,-27.7154],[29.8494,-27.7205],[29.8607,-27.7298],[29.8441,-27.7332],[29.8436,-27.7391],[29.8567,-27.7414],[29.836,-27.7573],[29.8517,-27.7549],[29.8627,-27.7633],[29.879,-27.7699],[29.902,-27.7824],[29.925,-27.7599],[29.938,-27.7505],[29.9617,-27.7266],[29.9667,-27.7192]]]},"properties":{"tmax":37.44383543,"brucode":"Vc1a","tmin":-6.93013701,"bru_clean":"Vc1","tmean":17.24931521,"map":766.49315069}},
{"type":"Feature","geometry":{"type":"Polygon","coordinates":[[[31.4653,-27.7212],[31.4794,-27.7229],[31.4926,-27.7302],[31.4994,-27.749],[31.4818,-27.7626],[31.487,-27.7728],[31.4943,-27.7677],[31.5117,-27.7767],[31.5139,-27.7897],[31.5042,-27.8023],[31.4939,-27.8085],[31.5051,-27.8228],[31.5089,-27.82],[31.5042,-27.8107],[31.5173,-27.7991],[31.5254,-27.8043],[31.5261,-27.7872],[31.5206,-27.7785],[31.5072,-27.7699],[31.5077,-27.7613],[31.5157,-27.7519],[31.5133,-27.7472],[31.5015,-27.7459],[31.5085,-27.7319],[31.5008,-27.7199],[31.5041,-27.7145],[31.4956,-27.7071],[31.4907,-27.7115],[31.48,-27.7094],[31.478,-27.704],[31.4716,-27.7082],[31.4574,-27.7049],[31.4653,-27.7212]]]},"properties":{"tmax":40.89999983,"brucode":"Wb2","tmin":-0.17777778,"bru_clean":"Wb2","tmean":18.08888902,"map":890.22222222}},
{"type":"Feature","geometry":{"type":"Polygon","coordinates":[[[31.131,-27.7332],[31.1214,-27.7354],[31.0992,-27.7192],[31.0811,-27.716],[31.0754,-27.7215],[31.0826,-27.736],[31.0762,-27.7389],[31.0738,-27.7564],[31.0767,-27.7673],[31.0902,-27.775],[31.097,-27.7698],[31.1012,-27.7586],[31.1099,-27.7543],[31.1241,-27.7563],[31.1206,-27.7702],[31.1272,-27.7828],[31.1347,-27.7799],[31.1387,-27.7712],[31.177,-27.7728],[31.1811,-27.7695],[31.1805,-27.7501],[31.1658,-27.7408],[31.152,-27.7407],[31.131,-27.7332]]]},"properties":{"tmax":36.93499985,"brucode":"TUc3a","tmin":-1.34000001,"bru_clean":"TUc3","tmean":16.8599998,"map":790.78947368}},
{"type":"Feature","geometry":{"type":"Polygon","coordinates":[[[31.4612,-27.7674],[31.456,-27.7706],[31.4512,-27.7811],[31.4563,-27.7878],[31.4594,-27.8008],[31.4677,-27.8105],[31.4535,-27.8236],[31.4573,-27.8404],[31.4658,-27.8423],[31.4794,-27.8335],[31.4887,-27.838],[31.4944,-27.8495],[31.5025,-27.8518],[31.4959,-27.8677],[31.5051,-27.8648],[31.5157,-27.8686],[31.5204,-27.8819],[31.5346,-27.885],[31.5381,-27.8972],[31.5468,-27.8822],[31.5378,-27.8808],[31.5363,-27.8702],[31.5284,-27.8662],[31.5226,-27.8718],[31.5128,-27.8596],[31.5142,-27.8549],[31.5268,-27.8513],[31.5423,-27.8533],[31.5478,-27.8409],[31.56,-27.8434],[31.5873,-27.8372],[31.587,-27.8282],[31.573,-27.8361],[31.5644,-27.831],[31.5503,-27.8224],[31.5365,-27.823],[31.5332,-27.819],[31.5195,-27.8226],[31.5089,-27.82],[31.5051,-27.8228],[31.4939,-27.8085],[31.5042,-27.8023],[31.5139,-27.7897],[31.5117,-27.7767],[31.4943,-27.7677],[31.487,-27.7728],[31.4818,-27.7626],[31.4994,-27.749],[31.4926,-27.7302],[31.4794,-27.7229],[31.4653,-27.7212],[31.4621,-27.7408],[31.4701,-27.76],[31.4612,-27.7674]]]},"properties":{"tmax":40.79599991,"brucode":"Xb2","tmin":0.304,"bru_clean":"Xb2","tmean":18.28400009,"map":949.72}},
{"type":"Feature","geometry":{"type":"Polygon","coordinates":[[[31.3891,-27.794],[31.3764,-27.8036],[31.3524,-27.8141],[31.3547,-27.8056],[31.3451,-27.8062],[31.3275,-27.7971],[31.3181,-27.7961],[31.321,-27.7823],[31.3257,-27.776],[31.3275,-27.7524],[31.3243,-27.7428],[31.3087,-27.739],[31.3085,-27.7531],[31.3031,-27.7588],[31.3072,-27.7678],[31.3057,-27.7798],[31.2892,-27.7811],[31.2789,-27.7724],[31.2548,-27.7677],[31.2579,-27.7788],[31.2509,-27.7885],[31.2435,-27.7887],[31.2403,-27.7808],[31.2285,-27.7833],[31.214,-27.7767],[31.2071,-27.7795],[31.1811,-27.7695],[31.177,-27.7728],[31.1922,-27.787],[31.2422,-27.8072],[31.2451,-27.7983],[31.2571,-27.7984],[31.2678,-27.8023],[31.2728,-27.7812],[31.2789,-27.7805],[31.2836,-27.7863],[31.2923,-27.7833],[31.3102,-27.7821],[31.3134,-27.7881],[31.3121,-27.7994],[31.3216,-27.7995],[31.3296,-27.8083],[31.3122,-27.8193],[31.3205,-27.8236],[31.3197,-27.8314],[31.3319,-27.8352],[31.3341,-27.8295],[31.3558,-27.828],[31.3623,-27.8308],[31.3746,-27.8188],[31.3689,-27.812],[31.3882,-27.7988],[31.3932,-27.8047],[31.4089,-27.8079],[31.434,-27.7956],[31.4459,-27.7838],[31.4494,-27.771],[31.456,-27.7706],[31.4612,-27.7674],[31.4568,-27.7646],[31.4446,-27.7702],[31.4314,-27.7799],[31.4329,-27.7631],[31.4183,-27.7614],[31.4161,-27.7754],[31.4233,-27.7841],[31.4236,-27.7915],[31.4069,-27.8017],[31.3945,-27.8008],[31.3891,-27.794]]]},"properties":{"tmax":38.21578919,"brucode":"Wc6","tmin":-1.04736842,"bru_clean":"Wc6","tmean":17.01578913,"map":979.9}},
{"type":"Feature","geometry":{"type":"Polygon","coordinates":[[[30.6125,-27.7436],[30.6249,-27.7591],[30.6268,-27.7668],[30.6432,-27.7893],[30.6404,-27.8035],[30.6524,-27.8167],[30.6465,-27.8251],[30.6624,-27.8399],[30.6761,-27.8438],[30.6674,-27.8568],[30.6836,-27.8578],[30.6923,-27.8426],[30.7058,-27.8301],[30.734,-27.8303],[30.7484,-27.8247],[30.7419,-27.8144],[30.7331,-27.8096],[30.7411,-27.8019],[30.7451,-27.7883],[30.7391,-27.7813],[30.7409,-27.7672],[30.7368,-27.754],[30.7293,-27.75],[30.7092,-27.7488],[30.7037,-27.7438],[30.6831,-27.7396],[30.6702,-27.743],[30.6614,-27.765],[30.6523,-27.7549],[30.6504,-27.7455],[30.6253,-27.7479],[30.6199,-27.7405],[30.6125,-27.7436]]]},"properties":{"tmax":36.98285719,"brucode":"WXc2","tmin":-4.38571431,"bru_clean":"WXc2","tmean":17.19142854,"map":779.91428571}},
{"type":"Feature","geometry":{"type":"Polygon","coordinates":[[[31.0416,-27.7799],[31.0499,-27.7872],[31.0367,-27.7904],[31.0304,-27.7991],[31.0346,-27.824],[31.0437,-27.8353],[31.0233,-27.8291],[30.9975,-27.8375],[30.9965,-27.8471],[30.9873,-27.858],[30.9772,-27.8525],[30.9654,-27.8695],[30.968,-27.8834],[30.9854,-27.8904],[30.9878,-27.8877],[30.9844,-27.8667],[30.994,-27.8654],[31.0055,-27.8474],[31.0198,-27.8479],[31.0252,-27.844],[31.0364,-27.848],[31.0619,-27.8498],[31.0684,-27.8386],[31.084,-27.8438],[31.0959,-27.841],[31.0932,-27.8324],[31.0686,-27.8318],[31.0572,-27.8269],[31.044,-27.8129],[31.0428,-27.8024],[31.0552,-27.7982],[31.0614,-27.8001],[31.0817,-27.8015],[31.0914,-27.7931],[31.1112,-27.7812],[31.1173,-27.7916],[31.1299,-27.792],[31.145,-27.7868],[31.1462,-27.7788],[31.1658,-27.7815],[31.1744,-27.7802],[31.1858,-27.786],[31.1981,-27.8029],[31.2115,-27.8133],[31.2167,-27.8061],[31.2261,-27.8092],[31.24,-27.8222],[31.2484,-27.8185],[31.2597,-27.8105],[31.2748,-27.8097],[31.2735,-27.7926],[31.2789,-27.7805],[31.2728,-27.7812],[31.2678,-27.8023],[31.2571,-27.7984],[31.2451,-27.7983],[31.2422,-27.8072],[31.1922,-27.787],[31.177,-27.7728],[31.1387,-27.7712],[31.1347,-27.7799],[31.1272,-27.7828],[31.1206,-27.7702],[31.1241,-27.7563],[31.1099,-27.7543],[31.1012,-27.7586],[31.097,-27.7698],[31.0822,-27.7925],[31.0627,-27.7899],[31.0473,-27.7618],[31.0416,-27.7799]]]},"properties":{"tmax":36.39999997,"brucode":"Yc3","tmin":-1.97272727,"bru_clean":"Yc3","tmean":16.20909097,"map":918.26086957}},
{"type":"Feature","geometry":{"type":"Polygon","coordinates":[[[31.8909,-27.7739],[31.8934,-27.765],[31.8794,-27.7613],[31.8616,-27.7615],[31.8561,-27.7712],[31.8611,-27.7803],[31.8572,-27.7848],[31.8756,-27.8035],[31.8969,-27.8129],[31.8979,-27.8241],[31.8833,-27.8247],[31.8849,-27.8479],[31.8959,-27.8436],[31.9174,-27.8495],[31.9251,-27.8413],[31.9302,-27.8522],[31.9433,-27.8379],[31.9497,-27.8237],[31.9604,-27.8378],[31.9549,-27.8495],[31.9413,-27.8611],[31.9358,-27.871],[31.9392,-27.8805],[31.9326,-27.8899],[31.92,-27.8961],[31.916,-27.902],[31.9105,-27.9287],[31.9152,-27.9354],[31.9332,-27.9118],[31.9437,-27.9134],[31.9427,-27.9237],[31.9531,-27.9203],[31.9603,-27.9165],[31.9678,-27.901],[31.9651,-27.8928],[31.9482,-27.8925],[31.9453,-27.8886],[31.9517,-27.8788],[31.9595,-27.8604],[31.9663,-27.876],[31.9764,-27.863],[31.975,-27.8438],[31.9504,-27.8205],[31.9316,-27.8182],[31.9185,-27.8029],[31.9067,-27.7988],[31.8987,-27.8088],[31.8929,-27.7948],[31.8878,-27.7944],[31.8794,-27.7791],[31.8909,-27.7739]],[[31.9233,-27.8137],[31.9247,-27.8224],[31.917,-27.8263],[31.9075,-27.8424],[31.8978,-27.8338],[31.9116,-27.82],[31.9233,-27.8137]]]},"properties":{"tmax":42.96182088,"brucode":"RSa1c","tmin":-0.19207048,"bru_clean":"RSa1","tmean":21.23377388,"map":635.94468705}},
{"type":"Feature","geometry":{"type":"Polygon","coordinates":[[[29.902,-27.7824],[29.879,-27.7699],[29.8627,-27.7633],[29.8517,-27.7549],[29.836,-27.7573],[29.8362,-27.7618],[29.8501,-27.7651],[29.844,-27.7813],[29.8358,-27.7891],[29.8212,-27.7849],[29.8147,-27.7904],[29.8368,-27.802],[29.828,-27.8145],[29.8387,-27.8222],[29.8321,-27.8305],[29.847,-27.8554],[29.8434,-27.862],[29.8495,-27.8687],[29.8589,-27.8625],[29.863,-27.8546],[29.88,-27.8666],[29.8908,-27.8657],[29.9038,-27.8604],[29.9124,-27.8707],[29.9411,-27.8714],[29.9468,-27.8677],[29.9495,-27.8551],[29.9448,-27.8399],[29.9549,-27.8354],[29.9494,-27.8259],[29.9665,-27.8109],[29.9756,-27.8076],[29.9728,-27.7986],[29.9617,-27.8023],[29.9448,-27.7961],[29.9277,-27.7859],[29.9246,-27.7942],[29.902,-27.7824]]]},"properties":{"tmax":37.66111088,"brucode":"Wc1","tmin":-6.77500003,"bru_clean":"Wc1","tmean":17.28888883,"map":830.86111111}},
{"type":"Feature","geometry":{"type":"Polygon","coordinates":[[[29.7756,-28.1027],[29.7741,-28.0922],[29.7862,-28.0885],[29.8013,-28.0777],[29.8043,-28.061],[29.8102,-28.0545],[29.8222,-28.0603],[29.8267,-28.0536],[29.8242,-28.0421],[29.8284,-28.027],[29.8204,-28.0133],[29.818,-28.001],[29.8196,-27.9786],[29.8307,-27.9613],[29.8388,-27.9615],[29.8565,-27.9686],[29.8629,-27.9556],[29.8529,-27.9487],[29.839,-27.9481],[29.8403,-27.9111],[29.8444,-27.9021],[29.8714,-27.8978],[29.8888,-27.8892],[29.8886,-27.8797],[29.9027,-27.8716],[29.9124,-27.8707],[29.9038,-27.8604],[29.8908,-27.8657],[29.88,-27.8666],[29.863,-27.8546],[29.8589,-27.8625],[29.8495,-27.8687],[29.8434,-27.862],[29.847,-27.8554],[29.8321,-27.8305],[29.8387,-27.8222],[29.828,-27.8145],[29.8368,-27.802],[29.8147,-27.7904],[29.8212,-27.7849],[29.8358,-27.7891],[29.844,-27.7813],[29.8501,-27.7651],[29.8362,-27.7618],[29.8309,-27.7778],[29.8179,-27.781],[29.8028,-27.7798],[29.7926,-27.7689],[29.7754,-27.7671],[29.7845,-27.7864],[29.7697,-27.7857],[29.7585,-27.7946],[29.7553,-27.8028],[29.7696,-27.8137],[29.7601,-27.8246],[29.7633,-27.8327],[29.7465,-27.8387],[29.7389,-27.8336],[29.721,-27.8398],[29.732,-27.8453],[29.742,-27.8441],[29.749,-27.849],[29.7494,-27.8634],[29.7631,-27.8671],[29.7646,-27.8744],[29.7505,-27.8947],[29.7558,-27.8992],[29.7554,-27.9141],[29.7415,-27.9297],[29.7525,-27.942],[29.7543,-27.9498],[29.7627,-27.9625],[29.7543,-27.968],[29.7334,-27.9647],[29.7183,-27.9733],[29.7234,-27.9845],[29.7161,-27.9949],[29.7168,-28.004],[29.7238,-28.0048],[29.7536,-28.0222],[29.7651,-28.0251],[29.773,-28.0229],[29.7796,-28.0299],[29.7806,-28.042],[29.7642,-28.0541],[29.7504,-28.0458],[29.7438,-28.0593],[29.7366,-28.0563],[29.7461,-28.0466],[29.7385,-28.0361],[29.7339,-28.0219],[29.7293,-28.0183],[29.7108,-28.0175],[29.7052,-28.0051],[29.6683,-27.9789],[29.6679,-27.9915],[29.6609,-28.0038],[29.6564,-28.0182],[29.6719,-28.0185],[29.6673,-28.0262],[29.6523,-28.0327],[29.6604,-28.0461],[29.6703,-28.0503],[29.6633,-28.0568],[29.6521,-28.06],[29.66,-28.077],[29.6798,-28.0755],[29.6909,-28.0711],[29.7024,-28.0794],[29.6997,-28.0928],[29.6827,-28.101],[29.6828,-28.1112],[29.6884,-28.1201],[29.6951,-28.1152],[29.7045,-28.0998],[29.7207,-28.0955],[29.7491,-28.1045],[29.7559,-28.1003],[29.7756,-28.1027]]]},"properties":{"tmax":37.01280014,"brucode":"Yc1","tmin":-6.6448,"bru_clean":"Yc1","tmean":16.90159999,"map":805.28346457}},
{"type":"Feature","geometry":{"type":"Polygon","coordinates":[[[31.456,-27.7706],[31.4494,-27.771],[31.4459,-27.7838],[31.434,-27.7956],[31.4089,-27.8079],[31.3932,-27.8047],[31.3882,-27.7988],[31.3689,-27.812],[31.3746,-27.8188],[31.3623,-27.8308],[31.3558,-27.828],[31.3341,-27.8295],[31.3319,-27.8352],[31.3197,-27.8314],[31.3205,-27.8236],[31.3122,-27.8193],[31.3296,-27.8083],[31.3216,-27.7995],[31.3121,-27.7994],[31.3134,-27.7881],[31.3102,-27.7821],[31.2923,-27.7833],[31.2836,-27.7863],[31.2789,-27.7805],[31.2735,-27.7926],[31.2748,-27.8097],[31.2597,-27.8105],[31.2484,-27.8185],[31.2436,-27.8268],[31.2177,-27.8235],[31.192,-27.8067],[31.1789,-27.7924],[31.1583,-27.791],[31.1447,-27.8123],[31.1487,-27.823],[31.1374,-27.8227],[31.1334,-27.8333],[31.1167,-27.8107],[31.1043,-27.7983],[31.0914,-27.7931],[31.0817,-27.8015],[31.0614,-27.8001],[31.077,-27.8076],[31.0981,-27.8042],[31.118,-27.8208],[31.1279,-27.839],[31.141,-27.8488],[31.1592,-27.8475],[31.1668,-27.8554],[31.1753,-27.8485],[31.1652,-27.8404],[31.1638,-27.8341],[31.1694,-27.8209],[31.1806,-27.8111],[31.1914,-27.8232],[31.1814,-27.8389],[31.1881,-27.8479],[31.195,-27.8489],[31.2023,-27.859],[31.2086,-27.8524],[31.2319,-27.8523],[31.236,-27.8691],[31.2418,-27.868],[31.2666,-27.8765],[31.2654,-27.8818],[31.2894,-27.8852],[31.2902,-27.8933],[31.3066,-27.9044],[31.3015,-27.9216],[31.307,-27.9333],[31.3166,-27.9352],[31.3222,-27.9537],[31.3386,-27.9758],[31.3475,-27.966],[31.3401,-27.9609],[31.3436,-27.948],[31.3339,-27.9393],[31.3397,-27.9343],[31.3168,-27.9287],[31.3124,-27.9049],[31.305,-27.8951],[31.3097,-27.881],[31.3051,-27.8564],[31.3235,-27.8594],[31.3363,-27.8757],[31.3476,-27.869],[31.3624,-27.8813],[31.3816,-27.8896],[31.3897,-27.8869],[31.3985,-27.8723],[31.402,-27.8534],[31.4115,-27.8552],[31.4197,-27.8471],[31.4377,-27.8394],[31.4434,-27.863],[31.4481,-27.8684],[31.4571,-27.8623],[31.4595,-27.855],[31.4573,-27.8404],[31.4535,-27.8236],[31.4677,-27.8105],[31.4594,-27.8008],[31.4563,-27.7878],[31.4512,-27.7811],[31.456,-27.7706]]]},"properties":{"tmax":38.1594594,"brucode":"Zc1","tmin":-0.84324324,"bru_clean":"Zc1","tmean":17.12027034,"map":1090.125}},
{"type":"Feature","geometry":{"type":"Polygon","coordinates":[[[31.3547,-27.8056],[31.3524,-27.8141],[31.3764,-27.8036],[31.3891,-27.794],[31.388,-27.7728],[31.3738,-27.7834],[31.3686,-27.7921],[31.3701,-27.8001],[31.3547,-27.8056]]]},"properties":{"tmax":37.28659228,"brucode":"Uc3c","tmin":-1.57150838,"bru_clean":"Uc3","tmean":17.45754185,"map":805.04972376}},
{"type":"Feature","geometry":{"type":"Polygon","coordinates":[[[31.0914,-27.7931],[31.1043,-27.7983],[31.1167,-27.8107],[31.1334,-27.8333],[31.1374,-27.8227],[31.1487,-27.823],[31.1447,-27.8123],[31.1583,-27.791],[31.1789,-27.7924],[31.192,-27.8067],[31.2177,-27.8235],[31.2436,-27.8268],[31.2484,-27.8185],[31.24,-27.8222],[31.2261,-27.8092],[31.2167,-27.8061],[31.2115,-27.8133],[31.1981,-27.8029],[31.1858,-27.786],[31.1744,-27.7802],[31.1658,-27.7815],[31.1462,-27.7788],[31.145,-27.7868],[31.1299,-27.792],[31.1173,-27.7916],[31.1112,-27.7812],[31.0914,-27.7931]]]},"properties":{"tmax":36.60833327,"brucode":"Zd2b","tmin":-2.40833334,"bru_clean":"Zd2","tmean":15.95833333,"map":901.76923077}},
{"type":"Feature","geometry":{"type":"Polygon","coordinates":[[[30.9772,-27.8525],[30.9873,-27.858],[30.9965,-27.8471],[30.9975,-27.8375],[31.0233,-27.8291],[31.0437,-27.8353],[31.0346,-27.824],[31.0304,-27.7991],[31.0367,-27.7904],[31.0499,-27.7872],[31.0416,-27.7799],[31.0214,-27.7903],[31.0089,-27.805],[31.003,-27.8034],[31.0003,-27.825],[30.9914,-27.8286],[30.9772,-27.8525]]]},"properties":{"tmax":36.60833327,"brucode":"Zd2a","tmin":-2.40833334,"bru_clean":"Zd2","tmean":15.95833333,"map":901.76923077}},
{"type":"Feature","geometry":{"type":"Polygon","coordinates":[[[32.0389,-27.808],[32.0475,-27.7907],[32.0341,-27.796],[32.017,-27.8125],[32.0155,-27.821],[32.0067,-27.8377],[32.0087,-27.8603],[32.0168,-27.879],[32.0275,-27.878],[32.025,-27.8882],[32.0269,-27.9054],[32.0436,-27.909],[32.0599,-27.8946],[32.0725,-27.8874],[32.0681,-27.8795],[32.0692,-27.865],[32.0587,-27.8574],[32.0526,-27.8463],[32.0572,-27.8373],[32.0684,-27.8346],[32.0663,-27.8215],[32.0609,-27.8137],[32.0334,-27.8131],[32.0389,-27.808]]]},"properties":{"tmax":43.36442309,"brucode":"STa2b","tmin":-1.41634615,"bru_clean":"STa2","tmean":20.81153842,"map":638.51456311}},
{"type":"Feature","geometry":{"type":"Polygon","coordinates":[[[32.2033,-27.7889],[32.1945,-27.7999],[32.1952,-27.8144],[32.2102,-27.8156],[32.2113,-27.8221],[32.1948,-27.8221],[32.185,-27.8368],[32.182,-27.8458],[32.159,-27.8594],[32.1414,-27.8653],[32.1383,-27.87],[32.123,-27.8738],[32.1089,-27.8712],[32.1025,-27.8738],[32.0938,-27.8669],[32.0877,-27.8677],[32.0755,-27.884],[32.0675,-27.899],[32.0665,-27.9151],[32.0617,-27.9256],[32.0461,-27.9362],[32.0159,-27.9476],[32.003,-27.9558],[31.9979,-27.9725],[32.0197,-27.9753],[32.0337,-27.971],[32.0434,-27.9761],[32.0546,-27.9627],[32.055,-27.9549],[32.0621,-27.9471],[32.0629,-27.9337],[32.0734,-27.9313],[32.0889,-27.9125],[32.0969,-27.8917],[32.1059,-27.9083],[32.0983,-27.9146],[32.119,-27.9204],[32.1191,-27.9293],[32.136,-27.9299],[32.1497,-27.9347],[32.1547,-27.9305],[32.1709,-27.9303],[32.1789,-27.9333],[32.1856,-27.9417],[32.178,-27.9446],[32.1625,-27.9394],[32.1638,-27.9475],[32.1792,-27.9529],[32.1885,-27.9444],[32.2016,-27.9576],[32.2059,-27.9718],[32.2013,-27.9839],[32.2146,-27.9849],[32.2226,-27.9745],[32.2316,-27.9795],[32.2336,-27.9868],[32.2294,-27.9959],[32.2313,-28.0039],[32.2407,-28.0068],[32.2453,-28.0016],[32.2734,-28.0052],[32.2756,-28.0002],[32.2816,-27.9887],[32.2829,-27.9787],[32.2789,-27.9662],[32.2822,-27.9547],[32.2775,-27.9495],[32.2813,-27.9413],[32.2797,-27.9329],[32.2834,-27.916],[32.2621,-27.9147],[32.2643,-27.899],[32.2563,-27.8776],[32.2531,-27.8724],[32.2425,-27.8716],[32.239,-27.8521],[32.2335,-27.8475],[32.233,-27.8334],[32.219,-27.822],[32.2154,-27.8063],[32.2016,-27.8069],[32.2033,-27.7889]]]},"properties":{"tmax":43.8039472,"brucode":"STa3","tmin":2.81710524,"bru_clean":"STa3","tmean":21.9407894,"map":694.5974026}},
{"type":"Feature","geometry":{"type":"Polygon","coordinates":[[[31.022,-27.9357],[31.0448,-27.9392],[31.051,-27.9366],[31.0615,-27.9402],[31.0745,-27.94],[31.0838,-27.9432],[31.1012,-27.9315],[31.1142,-27.933],[31.118,-27.9232],[31.1051,-27.9129],[31.104,-27.9019],[31.112,-27.8835],[31.1407,-27.8895],[31.1512,-27.8947],[31.1694,-27.8929],[31.1623,-27.8757],[31.1542,-27.871],[31.1475,-27.8581],[31.1668,-27.8554],[31.1592,-27.8475],[31.141,-27.8488],[31.1279,-27.839],[31.118,-27.8208],[31.0981,-27.8042],[31.077,-27.8076],[31.0614,-27.8001],[31.0552,-27.7982],[31.0428,-27.8024],[31.044,-27.8129],[31.0572,-27.8269],[31.0686,-27.8318],[31.0932,-27.8324],[31.0959,-27.841],[31.084,-27.8438],[31.0684,-27.8386],[31.0619,-27.8498],[31.0364,-27.848],[31.0252,-27.844],[31.0198,-27.8479],[31.0055,-27.8474],[30.994,-27.8654],[30.9844,-27.8667],[30.9878,-27.8877],[30.9949,-27.8888],[31.0039,-27.9025],[31.0105,-27.8917],[31.0029,-27.8856],[31.0022,-27.8785],[31.0182,-27.8819],[31.0288,-27.8705],[31.04,-27.867],[31.0559,-27.8729],[31.0591,-27.8795],[31.0594,-27.9011],[31.0722,-27.9064],[31.0795,-27.9146],[31.0686,-27.9208],[31.0531,-27.9167],[31.0452,-27.9115],[31.0314,-27.9298],[31.0217,-27.9348],[31.022,-27.9357]]]},"properties":{"tmax":36.96750002,"brucode":"Xc2","tmin":-0.585,"bru_clean":"Xc2","tmean":16.8425,"map":920.1025641}},
{"type":"Feature","geometry":{"type":"Polygon","coordinates":[[[31.6191,-27.842],[31.613,-27.8528],[31.6068,-27.846],[31.5972,-27.846],[31.5925,-27.8359],[31.5957,-27.8256],[31.5912,-27.8186],[31.5949,-27.8115],[31.5931,-27.8028],[31.5808,-27.8107],[31.5857,-27.8159],[31.5709,-27.8311],[31.5644,-27.831],[31.573,-27.8361],[31.587,-27.8282],[31.5873,-27.8372],[31.56,-27.8434],[31.5478,-27.8409],[31.5423,-27.8533],[31.5268,-27.8513],[31.5142,-27.8549],[31.5128,-27.8596],[31.5226,-27.8718],[31.5284,-27.8662],[31.5363,-27.8702],[31.5378,-27.8808],[31.5468,-27.8822],[31.5381,-27.8972],[31.5346,-27.885],[31.5204,-27.8819],[31.5157,-27.8686],[31.5051,-27.8648],[31.4959,-27.8677],[31.5025,-27.8518],[31.4944,-27.8495],[31.4887,-27.838],[31.4871,-27.8451],[31.4775,-27.8479],[31.4828,-27.8594],[31.4653,-27.8708],[31.4736,-27.8768],[31.4739,-27.8839],[31.4581,-27.8776],[31.4583,-27.8878],[31.4421,-27.8792],[31.434,-27.8684],[31.4351,-27.8482],[31.4268,-27.8536],[31.4206,-27.869],[31.4252,-27.8824],[31.4344,-27.8985],[31.4349,-27.9094],[31.4212,-27.903],[31.4174,-27.9137],[31.4031,-27.9118],[31.3946,-27.9139],[31.3842,-27.9081],[31.3697,-27.8905],[31.3514,-27.8836],[31.3343,-27.8864],[31.3216,-27.8696],[31.3147,-27.8652],[31.3172,-27.8737],[31.3165,-27.891],[31.3271,-27.9033],[31.3343,-27.9011],[31.3484,-27.9041],[31.3579,-27.9178],[31.3516,-27.9255],[31.3527,-27.9332],[31.3637,-27.9324],[31.3698,-27.9364],[31.3862,-27.9402],[31.3943,-27.9476],[31.4273,-27.9503],[31.4322,-27.9622],[31.4346,-27.9549],[31.4288,-27.9456],[31.4185,-27.9439],[31.4127,-27.9378],[31.4002,-27.9362],[31.3942,-27.924],[31.3949,-27.9174],[31.4152,-27.9212],[31.4235,-27.9301],[31.4463,-27.9285],[31.4429,-27.9124],[31.4448,-27.9041],[31.4399,-27.8983],[31.443,-27.8899],[31.4558,-27.9114],[31.4685,-27.9163],[31.4691,-27.8948],[31.4783,-27.8887],[31.4909,-27.8703],[31.4975,-27.88],[31.4975,-27.8868],[31.5113,-27.8872],[31.5189,-27.9047],[31.5255,-27.906],[31.5245,-27.9228],[31.5313,-27.9261],[31.536,-27.9072],[31.5572,-27.8758],[31.5448,-27.8706],[31.5426,-27.864],[31.5588,-27.8562],[31.5771,-27.8618],[31.5821,-27.8547],[31.5903,-27.8523],[31.5989,-27.8563],[31.5986,-27.8675],[31.6036,-27.872],[31.6368,-27.8756],[31.6305,-27.8863],[31.6341,-27.8898],[31.6251,-27.8996],[31.6449,-27.9016],[31.6462,-27.9163],[31.6433,-27.9273],[31.6526,-27.9377],[31.6575,-27.936],[31.6521,-27.9186],[31.6569,-27.9118],[31.6717,-27.9123],[31.6678,-27.9035],[31.6536,-27.9007],[31.6421,-27.8805],[31.6612,-27.8742],[31.6711,-27.8622],[31.6765,-27.8634],[31.6723,-27.856],[31.6634,-27.855],[31.6571,-27.8472],[31.6377,-27.8437],[31.631,-27.8392],[31.6191,-27.842]]]},"properties":{"tmax":40.43023274,"brucode":"Wb1","tmin":0.86511629,"bru_clean":"Wb1","tmean":19.09069784,"map":1079.32608696}},
{"type":"Feature","geometry":{"type":"Polygon","coordinates":[[[31.1668,-27.8554],[31.1475,-27.8581],[31.1542,-27.871],[31.1623,-27.8757],[31.1694,-27.8929],[31.1512,-27.8947],[31.1407,-27.8895],[31.112,-27.8835],[31.104,-27.9019],[31.1051,-27.9129],[31.118,-27.9232],[31.1142,-27.933],[31.1012,-27.9315],[31.0838,-27.9432],[31.0745,-27.94],[31.0814,-27.9469],[31.0926,-27.9466],[31.0946,-27.9397],[31.1079,-27.9426],[31.1241,-27.9519],[31.1364,-27.9589],[31.1457,-27.9539],[31.1406,-27.9448],[31.1435,-27.9348],[31.1495,-27.9324],[31.1508,-27.9214],[31.1373,-27.9092],[31.1301,-27.9122],[31.1196,-27.9059],[31.1218,-27.8965],[31.1361,-27.9051],[31.1505,-27.9082],[31.1723,-27.9139],[31.1834,-27.908],[31.17,-27.8821],[31.1901,-27.8703],[31.2038,-27.8798],[31.2028,-27.8675],[31.2115,-27.8563],[31.2316,-27.861],[31.238,-27.8733],[31.254,-27.8772],[31.2611,-27.889],[31.2657,-27.8935],[31.2792,-27.8956],[31.2967,-27.9087],[31.2868,-27.9202],[31.2967,-27.9277],[31.2876,-27.9313],[31.2862,-27.9393],[31.2982,-27.9445],[31.3049,-27.9545],[31.3036,-27.962],[31.3114,-27.9755],[31.3019,-27.9868],[31.3232,-28.0018],[31.3373,-28.0029],[31.3408,-27.9993],[31.3376,-27.9961],[31.3475,-27.9847],[31.3558,-27.9695],[31.3651,-27.9647],[31.3575,-27.9634],[31.3582,-27.9496],[31.3733,-27.94],[31.3746,-27.949],[31.3906,-27.9488],[31.3965,-27.9636],[31.4136,-27.9546],[31.4165,-27.9695],[31.4133,-27.9759],[31.4238,-27.9881],[31.4233,-27.9941],[31.4263,-28.0024],[31.4355,-28.0015],[31.4377,-28.009],[31.4577,-28.0205],[31.4594,-28.0134],[31.4703,-28.0135],[31.4706,-28.0067],[31.4484,-28.004],[31.4441,-27.987],[31.4231,-27.9807],[31.4209,-27.9737],[31.4303,-27.9698],[31.4322,-27.9622],[31.4273,-27.9503],[31.3943,-27.9476],[31.3862,-27.9402],[31.3698,-27.9364],[31.3637,-27.9324],[31.3527,-27.9332],[31.3516,-27.9255],[31.3579,-27.9178],[31.3484,-27.9041],[31.3343,-27.9011],[31.3271,-27.9033],[31.3165,-27.891],[31.3172,-27.8737],[31.3147,-27.8652],[31.3051,-27.8564],[31.3097,-27.881],[31.305,-27.8951],[31.3124,-27.9049],[31.3168,-27.9287],[31.3397,-27.9343],[31.3339,-27.9393],[31.3436,-27.948],[31.3401,-27.9609],[31.3475,-27.966],[31.3386,-27.9758],[31.3222,-27.9537],[31.3166,-27.9352],[31.307,-27.9333],[31.3015,-27.9216],[31.3066,-27.9044],[31.2902,-27.8933],[31.2894,-27.8852],[31.2654,-27.8818],[31.2666,-27.8765],[31.2418,-27.868],[31.236,-27.8691],[31.2319,-27.8523],[31.2086,-27.8524],[31.2023,-27.859],[31.195,-27.8489],[31.1881,-27.8479],[31.1814,-27.8389],[31.1914,-27.8232],[31.1806,-27.8111],[31.1694,-27.8209],[31.1638,-27.8341],[31.1652,-27.8404],[31.1753,-27.8485],[31.1668,-27.8554]]]},"properties":{"tmax":38.17368417,"brucode":"Wc5","tmin":0.20263158,"bru_clean":"Wc5","tmean":17.85263167,"map":1145.925}},
{"type":"Feature","geometry":{"type":"Polygon","coordinates":[[[31.9233,-27.8137],[31.9116,-27.82],[31.8978,-27.8338],[31.9075,-27.8424],[31.917,-27.8263],[31.9247,-27.8224],[31.9233,-27.8137]]]},"properties":{"tmax":42.37215163,"brucode":"Tb1b","tmin":-1.84050633,"bru_clean":"Tb1","tmean":20.25949377,"map":657.66233766}},
{"type":"Feature","geometry":{"type":"Polygon","coordinates":[[[31.6765,-27.8634],[31.6711,-27.8622],[31.6612,-27.8742],[31.6421,-27.8805],[31.6536,-27.9007],[31.6678,-27.9035],[31.6717,-27.9123],[31.6569,-27.9118],[31.6521,-27.9186],[31.6575,-27.936],[31.6526,-27.9377],[31.6433,-27.9273],[31.6462,-27.9163],[31.6449,-27.9016],[31.6251,-27.8996],[31.6341,-27.8898],[31.6305,-27.8863],[31.6368,-27.8756],[31.6036,-27.872],[31.5986,-27.8675],[31.5989,-27.8563],[31.5903,-27.8523],[31.5821,-27.8547],[31.5771,-27.8618],[31.5588,-27.8562],[31.5426,-27.864],[31.5448,-27.8706],[31.5572,-27.8758],[31.536,-27.9072],[31.5461,-27.9209],[31.5447,-27.9289],[31.5183,-27.964],[31.5228,-27.9673],[31.541,-27.9647],[31.5455,-27.9604],[31.5576,-27.9647],[31.5525,-27.9729],[31.5373,-27.987],[31.5452,-27.9925],[31.5477,-28.0058],[31.5396,-28.007],[31.52,-28.0008],[31.5129,-28.0098],[31.5177,-28.0133],[31.5267,-28.0068],[31.5272,-28.0256],[31.5407,-28.0263],[31.549,-28.0364],[31.5583,-28.0332],[31.5678,-28.0198],[31.5602,-28.0149],[31.5662,-28.0086],[31.5945,-27.9964],[31.5898,-27.9849],[31.5904,-27.9761],[31.5832,-27.9639],[31.5969,-27.9594],[31.5889,-27.9442],[31.5847,-27.9278],[31.5893,-27.9231],[31.5942,-27.9065],[31.5805,-27.8982],[31.5751,-27.8777],[31.5806,-27.8745],[31.5948,-27.8821],[31.5972,-27.8954],[31.6031,-27.8953],[31.6102,-27.8829],[31.6157,-27.8913],[31.6087,-27.8952],[31.6116,-27.9096],[31.606,-27.9177],[31.6092,-27.9321],[31.6141,-27.9314],[31.6149,-27.9539],[31.6241,-27.966],[31.6404,-27.9635],[31.6416,-27.9482],[31.6529,-27.9524],[31.6628,-27.9513],[31.6676,-27.9633],[31.6667,-27.9746],[31.6712,-27.9863],[31.6633,-27.9877],[31.6588,-28.0003],[31.6503,-28.0118],[31.65,-28.0193],[31.6367,-28.0315],[31.6257,-28.0283],[31.6255,-28.0422],[31.6108,-28.037],[31.6033,-28.0488],[31.5957,-28.0512],[31.5911,-28.0665],[31.5836,-28.0727],[31.5901,-28.0885],[31.5971,-28.0968],[31.6116,-28.0949],[31.6193,-28.1028],[31.6174,-28.1108],[31.6256,-28.121],[31.6326,-28.1228],[31.6356,-28.109],[31.6474,-28.1071],[31.6457,-28.0851],[31.6554,-28.0837],[31.6504,-28.0966],[31.6504,-28.1067],[31.6412,-28.1114],[31.6422,-28.1258],[31.65,-28.1487],[31.6713,-28.1634],[31.6586,-28.1773],[31.6644,-28.1803],[31.6788,-28.1723],[31.6777,-28.1642],[31.6853,-28.1449],[31.6798,-28.1278],[31.6831,-28.116],[31.6921,-28.1056],[31.6894,-28.1013],[31.6938,-28.087],[31.687,-28.0736],[31.7022,-28.0711],[31.6988,-28.0824],[31.7114,-28.092],[31.7195,-28.092],[31.7173,-28.0792],[31.7201,-28.0722],[31.7173,-28.0613],[31.7031,-28.0606],[31.7045,-28.053],[31.6931,-28.0465],[31.6877,-28.0359],[31.6803,-28.0413],[31.689,-28.0568],[31.6821,-28.0757],[31.6681,-28.0705],[31.6599,-28.0629],[31.6565,-28.0507],[31.6445,-28.0472],[31.6472,-28.0365],[31.6629,-28.0304],[31.6655,-28.0206],[31.6594,-28.0138],[31.6705,-27.9938],[31.6795,-27.9894],[31.673,-27.967],[31.673,-27.9529],[31.7084,-27.9802],[31.7071,-27.9879],[31.72,-27.9902],[31.7421,-27.9881],[31.7517,-27.9923],[31.7413,-28.0038],[31.7226,-28.0129],[31.7309,-28.0218],[31.7456,-28.0294],[31.7641,-28.0228],[31.7636,-28.0163],[31.7719,-28.0157],[31.7894,-28.024],[31.8001,-28.0211],[31.8061,-28.014],[31.7988,-27.999],[31.7876,-28.0048],[31.7765,-28.003],[31.7669,-28.0073],[31.7686,-27.9832],[31.7723,-27.9784],[31.7908,-27.9705],[31.7908,-27.9859],[31.8033,-27.9816],[31.8068,-27.9739],[31.8164,-27.9836],[31.8243,-27.994],[31.8189,-28.0025],[31.8214,-28.0082],[31.8166,-28.0211],[31.8191,-28.0278],[31.8322,-28.0291],[31.8281,-28.0374],[31.8309,-28.0693],[31.8301,-28.0779],[31.8388,-28.0872],[31.8525,-28.0797],[31.8484,-28.0737],[31.8526,-28.0591],[31.8463,-28.0518],[31.8476,-28.041],[31.858,-28.0367],[31.8686,-28.0445],[31.8594,-28.064],[31.8612,-28.0781],[31.8721,-28.0883],[31.8833,-28.0889],[31.9014,-28.0803],[31.9016,-28.0865],[31.8756,-28.0955],[31.8712,-28.1046],[31.875,-28.113],[31.865,-28.1141],[31.8581,-28.1201],[31.8654,-28.1252],[31.8815,-28.1186],[31.8952,-28.1033],[31.907,-28.1092],[31.9188,-28.0992],[31.9268,-28.1237],[31.9333,-28.1138],[31.9271,-28.1007],[31.9275,-28.0775],[31.9191,-28.0673],[31.927,-28.0486],[31.9272,-28.0397],[31.9376,-28.027],[31.943,-28.0132],[31.9391,-28.008],[31.9441,-27.9979],[31.9388,-27.9897],[31.9243,-28.0077],[31.9121,-28.0141],[31.9013,-28.0108],[31.903,-28.0045],[31.8901,-27.9974],[31.8873,-27.9845],[31.8815,-27.979],[31.8797,-27.9644],[31.8829,-27.9579],[31.8706,-27.945],[31.8321,-27.9466],[31.8286,-27.9318],[31.8158,-27.9346],[31.8161,-27.9219],[31.8317,-27.9074],[31.8369,-27.8965],[31.8322,-27.8888],[31.8199,-27.8792],[31.8112,-27.8771],[31.8054,-27.8693],[31.7896,-27.8693],[31.7869,-27.8774],[31.7751,-27.8713],[31.7623,-27.87],[31.743,-27.8526],[31.7304,-27.8474],[31.7278,-27.8356],[31.7196,-27.8233],[31.7062,-27.8158],[31.7041,-27.8237],[31.7145,-27.839],[31.7063,-27.8394],[31.6938,-27.8475],[31.6798,-27.8522],[31.6765,-27.8634]],[[31.6727,-28.0792],[31.6874,-28.0811],[31.6816,-28.0947],[31.6776,-28.1136],[31.6694,-28.1153],[31.6664,-28.1263],[31.6795,-28.1459],[31.676,-28.152],[31.6614,-28.1478],[31.665,-28.1399],[31.656,-28.1281],[31.6562,-28.1206],[31.6701,-28.1108],[31.663,-28.106],[31.663,-28.0988],[31.6727,-28.0968],[31.6766,-28.0871],[31.6727,-28.0792]]]},"properties":{"tmax":41.11534387,"brucode":"Ub8a","tmin":1.44338623,"bru_clean":"Ub8","tmean":20.0571429,"map":845.94736842}},
{"type":"Feature","geometry":{"type":"Polygon","coordinates":[[[31.4573,-27.8404],[31.4595,-27.855],[31.4571,-27.8623],[31.4481,-27.8684],[31.4434,-27.863],[31.4377,-27.8394],[31.4197,-27.8471],[31.4115,-27.8552],[31.402,-27.8534],[31.3985,-27.8723],[31.3897,-27.8869],[31.3816,-27.8896],[31.3624,-27.8813],[31.3476,-27.869],[31.3363,-27.8757],[31.3235,-27.8594],[31.3051,-27.8564],[31.3147,-27.8652],[31.3216,-27.8696],[31.3343,-27.8864],[31.3514,-27.8836],[31.3697,-27.8905],[31.3842,-27.9081],[31.3946,-27.9139],[31.4031,-27.9118],[31.4174,-27.9137],[31.4212,-27.903],[31.4349,-27.9094],[31.4344,-27.8985],[31.4252,-27.8824],[31.4206,-27.869],[31.4268,-27.8536],[31.4351,-27.8482],[31.434,-27.8684],[31.4421,-27.8792],[31.4583,-27.8878],[31.4581,-27.8776],[31.4739,-27.8839],[31.4736,-27.8768],[31.4653,-27.8708],[31.4828,-27.8594],[31.4775,-27.8479],[31.4871,-27.8451],[31.4887,-27.838],[31.4794,-27.8335],[31.4658,-27.8423],[31.4573,-27.8404]]]},"properties":{"tmax":39.90769196,"brucode":"Yb1","tmin":1.1846154,"bru_clean":"Yb1","tmean":18.97692314,"map":1260.54545455}},
{"type":"Feature","geometry":{"type":"Polygon","coordinates":[[[31.9899,-27.9229],[31.9754,-27.9224],[31.9666,-27.9272],[31.9603,-27.9165],[31.9531,-27.9203],[31.9478,-27.9275],[31.9203,-27.9341],[31.9158,-27.9398],[31.9075,-27.9351],[31.9083,-27.9222],[31.9047,-27.9109],[31.9059,-27.8947],[31.8945,-27.8884],[31.8804,-27.8657],[31.8683,-27.8566],[31.8504,-27.8472],[31.8427,-27.8557],[31.8534,-27.8576],[31.8636,-27.8659],[31.8706,-27.8771],[31.8681,-27.8915],[31.8578,-27.8924],[31.8508,-27.907],[31.8369,-27.8965],[31.8317,-27.9074],[31.8161,-27.9219],[31.8158,-27.9346],[31.8286,-27.9318],[31.8321,-27.9466],[31.8706,-27.945],[31.8829,-27.9579],[31.8797,-27.9644],[31.8815,-27.979],[31.8873,-27.9845],[31.8901,-27.9974],[31.903,-28.0045],[31.9013,-28.0108],[31.9121,-28.0141],[31.9243,-28.0077],[31.9388,-27.9897],[31.9441,-27.9979],[31.9391,-28.008],[31.943,-28.0132],[31.9376,-28.027],[31.9272,-28.0397],[31.927,-28.0486],[31.9191,-28.0673],[31.9275,-28.0775],[31.9271,-28.1007],[31.9333,-28.1138],[31.9436,-28.1133],[31.9443,-28.1212],[31.9589,-28.114],[31.9598,-28.0992],[31.9638,-28.0876],[31.9577,-28.0814],[31.96,-28.0599],[31.9552,-28.0526],[31.9571,-28.0366],[31.9507,-28.0352],[31.9514,-28.023],[31.9593,-28.0048],[31.9558,-27.9949],[31.9613,-27.9846],[31.9406,-27.9718],[31.9415,-27.9435],[31.9514,-27.9398],[31.9566,-27.9448],[31.9677,-27.9395],[31.9671,-27.9544],[31.9651,-27.9617],[31.9867,-27.9816],[31.9968,-27.9878],[31.9979,-27.9725],[32.003,-27.9558],[31.9915,-27.9522],[31.9893,-27.9396],[31.9737,-27.9399],[31.9739,-27.9314],[31.9899,-27.9229]],[[31.8927,-27.9104],[31.8911,-27.9471],[31.8792,-27.9468],[31.8795,-27.9346],[31.8733,-27.9135],[31.8814,-27.9006],[31.8932,-27.9034],[31.8927,-27.9104]]]},"properties":{"tmax":41.92826089,"brucode":"Sa1","tmin":0.75217391,"bru_clean":"Sa1","tmean":20.65869559,"map":744.06666667}},
{"type":"Feature","geometry":{"type":"Polygon","coordinates":[[[31.9941,-27.8559],[31.9839,-27.8566],[31.981,-27.8853],[31.9737,-27.8916],[31.9697,-27.9079],[31.991,-27.8936],[31.9909,-27.8836],[31.9863,-27.8762],[31.9854,-27.8609],[31.9941,-27.8559]]]},"properties":{"tmax":42.96182088,"brucode":"RSa1d","tmin":-0.19207048,"bru_clean":"RSa1","tmean":21.23377388,"map":635.94468705}},
{"type":"Feature","geometry":{"type":"Polygon","coordinates":[[[31.1834,-27.908],[31.1974,-27.9134],[31.1981,-27.8921],[31.2158,-27.9063],[31.2331,-27.9288],[31.2469,-27.9358],[31.2536,-27.9208],[31.2469,-27.9191],[31.2454,-27.91],[31.2593,-27.9047],[31.2551,-27.8934],[31.2611,-27.889],[31.254,-27.8772],[31.238,-27.8733],[31.2316,-27.861],[31.2115,-27.8563],[31.2028,-27.8675],[31.2038,-27.8798],[31.1901,-27.8703],[31.17,-27.8821],[31.1834,-27.908]]]},"properties":{"tmax":38.52903218,"brucode":"Vb1b","tmin":1.07419355,"bru_clean":"Vb1","tmean":18.48064509,"map":934.51612903}},
{"type":"Feature","geometry":{"type":"Polygon","coordinates":[[[29.7024,-27.8562],[29.6876,-27.8585],[29.6851,-27.8675],[29.6872,-27.878],[29.6832,-27.8878],[29.6903,-27.8948],[29.6717,-27.9171],[29.6583,-27.9242],[29.6638,-27.929],[29.6582,-27.9373],[29.6734,-27.9426],[29.6772,-27.954],[29.6735,-27.9576],[29.684,-27.9635],[29.6865,-27.9553],[29.6764,-27.9489],[29.6747,-27.9372],[29.6776,-27.9268],[29.6867,-27.9182],[29.6961,-27.9036],[29.6945,-27.8961],[29.706,-27.8821],[29.7008,-27.877],[29.7055,-27.8693],[29.7024,-27.8562]]]},"properties":{"tmax":35.40000153,"brucode":"Ye2","tmin":-10.10000038,"bru_clean":"Ye2","tmean":14.5,"map":907}},
{"type":"Feature","geometry":{"type":"Polygon","coordinates":[[[31.4783,-27.8887],[31.4738,-27.9014],[31.4856,-27.9052],[31.4958,-27.9022],[31.5005,-27.894],[31.5087,-27.9017],[31.5081,-27.9084],[31.5193,-27.9138],[31.5171,-27.9191],[31.5217,-27.933],[31.5368,-27.9325],[31.536,-27.9072],[31.5313,-27.9261],[31.5245,-27.9228],[31.5255,-27.906],[31.5189,-27.9047],[31.5113,-27.8872],[31.4975,-27.8868],[31.4975,-27.88],[31.4909,-27.8703],[31.4783,-27.8887]]]},"properties":{"tmax":41.11534387,"brucode":"Ub8b","tmin":1.44338623,"bru_clean":"Ub8","tmean":20.0571429,"map":845.94736842}},
{"type":"Feature","geometry":{"type":"Polygon","coordinates":[[[32.2563,-27.8776],[32.2643,-27.899],[32.2621,-27.9147],[32.2673,-27.9018],[32.2779,-27.9041],[32.282,-27.8936],[32.276,-27.8899],[32.2762,-27.8785],[32.2827,-27.8767],[32.2701,-27.8613],[32.2622,-27.8644],[32.2563,-27.8776]]]},"properties":{"tmax":43.0236702,"brucode":"STa4b","tmin":-0.44202128,"bru_clean":"STa4","tmean":21.28031915,"map":685.53494624}},
{"type":"Feature","geometry":{"type":"Polygon","coordinates":[[[31.0217,-27.9348],[31.0314,-27.9298],[31.0452,-27.9115],[31.0531,-27.9167],[31.0686,-27.9208],[31.0795,-27.9146],[31.0722,-27.9064],[31.0594,-27.9011],[31.0591,-27.8795],[31.0559,-27.8729],[31.04,-27.867],[31.0288,-27.8705],[31.0182,-27.8819],[31.0022,-27.8785],[31.0029,-27.8856],[31.0105,-27.8917],[31.0039,-27.9025],[30.9949,-27.8888],[30.9878,-27.8877],[30.9854,-27.8904],[30.9771,-27.9005],[30.9762,-27.9156],[30.9862,-27.9241],[31.0047,-27.9302],[31.0213,-27.9305],[31.0217,-27.9348]]]},"properties":{"tmax":36.40000016,"brucode":"Wc4","tmin":-0.22857143,"bru_clean":"Wc4","tmean":16.91428566,"map":879.85714286}},
{"type":"Feature","geometry":{"type":"Polygon","coordinates":[[[29.9468,-27.8677],[29.9411,-27.8714],[29.9124,-27.8707],[29.9027,-27.8716],[29.8886,-27.8797],[29.8888,-27.8892],[29.8714,-27.8978],[29.8444,-27.9021],[29.8403,-27.9111],[29.839,-27.9481],[29.8529,-27.9487],[29.8629,-27.9556],[29.8565,-27.9686],[29.8388,-27.9615],[29.8307,-27.9613],[29.8196,-27.9786],[29.818,-28.001],[29.8204,-28.0133],[29.8284,-28.027],[29.8242,-28.0421],[29.8267,-28.0536],[29.8222,-28.0603],[29.8383,-28.0678],[29.84,-28.073],[29.8626,-28.0831],[29.8704,-28.0761],[29.882,-28.0796],[29.8957,-28.0876],[29.9172,-28.0917],[29.9298,-28.0659],[29.9346,-28.0772],[29.9464,-28.0633],[29.9556,-28.072],[29.9683,-28.0555],[29.9641,-28.0503],[29.969,-28.0243],[29.9611,-28.0069],[29.9654,-27.9868],[29.9727,-27.9824],[29.9658,-27.9792],[29.9722,-27.9645],[29.9613,-27.9572],[29.965,-27.9452],[29.9612,-27.9355],[29.9545,-27.9303],[29.959,-27.9214],[29.9696,-27.9127],[29.9614,-27.9025],[29.9389,-27.8978],[29.9467,-27.8887],[29.9607,-27.8905],[29.9605,-27.8766],[29.9468,-27.8677]],[[29.9478,-27.9662],[29.9403,-27.9812],[29.9274,-27.9771],[29.9187,-27.9893],[29.9214,-27.9965],[29.9325,-27.9965],[29.9422,-28.0132],[29.9308,-28.0217],[29.9199,-28.019],[29.9162,-28.0056],[29.9101,-28.0003],[29.8603,-28.0149],[29.874,-28.0009],[29.8912,-27.9937],[29.9021,-27.9952],[29.915,-27.9874],[29.9202,-27.9772],[29.9147,-27.9633],[29.9278,-27.9654],[29.9428,-27.9447],[29.9496,-27.9559],[29.9478,-27.9662]]]},"properties":{"tmax":37.5580248,"brucode":"WXc1","tmin":-5.3209876,"bru_clean":"WXc1","tmean":17.58518506,"map":793.87341772}},
{"type":"Feature","geometry":{"type":"Polygon","coordinates":[[[31.5583,-28.0332],[31.5688,-28.0359],[31.5845,-28.03],[31.6,-28.0301],[31.6081,-28.0164],[31.5995,-27.9962],[31.6034,-27.9805],[31.6161,-27.9678],[31.6171,-27.9927],[31.6211,-27.9993],[31.6334,-28.0034],[31.6295,-28.0152],[31.6194,-28.0147],[31.6068,-28.035],[31.6108,-28.037],[31.6255,-28.0422],[31.6257,-28.0283],[31.6367,-28.0315],[31.65,-28.0193],[31.6503,-28.0118],[31.6588,-28.0003],[31.6633,-27.9877],[31.6712,-27.9863],[31.6667,-27.9746],[31.6676,-27.9633],[31.6628,-27.9513],[31.6529,-27.9524],[31.6416,-27.9482],[31.6404,-27.9635],[31.6241,-27.966],[31.6149,-27.9539],[31.6141,-27.9314],[31.6092,-27.9321],[31.606,-27.9177],[31.6116,-27.9096],[31.6087,-27.8952],[31.6157,-27.8913],[31.6102,-27.8829],[31.6031,-27.8953],[31.5972,-27.8954],[31.5948,-27.8821],[31.5806,-27.8745],[31.5751,-27.8777],[31.5805,-27.8982],[31.5942,-27.9065],[31.5893,-27.9231],[31.5847,-27.9278],[31.5889,-27.9442],[31.5969,-27.9594],[31.5832,-27.9639],[31.5904,-27.9761],[31.5898,-27.9849],[31.5945,-27.9964],[31.5662,-28.0086],[31.5602,-28.0149],[31.5678,-28.0198],[31.5583,-28.0332]]]},"properties":{"tmax":40.79230749,"brucode":"Ta1","tmin":2.19230768,"bru_clean":"Ta1","tmean":20.19230769,"map":930.22222222}},
{"type":"Feature","geometry":{"type":"Polygon","coordinates":[[[29.9727,-27.9824],[29.9654,-27.9868],[29.9611,-28.0069],[29.969,-28.0243],[29.9641,-28.0503],[29.9683,-28.0555],[29.9891,-28.0636],[29.9925,-28.0714],[29.9899,-28.0852],[29.9987,-28.1006],[30.0117,-28.1172],[30.0266,-28.1006],[30.0327,-28.1089],[30.0425,-28.1144],[30.0368,-28.1043],[30.0441,-28.0916],[30.0595,-28.0886],[30.0583,-28.0812],[30.0502,-28.0716],[30.0494,-28.0534],[30.0704,-28.0487],[30.0657,-28.0274],[30.0703,-28.0202],[30.0965,-28.017],[30.1012,-28.0113],[30.1211,-28.0114],[30.1354,-28.0301],[30.1568,-28.0286],[30.1578,-28.0386],[30.1485,-28.0366],[30.1355,-28.0397],[30.1222,-28.0222],[30.0883,-28.0215],[30.0762,-28.0276],[30.0728,-28.0372],[30.0752,-28.0438],[30.0728,-28.0563],[30.0584,-28.0653],[30.0631,-28.0697],[30.0657,-28.0822],[30.0631,-28.0924],[30.0529,-28.0961],[30.0466,-28.1044],[30.0535,-28.1112],[30.0761,-28.1076],[30.1064,-28.0994],[30.1107,-28.1051],[30.1258,-28.1072],[30.1353,-28.1033],[30.144,-28.1109],[30.1472,-28.1218],[30.1562,-28.117],[30.1673,-28.1237],[30.1817,-28.1212],[30.1829,-28.1035],[30.1865,-28.095],[30.2121,-28.0875],[30.2013,-28.087],[30.205,-28.0785],[30.1967,-28.0755],[30.197,-28.0629],[30.1866,-28.0551],[30.1882,-28.0413],[30.2013,-28.0391],[30.2044,-28.0459],[30.2159,-28.046],[30.2243,-28.0542],[30.2454,-28.0474],[30.2687,-28.0571],[30.2902,-28.0575],[30.3065,-28.0722],[30.3178,-28.0731],[30.3321,-28.0854],[30.3447,-28.1029],[30.3548,-28.0999],[30.3543,-28.0836],[30.3434,-28.0629],[30.3345,-28.0501],[30.3261,-28.0475],[30.2973,-28.0543],[30.2889,-28.0336],[30.2785,-28.0299],[30.2704,-28.0229],[30.2591,-28.0007],[30.247,-27.9926],[30.2373,-28.003],[30.2294,-28.001],[30.2158,-28.0137],[30.2145,-28.023],[30.2081,-28.0331],[30.1973,-28.016],[30.1778,-28.0088],[30.164,-28.0163],[30.1608,-28.0087],[30.1668,-27.9997],[30.184,-27.9983],[30.1956,-27.9882],[30.1889,-27.9707],[30.1771,-27.969],[30.1503,-27.9515],[30.1439,-27.9547],[30.1222,-27.9531],[30.0992,-27.9264],[30.0681,-27.9126],[30.0685,-27.8981],[30.0649,-27.8912],[30.074,-27.8722],[30.0673,-27.8743],[30.0652,-27.8836],[30.0553,-27.8892],[30.0537,-27.9039],[30.0644,-27.9225],[30.0587,-27.9319],[30.062,-27.9498],[30.0513,-27.9479],[30.0482,-27.9651],[30.0372,-27.9659],[30.0306,-27.9767],[30.0303,-27.9841],[30.0219,-27.9985],[30.0144,-27.9964],[30.0127,-27.9881],[29.9918,-27.9799],[29.9727,-27.9824]]]},"properties":{"tmax":38.45479456,"brucode":"Vc2a","tmin":-6.11027399,"bru_clean":"Vc2","tmean":17.44178094,"map":757.89115646}},
{"type":"Feature","geometry":{"type":"Polygon","coordinates":[[[31.4346,-27.9549],[31.4378,-27.9709],[31.4316,-27.9795],[31.4573,-27.9895],[31.4671,-27.991],[31.4714,-28.0029],[31.4903,-28.0155],[31.4997,-28.0264],[31.4978,-28.0032],[31.4878,-28.0091],[31.4814,-28.0057],[31.4745,-27.9875],[31.4587,-27.9739],[31.4493,-27.9764],[31.443,-27.9626],[31.4511,-27.9563],[31.4519,-27.9405],[31.4358,-27.9434],[31.4283,-27.9366],[31.462,-27.9299],[31.4618,-27.9453],[31.4671,-27.9549],[31.4879,-27.952],[31.4937,-27.9289],[31.5048,-27.9347],[31.5004,-27.9482],[31.4929,-27.9516],[31.4917,-27.9662],[31.5017,-27.9698],[31.5185,-27.9802],[31.5436,-27.9712],[31.5307,-27.9906],[31.5477,-28.0058],[31.5452,-27.9925],[31.5373,-27.987],[31.5525,-27.9729],[31.5576,-27.9647],[31.5455,-27.9604],[31.541,-27.9647],[31.5228,-27.9673],[31.5183,-27.964],[31.5447,-27.9289],[31.5461,-27.9209],[31.536,-27.9072],[31.5368,-27.9325],[31.5217,-27.933],[31.5171,-27.9191],[31.5193,-27.9138],[31.5081,-27.9084],[31.5087,-27.9017],[31.5005,-27.894],[31.4958,-27.9022],[31.4856,-27.9052],[31.4738,-27.9014],[31.4783,-27.8887],[31.4691,-27.8948],[31.4685,-27.9163],[31.4558,-27.9114],[31.443,-27.8899],[31.4399,-27.8983],[31.4448,-27.9041],[31.4429,-27.9124],[31.4463,-27.9285],[31.4235,-27.9301],[31.4152,-27.9212],[31.3949,-27.9174],[31.3942,-27.924],[31.4002,-27.9362],[31.4127,-27.9378],[31.4185,-27.9439],[31.4288,-27.9456],[31.4346,-27.9549]]]},"properties":{"tmax":41.13749997,"brucode":"Ua1","tmin":1.51666667,"bru_clean":"Ua1","tmean":20.26250005,"map":1047.2173913}},
{"type":"Feature","geometry":{"type":"Polygon","coordinates":[[[31.2611,-27.889],[31.2551,-27.8934],[31.2593,-27.9047],[31.2454,-27.91],[31.2469,-27.9191],[31.2536,-27.9208],[31.2469,-27.9358],[31.2331,-27.9288],[31.2158,-27.9063],[31.1981,-27.8921],[31.1974,-27.9134],[31.1834,-27.908],[31.1723,-27.9139],[31.1505,-27.9082],[31.1751,-27.9231],[31.1676,-27.9422],[31.1775,-27.945],[31.1847,-27.939],[31.1998,-27.9326],[31.2172,-27.9391],[31.2275,-27.9346],[31.2488,-27.9477],[31.2491,-27.9618],[31.2588,-27.9603],[31.2585,-27.952],[31.2703,-27.9509],[31.2813,-27.9552],[31.2761,-27.9395],[31.2862,-27.9393],[31.2876,-27.9313],[31.2967,-27.9277],[31.2868,-27.9202],[31.2967,-27.9087],[31.2792,-27.8956],[31.2657,-27.8935],[31.2611,-27.889]]]},"properties":{"tmax":38.73333316,"brucode":"Ub2","tmin":1.36666666,"bru_clean":"Ub2","tmean":18.81666682,"map":1008.11111111}},
{"type":"Feature","geometry":{"type":"Polygon","coordinates":[[[32.055,-27.9549],[32.0581,-27.9622],[32.069,-27.9594],[32.0778,-27.9617],[32.0841,-27.9537],[32.0997,-27.9535],[32.1237,-27.9571],[32.1295,-27.9613],[32.1387,-27.9697],[32.1394,-27.9622],[32.1479,-27.9444],[32.127,-27.9404],[32.136,-27.9299],[32.1191,-27.9293],[32.119,-27.9204],[32.0983,-27.9146],[32.1059,-27.9083],[32.0969,-27.8917],[32.0889,-27.9125],[32.0734,-27.9313],[32.0629,-27.9337],[32.0621,-27.9471],[32.055,-27.9549]]]},"properties":{"tmax":43.35555522,"brucode":"UVa2","tmin":1.61111112,"bru_clean":"UVa2","tmean":21.04444461,"map":689.81818182}},
{"type":"Feature","geometry":{"type":"Polygon","coordinates":[[[31.1241,-27.9519],[31.1289,-27.9668],[31.1227,-27.9695],[31.1062,-27.9638],[31.0938,-27.9648],[31.0887,-27.9749],[31.0961,-27.9813],[31.1026,-27.9967],[31.0986,-28.0013],[31.0885,-27.9964],[31.0787,-28.0087],[31.0803,-28.0131],[31.0913,-28.0201],[31.0955,-28.0303],[31.1154,-28.0247],[31.1244,-28.031],[31.1329,-28.0247],[31.1406,-28.0267],[31.1543,-28.022],[31.1471,-28.0109],[31.1491,-27.9958],[31.1609,-27.9863],[31.1535,-27.9734],[31.1589,-27.9593],[31.168,-27.955],[31.1676,-27.9422],[31.1751,-27.9231],[31.1505,-27.9082],[31.1361,-27.9051],[31.1218,-27.8965],[31.1196,-27.9059],[31.1301,-27.9122],[31.1373,-27.9092],[31.1508,-27.9214],[31.1495,-27.9324],[31.1435,-27.9348],[31.1406,-27.9448],[31.1457,-27.9539],[31.1364,-27.9589],[31.1241,-27.9519]]]},"properties":{"tmax":38.52903218,"brucode":"Vb1a","tmin":1.07419355,"bru_clean":"Vb1","tmean":18.48064509,"map":934.51612903}},
{"type":"Feature","geometry":{"type":"Polygon","coordinates":[[[31.8927,-27.9104],[31.8932,-27.9034],[31.8814,-27.9006],[31.8733,-27.9135],[31.8795,-27.9346],[31.8792,-27.9468],[31.8911,-27.9471],[31.8927,-27.9104]]]},"properties":{"tmax":42.37215163,"brucode":"Tb1c","tmin":-1.84050633,"bru_clean":"Tb1","tmean":20.25949377,"map":657.66233766}},
{"type":"Feature","geometry":{"type":"Polygon","coordinates":[[[30.9072,-27.9536],[30.901,-27.9453],[30.904,-27.9368],[30.8994,-27.9233],[30.8797,-27.9202],[30.8687,-27.9216],[30.8687,-27.93],[30.8839,-27.9367],[30.8841,-27.9489],[30.8783,-27.9624],[30.8793,-27.9778],[30.8981,-27.9599],[30.9015,-27.9754],[30.915,-27.9716],[30.9362,-27.9692],[30.9398,-27.966],[30.9396,-27.9406],[30.9274,-27.9413],[30.9301,-27.9489],[30.9164,-27.9549],[30.9072,-27.9536]]]},"properties":{"tmax":36.8466898,"brucode":"Vc4b","tmin":-3.65644599,"bru_clean":"Vc4","tmean":17.09860624,"map":744.95818815}},
{"type":"Feature","geometry":{"type":"Polygon","coordinates":[[[31.8164,-27.9836],[31.8157,-27.9905],[31.8077,-28.0051],[31.8061,-28.014],[31.8001,-28.0211],[31.7894,-28.024],[31.7719,-28.0157],[31.7636,-28.0163],[31.7759,-28.0276],[31.8034,-28.0302],[31.7996,-28.041],[31.8094,-28.0567],[31.815,-28.0533],[31.8157,-28.0744],[31.809,-28.0743],[31.8089,-28.0893],[31.8038,-28.0957],[31.7927,-28.0999],[31.8046,-28.1078],[31.8027,-28.1183],[31.7899,-28.1382],[31.7922,-28.1516],[31.7855,-28.151],[31.7803,-28.1617],[31.7696,-28.1645],[31.7867,-28.1873],[31.7764,-28.1879],[31.7609,-28.1835],[31.7613,-28.2034],[31.7469,-28.2015],[31.7429,-28.1918],[31.7471,-28.1831],[31.7442,-28.175],[31.7522,-28.1594],[31.7409,-28.1536],[31.7342,-28.1543],[31.7323,-28.13],[31.7388,-28.1337],[31.7393,-28.144],[31.7464,-28.1509],[31.7618,-28.1333],[31.7785,-28.1346],[31.7897,-28.1169],[31.7811,-28.1146],[31.7746,-28.1054],[31.7637,-28.0985],[31.766,-28.0876],[31.7614,-28.0815],[31.7467,-28.0809],[31.7402,-28.0984],[31.7305,-28.098],[31.7347,-28.0693],[31.7262,-28.0657],[31.7201,-28.0722],[31.7173,-28.0792],[31.7195,-28.092],[31.7114,-28.092],[31.6988,-28.0824],[31.7022,-28.0711],[31.687,-28.0736],[31.6938,-28.087],[31.6894,-28.1013],[31.6921,-28.1056],[31.6831,-28.116],[31.6798,-28.1278],[31.6853,-28.1449],[31.6777,-28.1642],[31.6788,-28.1723],[31.6644,-28.1803],[31.6586,-28.1773],[31.6713,-28.1634],[31.65,-28.1487],[31.6422,-28.1258],[31.6412,-28.1114],[31.6504,-28.1067],[31.6504,-28.0966],[31.6554,-28.0837],[31.6457,-28.0851],[31.6474,-28.1071],[31.6356,-28.109],[31.6326,-28.1228],[31.6256,-28.121],[31.6174,-28.1108],[31.6193,-28.1028],[31.6116,-28.0949],[31.5971,-28.0968],[31.5901,-28.0885],[31.5836,-28.0727],[31.5911,-28.0665],[31.5957,-28.0512],[31.6033,-28.0488],[31.6108,-28.037],[31.6068,-28.035],[31.6194,-28.0147],[31.6295,-28.0152],[31.6334,-28.0034],[31.6211,-27.9993],[31.6171,-27.9927],[31.6161,-27.9678],[31.6034,-27.9805],[31.5995,-27.9962],[31.6081,-28.0164],[31.6,-28.0301],[31.5845,-28.03],[31.5688,-28.0359],[31.5583,-28.0332],[31.549,-28.0364],[31.5407,-28.0263],[31.5272,-28.0256],[31.5267,-28.0068],[31.5177,-28.0133],[31.5129,-28.0098],[31.52,-28.0008],[31.5396,-28.007],[31.5477,-28.0058],[31.5307,-27.9906],[31.5436,-27.9712],[31.5185,-27.9802],[31.5017,-27.9698],[31.4917,-27.9662],[31.4929,-27.9516],[31.5004,-27.9482],[31.5048,-27.9347],[31.4937,-27.9289],[31.4879,-27.952],[31.4671,-27.9549],[31.4618,-27.9453],[31.462,-27.9299],[31.4283,-27.9366],[31.4358,-27.9434],[31.4519,-27.9405],[31.4511,-27.9563],[31.443,-27.9626],[31.4493,-27.9764],[31.4587,-27.9739],[31.4745,-27.9875],[31.4814,-28.0057],[31.4878,-28.0091],[31.4978,-28.0032],[31.4997,-28.0264],[31.4807,-28.0242],[31.4802,-28.0312],[31.4647,-28.0407],[31.4585,-28.0384],[31.4373,-28.054],[31.4099,-28.0517],[31.4069,-28.0442],[31.3898,-28.0454],[31.3852,-28.0553],[31.3674,-28.0473],[31.3636,-28.0395],[31.3538,-28.0429],[31.3464,-28.0552],[31.3544,-28.0514],[31.3722,-28.0572],[31.3901,-28.067],[31.3996,-28.0634],[31.409,-28.0678],[31.3991,-28.075],[31.3865,-28.0751],[31.3809,-28.0662],[31.3651,-28.0685],[31.3545,-28.078],[31.3621,-28.0889],[31.3793,-28.0894],[31.3797,-28.098],[31.3962,-28.093],[31.4103,-28.097],[31.4075,-28.104],[31.3811,-28.116],[31.3881,-28.1258],[31.397,-28.1174],[31.4134,-28.1181],[31.4215,-28.1143],[31.4415,-28.119],[31.4406,-28.1284],[31.4545,-28.135],[31.4441,-28.1475],[31.4489,-28.1521],[31.4346,-28.1582],[31.4355,-28.1655],[31.4499,-28.1587],[31.453,-28.1436],[31.4691,-28.1397],[31.4824,-28.1548],[31.4926,-28.162],[31.4935,-28.1757],[31.5147,-28.1669],[31.521,-28.176],[31.53,-28.182],[31.5401,-28.1793],[31.5295,-28.154],[31.5379,-28.15],[31.5469,-28.1561],[31.5557,-28.1522],[31.5468,-28.1373],[31.5448,-28.1262],[31.5601,-28.1327],[31.573,-28.1215],[31.5827,-28.1295],[31.591,-28.1233],[31.6105,-28.1335],[31.613,-28.1422],[31.6209,-28.151],[31.6203,-28.1572],[31.6014,-28.1791],[31.6021,-28.1889],[31.6127,-28.2021],[31.6049,-28.2135],[31.5952,-28.2165],[31.5653,-28.2157],[31.5417,-28.1892],[31.5356,-28.2088],[31.5428,-28.2115],[31.5396,-28.22],[31.55,-28.2363],[31.5604,-28.2398],[31.5594,-28.2579],[31.5762,-28.2541],[31.5831,-28.2626],[31.5786,-28.2501],[31.5892,-28.2473],[31.6098,-28.2492],[31.6193,-28.2403],[31.6344,-28.2481],[31.6372,-28.2593],[31.6322,-28.2669],[31.6357,-28.2735],[31.6374,-28.2957],[31.6319,-28.3162],[31.6438,-28.3244],[31.637,-28.3419],[31.6311,-28.3433],[31.6252,-28.3267],[31.6275,-28.3168],[31.6186,-28.3161],[31.6036,-28.2937],[31.5911,-28.2783],[31.584,-28.2882],[31.5735,-28.2908],[31.5678,-28.278],[31.5594,-28.2848],[31.5503,-28.2808],[31.5529,-28.2968],[31.5678,-28.2877],[31.5691,-28.2939],[31.5627,-28.3072],[31.5528,-28.3025],[31.5437,-28.3036],[31.5269,-28.2876],[31.519,-28.2894],[31.5073,-28.3042],[31.5153,-28.3089],[31.5119,-28.3205],[31.5252,-28.3245],[31.5278,-28.3201],[31.5428,-28.3156],[31.5514,-28.3208],[31.5555,-28.3387],[31.543,-28.3473],[31.5457,-28.3511],[31.5628,-28.344],[31.5709,-28.3433],[31.5797,-28.3295],[31.5804,-28.3213],[31.5949,-28.3222],[31.5843,-28.3368],[31.6059,-28.3498],[31.6012,-28.3691],[31.5925,-28.379],[31.5783,-28.3738],[31.5652,-28.3745],[31.5558,-28.3699],[31.5449,-28.3739],[31.5348,-28.3862],[31.5336,-28.3933],[31.5409,-28.4057],[31.5415,-28.4136],[31.5345,-28.4203],[31.5259,-28.4187],[31.5192,-28.4229],[31.5094,-28.4212],[31.4998,-28.4338],[31.4905,-28.4339],[31.4893,-28.4463],[31.4817,-28.4504],[31.4667,-28.4617],[31.4618,-28.4733],[31.4304,-28.4963],[31.4365,-28.4983],[31.4697,-28.4699],[31.4879,-28.4717],[31.4874,-28.4794],[31.5106,-28.4815],[31.5179,-28.4706],[31.5307,-28.4664],[31.5474,-28.4665],[31.5573,-28.4539],[31.5202,-28.4503],[31.5214,-28.437],[31.5314,-28.4346],[31.5427,-28.4274],[31.5585,-28.4284],[31.5664,-28.437],[31.5747,-28.4239],[31.585,-28.4219],[31.5968,-28.424],[31.5869,-28.441],[31.5972,-28.443],[31.6035,-28.451],[31.597,-28.4608],[31.5847,-28.4666],[31.5833,-28.4813],[31.6071,-28.463],[31.614,-28.4629],[31.6303,-28.4436],[31.6369,-28.4483],[31.6257,-28.46],[31.6325,-28.4665],[31.6311,-28.4814],[31.6409,-28.4749],[31.6406,-28.4642],[31.6507,-28.4601],[31.6606,-28.4643],[31.6733,-28.4588],[31.6782,-28.4701],[31.6775,-28.4838],[31.6911,-28.4748],[31.6928,-28.468],[31.7072,-28.4746],[31.6908,-28.4843],[31.6867,-28.5013],[31.7103,-28.5032],[31.7037,-28.4909],[31.7173,-28.4891],[31.725,-28.4787],[31.7418,-28.475],[31.7401,-28.4982],[31.7519,-28.5039],[31.7689,-28.4873],[31.7784,-28.4953],[31.7859,-28.488],[31.7841,-28.4816],[31.7883,-28.4688],[31.7969,-28.4577],[31.8111,-28.4474],[31.8115,-28.4369],[31.8055,-28.4273],[31.7898,-28.4245],[31.7919,-28.4095],[31.7891,-28.4013],[31.8244,-28.4151],[31.8267,-28.4037],[31.8514,-28.373],[31.8478,-28.3468],[31.8552,-28.3317],[31.8607,-28.3417],[31.8509,-28.3518],[31.8663,-28.3555],[31.8758,-28.3491],[31.8694,-28.3319],[31.877,-28.3286],[31.8877,-28.3493],[31.9003,-28.3449],[31.8992,-28.3566],[31.8887,-28.3587],[31.8866,-28.3669],[31.8782,-28.3699],[31.8686,-28.3927],[31.8839,-28.3866],[31.8944,-28.393],[31.8901,-28.409],[31.8708,-28.4241],[31.8699,-28.4322],[31.8569,-28.4282],[31.8436,-28.4289],[31.8465,-28.4368],[31.8572,-28.4423],[31.8564,-28.4499],[31.8444,-28.4466],[31.8381,-28.4326],[31.8282,-28.4389],[31.8373,-28.4543],[31.8445,-28.46],[31.8261,-28.4696],[31.8321,-28.4764],[31.8466,-28.4724],[31.8633,-28.4574],[31.8733,-28.4453],[31.909,-28.4213],[31.9239,-28.4016],[31.9336,-28.3979],[31.9426,-28.3841],[31.9495,-28.3939],[31.9553,-28.3912],[31.9703,-28.3695],[31.9775,-28.3723],[31.9851,-28.3511],[31.9844,-28.3476],[31.9836,-28.3439],[31.9952,-28.331],[31.9979,-28.305],[31.9877,-28.3051],[31.9912,-28.3158],[31.9731,-28.3174],[31.9696,-28.3278],[31.951,-28.3407],[31.9304,-28.3429],[31.9283,-28.3345],[31.9388,-28.3203],[31.9526,-28.317],[31.9481,-28.3066],[31.9337,-28.302],[31.9321,-28.2857],[31.922,-28.2752],[31.9152,-28.2785],[31.9076,-28.2731],[31.9112,-28.2663],[31.893,-28.2677],[31.8867,-28.2638],[31.865,-28.2683],[31.8615,-28.2615],[31.8685,-28.2564],[31.8799,-28.2547],[31.8837,-28.2474],[31.8823,-28.2411],[31.8873,-28.229],[31.894,-28.2272],[31.8974,-28.2137],[31.8915,-28.2094],[31.8799,-28.2157],[31.8704,-28.2323],[31.8679,-28.2485],[31.8499,-28.2574],[31.8502,-28.2448],[31.8598,-28.2396],[31.8726,-28.211],[31.8778,-28.2099],[31.8838,-28.1939],[31.8732,-28.1945],[31.8727,-28.1818],[31.8602,-28.1882],[31.8512,-28.1804],[31.8352,-28.1962],[31.8313,-28.184],[31.8238,-28.1724],[31.8169,-28.1717],[31.8117,-28.1592],[31.8,-28.1396],[31.8042,-28.1264],[31.8199,-28.1292],[31.8264,-28.118],[31.821,-28.1058],[31.8255,-28.0871],[31.836,-28.0933],[31.8414,-28.1042],[31.8345,-28.1144],[31.8581,-28.1201],[31.865,-28.1141],[31.875,-28.113],[31.8712,-28.1046],[31.8756,-28.0955],[31.9016,-28.0865],[31.9014,-28.0803],[31.8833,-28.0889],[31.8721,-28.0883],[31.8612,-28.0781],[31.8594,-28.064],[31.8686,-28.0445],[31.858,-28.0367],[31.8476,-28.041],[31.8463,-28.0518],[31.8526,-28.0591],[31.8484,-28.0737],[31.8525,-28.0797],[31.8388,-28.0872],[31.8301,-28.0779],[31.8309,-28.0693],[31.8281,-28.0374],[31.8322,-28.0291],[31.8191,-28.0278],[31.8166,-28.0211],[31.8214,-28.0082],[31.8189,-28.0025],[31.8243,-27.994],[31.8164,-27.9836]],[[31.7079,-28.2028],[31.7177,-28.2073],[31.7209,-28.2158],[31.7299,-28.217],[31.7261,-28.2282],[31.731,-28.2446],[31.7221,-28.2504],[31.7223,-28.2754],[31.729,-28.2813],[31.7378,-28.2807],[31.7364,-28.2945],[31.7291,-28.2964],[31.7263,-28.3175],[31.7222,-28.3289],[31.7133,-28.3315],[31.7093,-28.3418],[31.6993,-28.323],[31.7063,-28.3206],[31.7183,-28.3096],[31.715,-28.305],[31.6971,-28.3064],[31.6936,-28.2871],[31.6948,-28.2739],[31.6917,-28.25],[31.6997,-28.2187],[31.7,-28.2045],[31.7079,-28.2028]],[[31.658,-28.2182],[31.6503,-28.2289],[31.6492,-28.2467],[31.6644,-28.256],[31.6729,-28.254],[31.6714,-28.2668],[31.6768,-28.2707],[31.6741,-28.2854],[31.6751,-28.3016],[31.6645,-28.3088],[31.648,-28.2979],[31.6561,-28.2887],[31.6551,-28.2814],[31.6451,-28.2819],[31.646,-28.2595],[31.6418,-28.2458],[31.6509,-28.216],[31.6588,-28.2056],[31.6639,-28.209],[31.658,-28.2182]],[[31.7552,-28.3624],[31.7688,-28.391],[31.7655,-28.4102],[31.7487,-28.4057],[31.7359,-28.3938],[31.7287,-28.3975],[31.7221,-28.3871],[31.7268,-28.3699],[31.7254,-28.3644],[31.7399,-28.3623],[31.7487,-28.3505],[31.7552,-28.3624]]]},"properties":{"tmax":41.32531642,"brucode":"STa1","tmin":4.49113924,"bru_clean":"STa1","tmean":21.46835435,"map":787.46526316}},
{"type":"Feature","geometry":{"type":"Polygon","coordinates":[[[32.136,-27.9299],[32.127,-27.9404],[32.1479,-27.9444],[32.1394,-27.9622],[32.1387,-27.9697],[32.1318,-27.9818],[32.1104,-27.99],[32.105,-27.9944],[32.1144,-28.0024],[32.1227,-27.9947],[32.1293,-27.9985],[32.1305,-28.0068],[32.1311,-28.0203],[32.1411,-28.0466],[32.1301,-28.0588],[32.1235,-28.0461],[32.112,-28.0353],[32.1062,-28.0411],[32.0935,-28.0433],[32.0858,-28.0392],[32.0818,-28.0287],[32.0718,-28.0363],[32.0911,-28.0484],[32.1001,-28.0425],[32.1196,-28.0456],[32.1223,-28.0602],[32.1366,-28.0692],[32.1253,-28.0742],[32.1235,-28.0822],[32.1036,-28.0848],[32.1024,-28.073],[32.0907,-28.0778],[32.0815,-28.0716],[32.074,-28.0597],[32.0693,-28.0681],[32.0775,-28.0748],[32.0954,-28.0804],[32.1017,-28.0953],[32.1103,-28.1024],[32.1052,-28.1097],[32.1075,-28.1207],[32.1353,-28.1121],[32.1662,-28.1291],[32.1518,-28.1373],[32.1382,-28.1406],[32.1322,-28.1464],[32.1313,-28.1548],[32.1396,-28.1632],[32.1494,-28.1537],[32.1582,-28.1384],[32.1729,-28.1347],[32.1817,-28.1368],[32.1868,-28.1436],[32.1965,-28.1285],[32.1945,-28.1222],[32.1838,-28.1152],[32.1769,-28.1179],[32.1687,-28.1069],[32.1637,-28.1097],[32.143,-28.1064],[32.135,-28.1078],[32.1126,-28.1171],[32.1218,-28.0984],[32.1193,-28.0904],[32.1412,-28.0744],[32.1436,-28.059],[32.1572,-28.0651],[32.1627,-28.0578],[32.1702,-28.0338],[32.1827,-28.0255],[32.1864,-28.0317],[32.1771,-28.0521],[32.1735,-28.0659],[32.1796,-28.0691],[32.1942,-28.0634],[32.2031,-28.0735],[32.2195,-28.0668],[32.2165,-28.038],[32.2199,-28.0343],[32.2164,-28.0226],[32.2102,-28.0165],[32.2206,-27.9996],[32.2146,-27.9849],[32.2013,-27.9839],[32.2059,-27.9718],[32.2016,-27.9576],[32.1885,-27.9444],[32.1792,-27.9529],[32.1638,-27.9475],[32.1625,-27.9394],[32.178,-27.9446],[32.1856,-27.9417],[32.1789,-27.9333],[32.1709,-27.9303],[32.1547,-27.9305],[32.1497,-27.9347],[32.136,-27.9299]]]},"properties":{"tmax":43.71874976,"brucode":"Va1a","tmin":2.2609375,"bru_clean":"Va1","tmean":21.98124999,"map":754.83870968}},
{"type":"Feature","geometry":{"type":"Polygon","coordinates":[[[31.2862,-27.9393],[31.2761,-27.9395],[31.2813,-27.9552],[31.2703,-27.9509],[31.2585,-27.952],[31.2588,-27.9603],[31.2491,-27.9618],[31.2488,-27.9477],[31.2275,-27.9346],[31.2172,-27.9391],[31.1998,-27.9326],[31.1847,-27.939],[31.1775,-27.945],[31.1676,-27.9422],[31.168,-27.955],[31.1589,-27.9593],[31.1535,-27.9734],[31.1609,-27.9863],[31.1491,-27.9958],[31.1471,-28.0109],[31.1543,-28.022],[31.1406,-28.0267],[31.1329,-28.0247],[31.1244,-28.031],[31.1154,-28.0247],[31.0955,-28.0303],[31.0913,-28.0201],[31.0803,-28.0131],[31.0812,-28.0319],[31.078,-28.0395],[31.09,-28.0461],[31.0869,-28.0539],[31.0755,-28.0527],[31.0664,-28.0397],[31.0582,-28.0448],[31.065,-28.0522],[31.0647,-28.0653],[31.051,-28.0667],[31.0533,-28.0789],[31.0612,-28.0775],[31.065,-28.0696],[31.0741,-28.0689],[31.0799,-28.0623],[31.0927,-28.0701],[31.0975,-28.0805],[31.0941,-28.0876],[31.1026,-28.099],[31.1193,-28.0994],[31.1234,-28.0894],[31.1329,-28.0843],[31.1336,-28.0722],[31.1503,-28.0669],[31.1497,-28.058],[31.1565,-28.0458],[31.1628,-28.0529],[31.1567,-28.0582],[31.1662,-28.0691],[31.1763,-28.0743],[31.1892,-28.0673],[31.184,-28.0551],[31.1884,-28.042],[31.196,-28.0546],[31.1989,-28.0694],[31.2094,-28.067],[31.2135,-28.043],[31.2129,-28.0292],[31.2123,-28.0176],[31.2294,-28.0019],[31.2368,-28.0121],[31.2601,-28.0067],[31.259,-28.0011],[31.2661,-27.9907],[31.2808,-27.9926],[31.2876,-28.0077],[31.2765,-28.0152],[31.2815,-28.0308],[31.2956,-28.0264],[31.302,-28.0205],[31.3146,-28.0168],[31.3322,-28.0229],[31.343,-28.0201],[31.3538,-28.0251],[31.3449,-28.0412],[31.3464,-28.0552],[31.3538,-28.0429],[31.3636,-28.0395],[31.3674,-28.0473],[31.3852,-28.0553],[31.3898,-28.0454],[31.4069,-28.0442],[31.4003,-28.0329],[31.3927,-28.0367],[31.3818,-28.0323],[31.3674,-28.0314],[31.3642,-28.0137],[31.3565,-27.999],[31.3408,-27.9993],[31.3373,-28.0029],[31.3232,-28.0018],[31.3019,-27.9868],[31.3114,-27.9755],[31.3036,-27.962],[31.3049,-27.9545],[31.2982,-27.9445],[31.2862,-27.9393]]]},"properties":{"tmax":38.74933324,"brucode":"TUb2","tmin":1.96266667,"bru_clean":"TUb2","tmean":19.04533338,"map":965.08}},
{"type":"Feature","geometry":{"type":"Polygon","coordinates":[[[31.6655,-28.0206],[31.6732,-28.0343],[31.6827,-28.0321],[31.6857,-28.0229],[31.6982,-28.0172],[31.7094,-28.0237],[31.7178,-28.0225],[31.7206,-28.0373],[31.7324,-28.0367],[31.7357,-28.0411],[31.7513,-28.0455],[31.7493,-28.0567],[31.7579,-28.0725],[31.7718,-28.0773],[31.7895,-28.0709],[31.795,-28.0638],[31.784,-28.0473],[31.7878,-28.0328],[31.782,-28.0315],[31.7735,-28.0421],[31.7717,-28.0555],[31.7622,-28.0638],[31.7595,-28.048],[31.7636,-28.0444],[31.7641,-28.0228],[31.7456,-28.0294],[31.7309,-28.0218],[31.7226,-28.0129],[31.7413,-28.0038],[31.7517,-27.9923],[31.7421,-27.9881],[31.72,-27.9902],[31.7071,-27.9879],[31.7084,-27.9802],[31.673,-27.9529],[31.673,-27.967],[31.6795,-27.9894],[31.6705,-27.9938],[31.6594,-28.0138],[31.6655,-28.0206]]]},"properties":{"tmax":40.98500023,"brucode":"Vb4","tmin":1.85999998,"bru_clean":"Vb4","tmean":19.68499985,"map":859}},
{"type":"Feature","geometry":{"type":"Polygon","coordinates":[[[31.0533,-28.0212],[31.0706,-28.0069],[31.0787,-28.0087],[31.0885,-27.9964],[31.0986,-28.0013],[31.1026,-27.9967],[31.0961,-27.9813],[31.0887,-27.9749],[31.0938,-27.9648],[31.1062,-27.9638],[31.1227,-27.9695],[31.1289,-27.9668],[31.1241,-27.9519],[31.1079,-27.9426],[31.0946,-27.9397],[31.0926,-27.9466],[31.0814,-27.9469],[31.0745,-27.94],[31.0615,-27.9402],[31.051,-27.9366],[31.0448,-27.9392],[31.022,-27.9357],[31.0094,-27.9415],[31.0226,-27.9549],[31.0091,-27.9574],[31.0003,-27.9708],[31.0003,-27.9846],[31.0232,-27.9873],[31.0225,-27.9957],[31.0359,-28.0044],[31.0356,-28.0143],[31.0433,-28.0139],[31.0533,-28.0212]]]},"properties":{"tmax":37.78181787,"brucode":"WXc3","tmin":0.32272727,"bru_clean":"WXc3","tmean":17.70000016,"map":884.47826087}},
{"type":"Feature","geometry":{"type":"Polygon","coordinates":[[[31.9638,-28.0876],[31.9742,-28.0859],[31.9674,-28.1039],[31.9744,-28.112],[31.9841,-28.1093],[31.9893,-28.1044],[32.0104,-28.1022],[32.0205,-28.0924],[32.0271,-28.0965],[32.0298,-28.108],[32.0374,-28.104],[32.0375,-28.0963],[32.0201,-28.0868],[32.0135,-28.0937],[32.0063,-28.0869],[31.9904,-28.0876],[31.9854,-28.0839],[31.9913,-28.0742],[31.9791,-28.0474],[31.9723,-28.0493],[31.973,-28.0345],[31.9706,-28.0223],[31.9638,-28.0278],[31.9585,-28.0199],[31.9622,-28.0103],[31.9716,-28.0022],[31.9755,-27.9905],[31.9555,-27.9657],[31.9603,-27.9568],[31.9671,-27.9544],[31.9677,-27.9395],[31.9566,-27.9448],[31.9514,-27.9398],[31.9415,-27.9435],[31.9406,-27.9718],[31.9613,-27.9846],[31.9558,-27.9949],[31.9593,-28.0048],[31.9514,-28.023],[31.9507,-28.0352],[31.9571,-28.0366],[31.9552,-28.0526],[31.96,-28.0599],[31.9577,-28.0814],[31.9638,-28.0876]]]},"properties":{"tmax":42.42307722,"brucode":"Ub9","tmin":1.66153847,"bru_clean":"Ub9","tmean":21.17692331,"map":786.57142857}},
{"type":"Feature","geometry":{"type":"Polygon","coordinates":[[[31.3651,-27.9647],[31.367,-27.9737],[31.3845,-27.9592],[31.3994,-27.9697],[31.3939,-27.9819],[31.3964,-27.9901],[31.4161,-27.9833],[31.4233,-27.9941],[31.4238,-27.9881],[31.4133,-27.9759],[31.4165,-27.9695],[31.4136,-27.9546],[31.3965,-27.9636],[31.3906,-27.9488],[31.3746,-27.949],[31.3733,-27.94],[31.3582,-27.9496],[31.3575,-27.9634],[31.3651,-27.9647]]]},"properties":{"tmax":39.05999985,"brucode":"Xc4","tmin":1.34,"bru_clean":"Xc4","tmean":18.70000038,"map":1253}},
{"type":"Feature","geometry":{"type":"Polygon","coordinates":[[[32.0778,-27.9617],[32.0868,-27.9573],[32.1036,-27.9557],[32.1119,-27.9681],[32.1295,-27.9613],[32.1237,-27.9571],[32.0997,-27.9535],[32.0841,-27.9537],[32.0778,-27.9617]]]},"properties":{"tmax":43.59999847,"brucode":"Yb2b","tmin":1.70000005,"bru_clean":"Yb2b","tmean":21.5,"map":739}},
{"type":"Feature","geometry":{"type":"Polygon","coordinates":[[[32.317,-28],[32.3088,-28.0257],[32.3004,-28.0383],[32.2842,-28.0446],[32.2681,-28.0719],[32.2691,-28.0899],[32.273,-28.0987],[32.2673,-28.1138],[32.2688,-28.1234],[32.2709,-28.1337],[32.2621,-28.1362],[32.267,-28.1477],[32.2739,-28.1488],[32.2819,-28.1487],[32.3011,-28.1611],[32.3109,-28.1463],[32.3196,-28.1407],[32.3235,-28.131],[32.3345,-28.1241],[32.3414,-28.1102],[32.3538,-28.1002],[32.3577,-28.0911],[32.3797,-28.0701],[32.3695,-28.0691],[32.357,-28.0588],[32.3576,-28.0449],[32.3673,-28.0397],[32.366,-28.0099],[32.3708,-28.0049],[32.365,-27.992],[32.3676,-27.9792],[32.3804,-27.9655],[32.3786,-27.9528],[32.3717,-27.9616],[32.346,-27.9753],[32.3326,-27.9887],[32.317,-28]]]},"properties":{"tmax":43.56279089,"brucode":"UVa3","tmin":2.72325582,"bru_clean":"UVa3","tmean":22.39069748,"map":775.51162791}},
{"type":"Feature","geometry":{"type":"Polygon","coordinates":[[[31.9979,-27.9725],[31.9968,-27.9878],[31.9867,-27.9816],[31.9651,-27.9617],[31.9671,-27.9544],[31.9603,-27.9568],[31.9555,-27.9657],[31.9755,-27.9905],[31.9716,-28.0022],[31.9622,-28.0103],[31.9585,-28.0199],[31.9638,-28.0278],[31.9706,-28.0223],[31.9795,-28.0189],[31.9778,-28.0373],[31.9895,-28.0478],[31.9868,-28.0284],[31.9888,-28.0161],[31.9975,-28.0153],[31.9986,-28.0031],[32.0122,-28.0003],[32.0065,-27.9922],[32.0243,-27.9912],[32.0309,-28.0064],[32.0448,-27.995],[32.0472,-28.0001],[32.0412,-28.0307],[32.0474,-28.0432],[32.0447,-28.049],[32.0487,-28.0586],[32.0332,-28.0765],[32.0481,-28.0779],[32.0446,-28.0658],[32.0552,-28.0644],[32.0544,-28.0561],[32.0642,-28.042],[32.0485,-28.0338],[32.0475,-28.0199],[32.0524,-28.0069],[32.0617,-28.0076],[32.0717,-28.0015],[32.0711,-27.9967],[32.0582,-27.9929],[32.0347,-27.9893],[32.058,-27.9715],[32.069,-27.9594],[32.0581,-27.9622],[32.055,-27.9549],[32.0546,-27.9627],[32.0434,-27.9761],[32.0337,-27.971],[32.0197,-27.9753],[31.9979,-27.9725]]]},"properties":{"tmax":42.13500004,"brucode":"Yb2a","tmin":1.20999999,"bru_clean":"Yb2a","tmean":20.71500015,"map":737.77777778}},
{"type":"Feature","geometry":{"type":"Polygon","coordinates":[[[31.4322,-27.9622],[31.4303,-27.9698],[31.4209,-27.9737],[31.4231,-27.9807],[31.4441,-27.987],[31.4484,-28.004],[31.4706,-28.0067],[31.4703,-28.0135],[31.4594,-28.0134],[31.4577,-28.0205],[31.4468,-28.0168],[31.4382,-28.024],[31.4232,-28.0124],[31.4161,-28.0175],[31.4175,-28.0293],[31.4273,-28.045],[31.4373,-28.054],[31.4585,-28.0384],[31.4647,-28.0407],[31.4802,-28.0312],[31.4807,-28.0242],[31.4997,-28.0264],[31.4903,-28.0155],[31.4714,-28.0029],[31.4671,-27.991],[31.4573,-27.9895],[31.4316,-27.9795],[31.4378,-27.9709],[31.4346,-27.9549],[31.4322,-27.9622]]]},"properties":{"tmax":39.87000046,"brucode":"Ub7","tmin":2.76999999,"bru_clean":"Ub7","tmean":20.22999992,"map":1158.2}},
{"type":"Feature","geometry":{"type":"Polygon","coordinates":[[[32.1295,-27.9613],[32.1119,-27.9681],[32.1036,-27.9557],[32.0868,-27.9573],[32.0778,-27.9617],[32.069,-27.9594],[32.058,-27.9715],[32.0347,-27.9893],[32.0582,-27.9929],[32.0711,-27.9967],[32.0717,-28.0015],[32.076,-28.0175],[32.0891,-28.0183],[32.103,-28.0109],[32.1256,-28.015],[32.1305,-28.0068],[32.1293,-27.9985],[32.1227,-27.9947],[32.1144,-28.0024],[32.105,-27.9944],[32.1104,-27.99],[32.1318,-27.9818],[32.1387,-27.9697],[32.1295,-27.9613]]]},"properties":{"tmax":42.92222256,"brucode":"VWa1","tmin":1.66666665,"bru_clean":"VWa1","tmean":21.11111132,"map":719.625}},
{"type":"Feature","geometry":{"type":"Polygon","coordinates":[[[31.4233,-27.9941],[31.4161,-27.9833],[31.3964,-27.9901],[31.3939,-27.9819],[31.3994,-27.9697],[31.3845,-27.9592],[31.367,-27.9737],[31.3651,-27.9647],[31.3558,-27.9695],[31.3475,-27.9847],[31.3376,-27.9961],[31.3505,-27.9955],[31.3614,-27.9984],[31.3726,-28.0071],[31.3824,-28.0042],[31.3954,-28.0063],[31.402,-28.0019],[31.4296,-28.0096],[31.4377,-28.009],[31.4355,-28.0015],[31.4263,-28.0024],[31.4233,-27.9941]]]},"properties":{"tmax":38.88571439,"brucode":"Xb1","tmin":1.45714285,"bru_clean":"Xb1","tmean":18.85714286,"map":1104.25}},
{"type":"Feature","geometry":{"type":"Polygon","coordinates":[[[31.8061,-28.014],[31.8077,-28.0051],[31.8157,-27.9905],[31.8164,-27.9836],[31.8068,-27.9739],[31.8033,-27.9816],[31.7908,-27.9859],[31.7908,-27.9705],[31.7723,-27.9784],[31.7686,-27.9832],[31.7669,-28.0073],[31.7765,-28.003],[31.7876,-28.0048],[31.7988,-27.999],[31.8061,-28.014]]]},"properties":{"tmax":41.31666756,"brucode":"TUb4","tmin":2.04999999,"bru_clean":"TUb4","tmean":20.39999994,"map":810}},
{"type":"Feature","geometry":{"type":"Polygon","coordinates":[[[30.4881,-27.9735],[30.462,-27.9746],[30.4178,-28.0088],[30.4244,-28.0227],[30.4231,-28.0402],[30.4524,-28.0366],[30.4542,-28.029],[30.4623,-28.02],[30.4506,-28.016],[30.4448,-28.0033],[30.4525,-27.9942],[30.4681,-27.9896],[30.4913,-27.9973],[30.4949,-27.9811],[30.4881,-27.9735]]]},"properties":{"tmax":38.45479456,"brucode":"Vc2b","tmin":-6.11027399,"bru_clean":"Vc2","tmean":17.44178094,"map":757.89115646}},
{"type":"Feature","geometry":{"type":"Polygon","coordinates":[[[32.2756,-28.0002],[32.2734,-28.0052],[32.2453,-28.0016],[32.2407,-28.0068],[32.2313,-28.0039],[32.2294,-27.9959],[32.2336,-27.9868],[32.2316,-27.9795],[32.2226,-27.9745],[32.2146,-27.9849],[32.2206,-27.9996],[32.2102,-28.0165],[32.2164,-28.0226],[32.2199,-28.0343],[32.2165,-28.038],[32.2195,-28.0668],[32.2031,-28.0735],[32.1994,-28.0765],[32.2176,-28.0834],[32.2035,-28.096],[32.2015,-28.1054],[32.2089,-28.1115],[32.2228,-28.1055],[32.2378,-28.1104],[32.248,-28.1083],[32.2555,-28.118],[32.2688,-28.1234],[32.2673,-28.1138],[32.273,-28.0987],[32.2691,-28.0899],[32.2681,-28.0719],[32.2842,-28.0446],[32.3004,-28.0383],[32.3088,-28.0257],[32.317,-28],[32.306,-28.0033],[32.2891,-28.0037],[32.2756,-28.0002]]]},"properties":{"tmax":44.08461527,"brucode":"TUa2","tmin":2.4576923,"bru_clean":"TUa2","tmean":22.30769223,"map":765.15384615}},
{"type":"Feature","geometry":{"type":"Polygon","coordinates":[[[32.1305,-28.0068],[32.1256,-28.015],[32.103,-28.0109],[32.0891,-28.0183],[32.076,-28.0175],[32.0717,-28.0015],[32.0617,-28.0076],[32.0524,-28.0069],[32.0475,-28.0199],[32.0485,-28.0338],[32.0642,-28.042],[32.0544,-28.0561],[32.0552,-28.0644],[32.0446,-28.0658],[32.0481,-28.0779],[32.0332,-28.0765],[32.0487,-28.0586],[32.0447,-28.049],[32.0474,-28.0432],[32.0412,-28.0307],[32.0472,-28.0001],[32.0448,-27.995],[32.0309,-28.0064],[32.0243,-27.9912],[32.0065,-27.9922],[32.0122,-28.0003],[31.9986,-28.0031],[31.9975,-28.0153],[31.9888,-28.0161],[31.9868,-28.0284],[31.9895,-28.0478],[31.9778,-28.0373],[31.9795,-28.0189],[31.9706,-28.0223],[31.973,-28.0345],[31.9723,-28.0493],[31.9791,-28.0474],[31.9913,-28.0742],[31.9854,-28.0839],[31.9904,-28.0876],[32.0063,-28.0869],[32.0135,-28.0937],[32.0201,-28.0868],[32.0375,-28.0963],[32.0374,-28.104],[32.0298,-28.108],[32.0271,-28.0965],[32.0205,-28.0924],[32.0104,-28.1022],[31.9893,-28.1044],[31.9841,-28.1093],[31.9877,-28.126],[31.9896,-28.1381],[31.981,-28.1479],[32.0063,-28.1432],[32.0119,-28.1368],[32.0078,-28.128],[32.016,-28.1164],[32.0283,-28.1119],[32.0378,-28.1189],[32.0313,-28.1329],[32.0406,-28.1359],[32.0438,-28.1254],[32.0604,-28.1128],[32.0681,-28.1009],[32.0841,-28.1023],[32.1052,-28.1097],[32.1103,-28.1024],[32.1017,-28.0953],[32.0954,-28.0804],[32.0775,-28.0748],[32.0693,-28.0681],[32.074,-28.0597],[32.0815,-28.0716],[32.0907,-28.0778],[32.1024,-28.073],[32.1036,-28.0848],[32.1235,-28.0822],[32.1253,-28.0742],[32.1366,-28.0692],[32.1223,-28.0602],[32.1196,-28.0456],[32.1001,-28.0425],[32.0911,-28.0484],[32.0718,-28.0363],[32.0818,-28.0287],[32.0858,-28.0392],[32.0935,-28.0433],[32.1062,-28.0411],[32.112,-28.0353],[32.1235,-28.0461],[32.1301,-28.0588],[32.1411,-28.0466],[32.1311,-28.0203],[32.1305,-28.0068]],[[32.0362,-28.0146],[32.0374,-28.0343],[32.032,-28.0538],[32.0229,-28.0608],[32.0205,-28.0158],[32.0362,-28.0146]]]},"properties":{"tmax":42.76744168,"brucode":"Wa1","tmin":1.93023255,"bru_clean":"Wa1","tmean":21.5558139,"map":817.44186047}},
{"type":"Feature","geometry":{"type":"Polygon","coordinates":[[[31.3464,-28.0552],[31.3449,-28.0412],[31.3538,-28.0251],[31.343,-28.0201],[31.3322,-28.0229],[31.3146,-28.0168],[31.302,-28.0205],[31.2956,-28.0264],[31.2815,-28.0308],[31.2765,-28.0152],[31.2876,-28.0077],[31.2808,-27.9926],[31.2661,-27.9907],[31.259,-28.0011],[31.2601,-28.0067],[31.2368,-28.0121],[31.2294,-28.0019],[31.2123,-28.0176],[31.2129,-28.0292],[31.2202,-28.0223],[31.2247,-28.0124],[31.2313,-28.0124],[31.2362,-28.024],[31.2362,-28.042],[31.2537,-28.0411],[31.2509,-28.0302],[31.254,-28.0171],[31.2614,-28.0108],[31.2726,-28.0163],[31.2693,-28.0424],[31.278,-28.0443],[31.3005,-28.033],[31.3095,-28.0264],[31.3376,-28.0274],[31.3254,-28.0383],[31.3134,-28.0378],[31.3079,-28.0464],[31.2989,-28.0379],[31.2882,-28.0431],[31.2898,-28.0546],[31.2843,-28.0601],[31.276,-28.054],[31.2629,-28.053],[31.2536,-28.0461],[31.2373,-28.0527],[31.2449,-28.0636],[31.2339,-28.079],[31.2353,-28.0727],[31.226,-28.0686],[31.2116,-28.082],[31.2002,-28.0802],[31.199,-28.0934],[31.2018,-28.1088],[31.2074,-28.1077],[31.2072,-28.1222],[31.2038,-28.1267],[31.1939,-28.1273],[31.1875,-28.1234],[31.1839,-28.1062],[31.1767,-28.1099],[31.1841,-28.1309],[31.2025,-28.1372],[31.2161,-28.1147],[31.22,-28.103],[31.2345,-28.096],[31.2389,-28.1163],[31.2448,-28.1019],[31.2518,-28.0994],[31.2559,-28.0839],[31.2471,-28.0828],[31.261,-28.0661],[31.2733,-28.0835],[31.2787,-28.082],[31.2833,-28.0706],[31.2948,-28.0665],[31.3081,-28.0667],[31.3036,-28.08],[31.3041,-28.095],[31.2982,-28.1049],[31.2993,-28.1188],[31.306,-28.1071],[31.3252,-28.1058],[31.331,-28.0963],[31.3302,-28.0877],[31.3143,-28.0746],[31.319,-28.0631],[31.3265,-28.0806],[31.3411,-28.0823],[31.3474,-28.0865],[31.343,-28.0956],[31.3464,-28.1067],[31.3697,-28.104],[31.3839,-28.1096],[31.3716,-28.1217],[31.3879,-28.1281],[31.4091,-28.1318],[31.4183,-28.1226],[31.4264,-28.1259],[31.4124,-28.1363],[31.4016,-28.1357],[31.3987,-28.1443],[31.3847,-28.1435],[31.392,-28.1543],[31.3767,-28.1678],[31.3698,-28.1655],[31.3486,-28.1756],[31.3675,-28.1793],[31.3814,-28.1849],[31.4007,-28.1766],[31.4031,-28.1886],[31.3871,-28.1916],[31.3797,-28.2053],[31.3718,-28.2091],[31.3615,-28.2076],[31.3414,-28.223],[31.3376,-28.2335],[31.345,-28.238],[31.3432,-28.2844],[31.3312,-28.2897],[31.3283,-28.2975],[31.3175,-28.2927],[31.2986,-28.297],[31.2939,-28.3043],[31.2837,-28.3006],[31.2638,-28.3042],[31.2651,-28.3134],[31.2783,-28.3215],[31.2642,-28.324],[31.25,-28.3195],[31.2397,-28.3103],[31.2322,-28.3122],[31.2124,-28.3054],[31.2059,-28.3128],[31.1929,-28.3049],[31.1814,-28.3045],[31.1788,-28.3093],[31.1653,-28.3089],[31.1615,-28.3153],[31.1786,-28.3362],[31.1813,-28.345],[31.1607,-28.3403],[31.1578,-28.3472],[31.1275,-28.3282],[31.114,-28.3292],[31.1112,-28.3387],[31.1031,-28.3354],[31.0961,-28.3411],[31.0842,-28.3433],[31.0861,-28.3505],[31.1035,-28.3474],[31.1075,-28.3577],[31.1178,-28.357],[31.1233,-28.3486],[31.1423,-28.3521],[31.1415,-28.3713],[31.1494,-28.366],[31.1696,-28.3733],[31.1747,-28.3687],[31.1838,-28.371],[31.1912,-28.3619],[31.1929,-28.3537],[31.1839,-28.34],[31.1858,-28.3286],[31.2053,-28.3309],[31.2087,-28.3378],[31.2253,-28.3423],[31.225,-28.3341],[31.2364,-28.3364],[31.2698,-28.3307],[31.2781,-28.3374],[31.2894,-28.3268],[31.2941,-28.3144],[31.3085,-28.3113],[31.3142,-28.3199],[31.3314,-28.3091],[31.3437,-28.308],[31.3376,-28.3226],[31.349,-28.3209],[31.356,-28.3131],[31.3507,-28.3063],[31.3543,-28.2939],[31.3693,-28.2836],[31.3794,-28.2832],[31.3868,-28.2682],[31.3948,-28.2701],[31.403,-28.2875],[31.4176,-28.2776],[31.4172,-28.2686],[31.4259,-28.2628],[31.4379,-28.2607],[31.4434,-28.245],[31.4482,-28.2411],[31.4628,-28.2367],[31.4734,-28.2153],[31.4661,-28.2203],[31.4561,-28.2136],[31.4431,-28.1945],[31.423,-28.1955],[31.4376,-28.1806],[31.4396,-28.1709],[31.4355,-28.1655],[31.4346,-28.1582],[31.4489,-28.1521],[31.4441,-28.1475],[31.4545,-28.135],[31.4406,-28.1284],[31.4415,-28.119],[31.4215,-28.1143],[31.4134,-28.1181],[31.397,-28.1174],[31.3881,-28.1258],[31.3811,-28.116],[31.4075,-28.104],[31.4103,-28.097],[31.3962,-28.093],[31.3797,-28.098],[31.3793,-28.0894],[31.3621,-28.0889],[31.3545,-28.078],[31.3651,-28.0685],[31.3809,-28.0662],[31.3865,-28.0751],[31.3991,-28.075],[31.409,-28.0678],[31.3996,-28.0634],[31.3901,-28.067],[31.3722,-28.0572],[31.3544,-28.0514],[31.3464,-28.0552]],[[31.4235,-28.211],[31.4415,-28.2081],[31.4342,-28.2187],[31.4176,-28.2228],[31.431,-28.2394],[31.4183,-28.2427],[31.412,-28.2403],[31.3929,-28.2429],[31.381,-28.2595],[31.3804,-28.2717],[31.3698,-28.2791],[31.364,-28.273],[31.3702,-28.2566],[31.3586,-28.2568],[31.358,-28.2339],[31.3543,-28.2292],[31.3674,-28.2184],[31.3883,-28.2205],[31.4032,-28.2096],[31.4123,-28.2069],[31.4235,-28.211]]]},"properties":{"tmax":38.94606734,"brucode":"UVb1","tmin":1.76629214,"bru_clean":"UVb1","tmean":19.04606744,"map":867.62222222}},
{"type":"Feature","geometry":{"type":"Polygon","coordinates":[[[31.4377,-28.009],[31.4296,-28.0096],[31.402,-28.0019],[31.3954,-28.0063],[31.3824,-28.0042],[31.3726,-28.0071],[31.3614,-27.9984],[31.3505,-27.9955],[31.3376,-27.9961],[31.3408,-27.9993],[31.3565,-27.999],[31.3642,-28.0137],[31.3674,-28.0314],[31.3818,-28.0323],[31.3927,-28.0367],[31.4003,-28.0329],[31.4069,-28.0442],[31.4099,-28.0517],[31.4373,-28.054],[31.4273,-28.045],[31.4175,-28.0293],[31.4161,-28.0175],[31.4232,-28.0124],[31.4382,-28.024],[31.4468,-28.0168],[31.4577,-28.0205],[31.4377,-28.009]]]},"properties":{"tmax":39.38888847,"brucode":"Vb2","tmin":2.93333332,"bru_clean":"Vb2","tmean":20.04444461,"map":1056.14285714}},
{"type":"Feature","geometry":{"type":"Polygon","coordinates":[[[31.079,-28.1744],[31.0786,-28.1882],[31.0551,-28.188],[31.0506,-28.2026],[31.0839,-28.1946],[31.0865,-28.1892],[31.0987,-28.1894],[31.1024,-28.202],[31.115,-28.2112],[31.1331,-28.2279],[31.1469,-28.2203],[31.1381,-28.2019],[31.1297,-28.2116],[31.1128,-28.2059],[31.1073,-28.198],[31.1065,-28.1883],[31.0971,-28.1823],[31.1011,-28.1635],[31.1091,-28.164],[31.1127,-28.1498],[31.1003,-28.1484],[31.0987,-28.1368],[31.1084,-28.1373],[31.1188,-28.1284],[31.117,-28.1172],[31.108,-28.1134],[31.0983,-28.1163],[31.0943,-28.1112],[31.0938,-28.0986],[31.0863,-28.0955],[31.0818,-28.0872],[31.0876,-28.0821],[31.0794,-28.0743],[31.0732,-28.0759],[31.065,-28.0696],[31.0612,-28.0775],[31.0533,-28.0789],[31.051,-28.0667],[31.0647,-28.0653],[31.065,-28.0522],[31.0582,-28.0448],[31.0664,-28.0397],[31.0755,-28.0527],[31.0869,-28.0539],[31.09,-28.0461],[31.078,-28.0395],[31.0812,-28.0319],[31.0803,-28.0131],[31.0787,-28.0087],[31.0706,-28.0069],[31.0533,-28.0212],[31.0548,-28.032],[31.0484,-28.0449],[31.0583,-28.0543],[31.0503,-28.0593],[31.0447,-28.07],[31.0535,-28.0866],[31.0632,-28.087],[31.0738,-28.0942],[31.0802,-28.1045],[31.0738,-28.114],[31.078,-28.1193],[31.0682,-28.1375],[31.0683,-28.1501],[31.0829,-28.162],[31.079,-28.1744]]]},"properties":{"tmax":37.93529466,"brucode":"Vc6","tmin":1.10000001,"bru_clean":"Vc6","tmean":17.80588217,"map":764.875}},
{"type":"Feature","geometry":{"type":"Polygon","coordinates":[[[30.0425,-28.1144],[30.0535,-28.1112],[30.0466,-28.1044],[30.0529,-28.0961],[30.0631,-28.0924],[30.0657,-28.0822],[30.0631,-28.0697],[30.0584,-28.0653],[30.0728,-28.0563],[30.0752,-28.0438],[30.0728,-28.0372],[30.0762,-28.0276],[30.0883,-28.0215],[30.1222,-28.0222],[30.1355,-28.0397],[30.1485,-28.0366],[30.1578,-28.0386],[30.1568,-28.0286],[30.1354,-28.0301],[30.1211,-28.0114],[30.1012,-28.0113],[30.0965,-28.017],[30.0703,-28.0202],[30.0657,-28.0274],[30.0704,-28.0487],[30.0494,-28.0534],[30.0502,-28.0716],[30.0583,-28.0812],[30.0595,-28.0886],[30.0441,-28.0916],[30.0368,-28.1043],[30.0425,-28.1144]]]},"properties":{"tmax":38.98000031,"brucode":"VWc1","tmin":-6.11999989,"bru_clean":"VWc1","tmean":17.45999985,"map":758}},
{"type":"Feature","geometry":{"type":"Polygon","coordinates":[[[32.0362,-28.0146],[32.0205,-28.0158],[32.0229,-28.0608],[32.032,-28.0538],[32.0374,-28.0343],[32.0362,-28.0146]]]},"properties":{"tmax":42.40000025,"brucode":"Va4","tmin":1.56666664,"bru_clean":"Va4","tmean":21.16666603,"map":795.33333333}},
{"type":"Feature","geometry":{"type":"Polygon","coordinates":[[[32.2739,-28.1488],[32.2622,-28.1634],[32.264,-28.174],[32.2733,-28.1713],[32.2734,-28.187],[32.266,-28.1933],[32.2585,-28.2109],[32.2578,-28.239],[32.2539,-28.2473],[32.2514,-28.2677],[32.2575,-28.281],[32.2589,-28.2938],[32.2613,-28.279],[32.2555,-28.2738],[32.2824,-28.262],[32.2804,-28.2443],[32.2924,-28.2396],[32.2939,-28.2311],[32.3048,-28.2161],[32.3109,-28.2315],[32.3375,-28.2204],[32.3335,-28.2074],[32.3245,-28.2015],[32.3354,-28.1893],[32.3342,-28.1744],[32.3526,-28.1659],[32.3489,-28.1596],[32.3581,-28.1534],[32.3564,-28.1464],[32.365,-28.1434],[32.3693,-28.1308],[32.3774,-28.1289],[32.3809,-28.1143],[32.3893,-28.107],[32.3899,-28.0858],[32.4105,-28.09],[32.4216,-28.0804],[32.4249,-28.0645],[32.4396,-28.0553],[32.4439,-28.0479],[32.4489,-28.0288],[32.4467,-28.0113],[32.4318,-28.0202],[32.4123,-28.0144],[32.3932,-28.0295],[32.3911,-28.0435],[32.3816,-28.0629],[32.3864,-28.0678],[32.3862,-28.0828],[32.3761,-28.0941],[32.3721,-28.0858],[32.3797,-28.0701],[32.3577,-28.0911],[32.3538,-28.1002],[32.3414,-28.1102],[32.3345,-28.1241],[32.3235,-28.131],[32.3196,-28.1407],[32.3109,-28.1463],[32.3011,-28.1611],[32.2819,-28.1487],[32.2739,-28.1488]]]},"properties":{"tmax":42.79026534,"brucode":"WXa2b","tmin":3.14601769,"bru_clean":"WXa2","tmean":22.25486706,"map":802.5}},
{"type":"Feature","geometry":{"type":"Polygon","coordinates":[[[31.2629,-28.053],[31.2693,-28.0424],[31.2726,-28.0163],[31.2614,-28.0108],[31.254,-28.0171],[31.2509,-28.0302],[31.2537,-28.0411],[31.2362,-28.042],[31.2362,-28.024],[31.2313,-28.0124],[31.2247,-28.0124],[31.2202,-28.0223],[31.2287,-28.0381],[31.2303,-28.0511],[31.2284,-28.0636],[31.2374,-28.0693],[31.2339,-28.079],[31.2449,-28.0636],[31.2373,-28.0527],[31.2536,-28.0461],[31.2629,-28.053]]]},"properties":{"tmax":38.81666565,"brucode":"VWc4","tmin":1.36666666,"bru_clean":"VWc4","tmean":18.89999994,"map":936.33333333}},
{"type":"Feature","geometry":{"type":"Polygon","coordinates":[[[29.6393,-28.0138],[29.617,-28.0467],[29.6356,-28.0718],[29.6411,-28.0615],[29.6293,-28.0523],[29.6274,-28.0432],[29.6355,-28.0411],[29.6338,-28.0311],[29.6423,-28.0215],[29.6393,-28.0138]]]},"properties":{"tmax":35.5,"brucode":"Ye4","tmin":-8,"bru_clean":"Ye4","tmean":15,"map":976.5}},
{"type":"Feature","geometry":{"type":"Polygon","coordinates":[[[31.7641,-28.0228],[31.7636,-28.0444],[31.7595,-28.048],[31.7622,-28.0638],[31.7717,-28.0555],[31.7735,-28.0421],[31.782,-28.0315],[31.7878,-28.0328],[31.784,-28.0473],[31.795,-28.0638],[31.7895,-28.0709],[31.7718,-28.0773],[31.7579,-28.0725],[31.7434,-28.0762],[31.7347,-28.0693],[31.7305,-28.098],[31.7402,-28.0984],[31.7467,-28.0809],[31.7614,-28.0815],[31.766,-28.0876],[31.7637,-28.0985],[31.7746,-28.1054],[31.7811,-28.1146],[31.7897,-28.1169],[31.7785,-28.1346],[31.7618,-28.1333],[31.7464,-28.1509],[31.7393,-28.144],[31.7388,-28.1337],[31.7323,-28.13],[31.7342,-28.1543],[31.7409,-28.1536],[31.7522,-28.1594],[31.7442,-28.175],[31.7471,-28.1831],[31.7429,-28.1918],[31.7469,-28.2015],[31.7613,-28.2034],[31.7609,-28.1835],[31.7764,-28.1879],[31.7867,-28.1873],[31.7696,-28.1645],[31.7803,-28.1617],[31.7855,-28.151],[31.7922,-28.1516],[31.7899,-28.1382],[31.8027,-28.1183],[31.8046,-28.1078],[31.7927,-28.0999],[31.8038,-28.0957],[31.8089,-28.0893],[31.809,-28.0743],[31.8157,-28.0744],[31.815,-28.0533],[31.8094,-28.0567],[31.7996,-28.041],[31.8034,-28.0302],[31.7759,-28.0276],[31.7636,-28.0163],[31.7641,-28.0228]]]},"properties":{"tmax":41.50833337,"brucode":"Ua8","tmin":4.38750001,"bru_clean":"Ua8","tmean":21.25000024,"map":847.31818182}},
{"type":"Feature","geometry":{"type":"Polygon","coordinates":[[[31.7201,-28.0722],[31.7262,-28.0657],[31.7347,-28.0693],[31.7434,-28.0762],[31.7579,-28.0725],[31.7493,-28.0567],[31.7513,-28.0455],[31.7357,-28.0411],[31.7324,-28.0367],[31.7206,-28.0373],[31.7178,-28.0225],[31.7094,-28.0237],[31.6982,-28.0172],[31.6857,-28.0229],[31.6827,-28.0321],[31.6732,-28.0343],[31.6655,-28.0206],[31.6629,-28.0304],[31.6472,-28.0365],[31.6445,-28.0472],[31.6565,-28.0507],[31.6599,-28.0629],[31.6681,-28.0705],[31.6821,-28.0757],[31.689,-28.0568],[31.6803,-28.0413],[31.6877,-28.0359],[31.6931,-28.0465],[31.7045,-28.053],[31.7031,-28.0606],[31.7173,-28.0613],[31.7201,-28.0722]]]},"properties":{"tmax":40.7642855,"brucode":"Wb8a","tmin":3.20000001,"bru_clean":"Wb8","tmean":20.22857107,"map":906.06666667}},
{"type":"Feature","geometry":{"type":"Polygon","coordinates":[[[31.2693,-28.0424],[31.2629,-28.053],[31.276,-28.054],[31.2843,-28.0601],[31.2898,-28.0546],[31.2882,-28.0431],[31.2989,-28.0379],[31.3079,-28.0464],[31.3134,-28.0378],[31.3254,-28.0383],[31.3376,-28.0274],[31.3095,-28.0264],[31.3005,-28.033],[31.278,-28.0443],[31.2693,-28.0424]]]},"properties":{"tmax":39.07499886,"brucode":"Wb7","tmin":1.94999999,"bru_clean":"Wb7","tmean":19.34999943,"map":952.6}},
{"type":"Feature","geometry":{"type":"Polygon","coordinates":[[[31.065,-28.0696],[31.0732,-28.0759],[31.0794,-28.0743],[31.0876,-28.0821],[31.0818,-28.0872],[31.0863,-28.0955],[31.0938,-28.0986],[31.0943,-28.1112],[31.0983,-28.1163],[31.108,-28.1134],[31.117,-28.1172],[31.1188,-28.1284],[31.1274,-28.1308],[31.1338,-28.1174],[31.1358,-28.0888],[31.1432,-28.0859],[31.1532,-28.0976],[31.1666,-28.0881],[31.1718,-28.0806],[31.1812,-28.0793],[31.192,-28.102],[31.1924,-28.1121],[31.2035,-28.1113],[31.2046,-28.1197],[31.2004,-28.1256],[31.191,-28.1171],[31.1792,-28.0864],[31.1735,-28.0881],[31.1617,-28.1047],[31.1454,-28.0985],[31.138,-28.1104],[31.1432,-28.1255],[31.1331,-28.1267],[31.1308,-28.1381],[31.1357,-28.1547],[31.1437,-28.1449],[31.1638,-28.1576],[31.169,-28.1615],[31.1825,-28.1577],[31.1847,-28.1503],[31.1956,-28.153],[31.2071,-28.1621],[31.2151,-28.1484],[31.2235,-28.1548],[31.228,-28.148],[31.2506,-28.1465],[31.2599,-28.1486],[31.2703,-28.1454],[31.271,-28.1386],[31.2838,-28.1414],[31.2966,-28.1496],[31.298,-28.1412],[31.2823,-28.1313],[31.2726,-28.1327],[31.2672,-28.1269],[31.2516,-28.126],[31.2424,-28.1303],[31.2389,-28.1163],[31.2345,-28.096],[31.22,-28.103],[31.2161,-28.1147],[31.2025,-28.1372],[31.1841,-28.1309],[31.1767,-28.1099],[31.1839,-28.1062],[31.1875,-28.1234],[31.1939,-28.1273],[31.2038,-28.1267],[31.2072,-28.1222],[31.2074,-28.1077],[31.2018,-28.1088],[31.199,-28.0934],[31.2002,-28.0802],[31.2116,-28.082],[31.226,-28.0686],[31.2353,-28.0727],[31.2339,-28.079],[31.2374,-28.0693],[31.2284,-28.0636],[31.2303,-28.0511],[31.2287,-28.0381],[31.2202,-28.0223],[31.2129,-28.0292],[31.2135,-28.043],[31.2094,-28.067],[31.1989,-28.0694],[31.196,-28.0546],[31.1884,-28.042],[31.184,-28.0551],[31.1892,-28.0673],[31.1763,-28.0743],[31.1662,-28.0691],[31.1567,-28.0582],[31.1628,-28.0529],[31.1565,-28.0458],[31.1497,-28.058],[31.1503,-28.0669],[31.1336,-28.0722],[31.1329,-28.0843],[31.1234,-28.0894],[31.1193,-28.0994],[31.1026,-28.099],[31.0941,-28.0876],[31.0975,-28.0805],[31.0927,-28.0701],[31.0799,-28.0623],[31.0741,-28.0689],[31.065,-28.0696]]]},"properties":{"tmax":38.3399999,"brucode":"UVc8","tmin":1.31000001,"bru_clean":"UVc8","tmean":18.16999982,"map":841.74193548}},
{"type":"Feature","geometry":{"type":"Polygon","coordinates":[[[32.1075,-28.1207],[32.099,-28.1329],[32.0985,-28.1451],[32.1065,-28.1569],[32.1071,-28.1609],[32.1163,-28.1747],[32.1235,-28.1784],[32.133,-28.1768],[32.1422,-28.182],[32.1425,-28.1932],[32.1539,-28.1907],[32.1616,-28.1938],[32.1728,-28.1886],[32.1697,-28.1742],[32.1932,-28.166],[32.2183,-28.1618],[32.2163,-28.1484],[32.2239,-28.1361],[32.2155,-28.1407],[32.2027,-28.1317],[32.2003,-28.1078],[32.1888,-28.112],[32.1835,-28.1041],[32.1879,-28.0988],[32.1722,-28.0858],[32.1616,-28.091],[32.1578,-28.0746],[32.1687,-28.0776],[32.1904,-28.0742],[32.1994,-28.0765],[32.2031,-28.0735],[32.1942,-28.0634],[32.1796,-28.0691],[32.1735,-28.0659],[32.1771,-28.0521],[32.1864,-28.0317],[32.1827,-28.0255],[32.1702,-28.0338],[32.1627,-28.0578],[32.1572,-28.0651],[32.1436,-28.059],[32.1412,-28.0744],[32.1193,-28.0904],[32.1218,-28.0984],[32.1126,-28.1171],[32.135,-28.1078],[32.143,-28.1064],[32.1637,-28.1097],[32.1687,-28.1069],[32.1769,-28.1179],[32.1838,-28.1152],[32.1945,-28.1222],[32.1965,-28.1285],[32.1868,-28.1436],[32.1817,-28.1368],[32.1729,-28.1347],[32.1582,-28.1384],[32.1494,-28.1537],[32.1396,-28.1632],[32.1313,-28.1548],[32.1322,-28.1464],[32.1382,-28.1406],[32.1518,-28.1373],[32.1662,-28.1291],[32.1353,-28.1121],[32.1075,-28.1207]]]},"properties":{"tmax":43.48518499,"brucode":"Wa4","tmin":2.00370369,"bru_clean":"Wa4","tmean":21.9074072,"map":780.88888889}},
{"type":"Feature","geometry":{"type":"Polygon","coordinates":[[[30.3548,-28.0999],[30.3447,-28.1029],[30.3321,-28.0854],[30.3178,-28.0731],[30.3065,-28.0722],[30.2902,-28.0575],[30.2687,-28.0571],[30.2454,-28.0474],[30.2243,-28.0542],[30.2159,-28.046],[30.2044,-28.0459],[30.2013,-28.0391],[30.1882,-28.0413],[30.1866,-28.0551],[30.197,-28.0629],[30.1967,-28.0755],[30.205,-28.0785],[30.2013,-28.087],[30.2121,-28.0875],[30.2218,-28.0814],[30.2341,-28.0811],[30.2388,-28.0908],[30.2303,-28.1018],[30.2306,-28.1162],[30.2341,-28.1266],[30.2459,-28.1157],[30.2485,-28.1414],[30.2533,-28.1524],[30.2625,-28.143],[30.2682,-28.1455],[30.2692,-28.1559],[30.2859,-28.1731],[30.2954,-28.1715],[30.3138,-28.1882],[30.3197,-28.1775],[30.3296,-28.1801],[30.3308,-28.1891],[30.3148,-28.2004],[30.3133,-28.2093],[30.3229,-28.2199],[30.3202,-28.2275],[30.3282,-28.2233],[30.331,-28.2131],[30.3377,-28.207],[30.3547,-28.2053],[30.3519,-28.1915],[30.3741,-28.1931],[30.3825,-28.207],[30.3881,-28.1964],[30.3899,-28.178],[30.3967,-28.1705],[30.3907,-28.1559],[30.3904,-28.1459],[30.4021,-28.1365],[30.4112,-28.148],[30.4171,-28.1322],[30.4088,-28.1228],[30.3891,-28.1216],[30.3807,-28.1318],[30.3725,-28.0907],[30.3618,-28.0993],[30.3548,-28.0999]]]},"properties":{"tmax":37.74393926,"brucode":"UVc6","tmin":-7.09848488,"bru_clean":"UVc6","tmean":17.06515159,"map":755.1969697}},
{"type":"Feature","geometry":{"type":"Polygon","coordinates":[[[32.2589,-28.2938],[32.2497,-28.3026],[32.2429,-28.293],[32.2373,-28.3255],[32.2321,-28.334],[32.2162,-28.3367],[32.2071,-28.3498],[32.2074,-28.3595],[32.1937,-28.3647],[32.1846,-28.3814],[32.1798,-28.3997],[32.1826,-28.4111],[32.175,-28.4234],[32.1787,-28.4368],[32.1936,-28.4396],[32.2088,-28.4378],[32.2272,-28.4261],[32.2366,-28.4276],[32.2458,-28.4243],[32.2592,-28.4057],[32.279,-28.3868],[32.2828,-28.3899],[32.2712,-28.4007],[32.2667,-28.4131],[32.2718,-28.4269],[32.2813,-28.4303],[32.2935,-28.4267],[32.3109,-28.3809],[32.3244,-28.3605],[32.3573,-28.3256],[32.3779,-28.2943],[32.3937,-28.262],[32.3979,-28.2487],[32.4071,-28.2329],[32.4186,-28.2208],[32.417,-28.1954],[32.4226,-28.1913],[32.4267,-28.1714],[32.4264,-28.1607],[32.4317,-28.14],[32.4306,-28.1271],[32.4334,-28.1195],[32.4395,-28.0882],[32.4391,-28.0723],[32.4439,-28.0479],[32.4396,-28.0553],[32.4249,-28.0645],[32.4216,-28.0804],[32.4105,-28.09],[32.3899,-28.0858],[32.3893,-28.107],[32.3809,-28.1143],[32.3774,-28.1289],[32.3693,-28.1308],[32.365,-28.1434],[32.3564,-28.1464],[32.3581,-28.1534],[32.3489,-28.1596],[32.3526,-28.1659],[32.3342,-28.1744],[32.3354,-28.1893],[32.3245,-28.2015],[32.3335,-28.2074],[32.3375,-28.2204],[32.3109,-28.2315],[32.3048,-28.2161],[32.2939,-28.2311],[32.2924,-28.2396],[32.2804,-28.2443],[32.2824,-28.262],[32.2555,-28.2738],[32.2613,-28.279],[32.2589,-28.2938]]]},"properties":{"tmax":41.47317061,"brucode":"Ya8","tmin":2.48617886,"bru_clean":"Ya8","tmean":21.86910558,"map":906.06451613}},
{"type":"Feature","geometry":{"type":"Polygon","coordinates":[[[29.7475,-28.1236],[29.7552,-28.1324],[29.7769,-28.1317],[29.772,-28.1239],[29.7848,-28.1165],[29.7906,-28.1051],[29.8012,-28.1064],[29.8128,-28.0985],[29.8206,-28.1048],[29.8323,-28.1057],[29.8301,-28.1136],[29.821,-28.1253],[29.8392,-28.1207],[29.8465,-28.105],[29.8548,-28.1103],[29.8831,-28.1189],[29.887,-28.1127],[29.8702,-28.1063],[29.8623,-28.0996],[29.8777,-28.0936],[29.8723,-28.0847],[29.882,-28.0796],[29.8704,-28.0761],[29.8626,-28.0831],[29.84,-28.073],[29.8383,-28.0678],[29.8222,-28.0603],[29.8102,-28.0545],[29.8043,-28.061],[29.8013,-28.0777],[29.7862,-28.0885],[29.7741,-28.0922],[29.7756,-28.1027],[29.7475,-28.1236]]]},"properties":{"tmax":37.36521779,"brucode":"Vc8a","tmin":-6.02173917,"bru_clean":"Vc8","tmean":16.93478269,"map":847.95652174}},
{"type":"Feature","geometry":{"type":"Polygon","coordinates":[[[31.2389,-28.1163],[31.2424,-28.1303],[31.2516,-28.126],[31.2672,-28.1269],[31.2726,-28.1327],[31.2823,-28.1313],[31.298,-28.1412],[31.2993,-28.1188],[31.2982,-28.1049],[31.3041,-28.095],[31.3036,-28.08],[31.3081,-28.0667],[31.2948,-28.0665],[31.2833,-28.0706],[31.2787,-28.082],[31.2733,-28.0835],[31.261,-28.0661],[31.2471,-28.0828],[31.2559,-28.0839],[31.2518,-28.0994],[31.2448,-28.1019],[31.2389,-28.1163]]]},"properties":{"tmax":38.99230752,"brucode":"Ub13","tmin":1.31538461,"bru_clean":"Ub13","tmean":18.96153831,"map":893.84615385}},
{"type":"Feature","geometry":{"type":"Polygon","coordinates":[[[29.882,-28.0796],[29.8723,-28.0847],[29.8777,-28.0936],[29.8623,-28.0996],[29.8702,-28.1063],[29.887,-28.1127],[29.8831,-28.1189],[29.8769,-28.1301],[29.8842,-28.1572],[29.8822,-28.163],[29.891,-28.1664],[29.9072,-28.1526],[29.9167,-28.1433],[29.9291,-28.1381],[29.9333,-28.1243],[29.9464,-28.1187],[29.9661,-28.136],[29.971,-28.1456],[29.9921,-28.1319],[30.0043,-28.1315],[30.0071,-28.146],[29.995,-28.156],[29.9949,-28.1642],[30.0083,-28.1647],[30.0081,-28.1742],[29.9959,-28.1726],[29.9968,-28.1826],[30.0082,-28.1929],[30.019,-28.1819],[30.0174,-28.1702],[30.028,-28.1668],[30.0263,-28.1782],[30.0359,-28.1895],[30.0423,-28.1891],[30.0451,-28.1857],[30.059,-28.1897],[30.0627,-28.1804],[30.07,-28.1754],[30.0791,-28.1778],[30.0879,-28.1689],[30.0968,-28.1691],[30.0993,-28.1803],[30.1078,-28.1794],[30.1098,-28.194],[30.1137,-28.1993],[30.1267,-28.195],[30.1255,-28.1892],[30.1329,-28.1734],[30.154,-28.1655],[30.1731,-28.1447],[30.1784,-28.1508],[30.1862,-28.1325],[30.1817,-28.1212],[30.1673,-28.1237],[30.1562,-28.117],[30.1472,-28.1218],[30.144,-28.1109],[30.1353,-28.1033],[30.1258,-28.1072],[30.1107,-28.1051],[30.1064,-28.0994],[30.0761,-28.1076],[30.0535,-28.1112],[30.0425,-28.1144],[30.0327,-28.1089],[30.0266,-28.1006],[30.0117,-28.1172],[29.9987,-28.1006],[29.9899,-28.0852],[29.9925,-28.0714],[29.9891,-28.0636],[29.9683,-28.0555],[29.9556,-28.072],[29.9464,-28.0633],[29.9346,-28.0772],[29.9298,-28.0659],[29.9172,-28.0917],[29.8957,-28.0876],[29.882,-28.0796]]]},"properties":{"tmax":38.60138893,"brucode":"Wc8","tmin":-6.15833329,"bru_clean":"Wc8","tmean":17.3180555,"map":836.94285714}},
{"type":"Feature","geometry":{"type":"Polygon","coordinates":[[[31.2993,-28.1188],[31.298,-28.1412],[31.2966,-28.1496],[31.3062,-28.1629],[31.3165,-28.1667],[31.3281,-28.1757],[31.3405,-28.1757],[31.3461,-28.1872],[31.3648,-28.192],[31.3749,-28.1933],[31.3797,-28.2053],[31.3871,-28.1916],[31.4031,-28.1886],[31.4007,-28.1766],[31.3814,-28.1849],[31.3675,-28.1793],[31.3486,-28.1756],[31.3698,-28.1655],[31.3767,-28.1678],[31.392,-28.1543],[31.3847,-28.1435],[31.3987,-28.1443],[31.4016,-28.1357],[31.4124,-28.1363],[31.4264,-28.1259],[31.4183,-28.1226],[31.4091,-28.1318],[31.3879,-28.1281],[31.3716,-28.1217],[31.3839,-28.1096],[31.3697,-28.104],[31.3464,-28.1067],[31.343,-28.0956],[31.3474,-28.0865],[31.3411,-28.0823],[31.3265,-28.0806],[31.319,-28.0631],[31.3143,-28.0746],[31.3302,-28.0877],[31.331,-28.0963],[31.3252,-28.1058],[31.306,-28.1071],[31.2993,-28.1188]]]},"properties":{"tmax":38.65925909,"brucode":"Vb11","tmin":1.05185185,"bru_clean":"Vb11","tmean":18.5888888,"map":885.22222222}},
{"type":"Feature","geometry":{"type":"Polygon","coordinates":[[[32.2688,-28.1234],[32.2555,-28.118],[32.248,-28.1083],[32.2378,-28.1104],[32.2228,-28.1055],[32.2089,-28.1115],[32.2015,-28.1054],[32.2035,-28.096],[32.2176,-28.0834],[32.1994,-28.0765],[32.1904,-28.0742],[32.1687,-28.0776],[32.1578,-28.0746],[32.1616,-28.091],[32.1722,-28.0858],[32.1879,-28.0988],[32.1835,-28.1041],[32.1888,-28.112],[32.2003,-28.1078],[32.2027,-28.1317],[32.2155,-28.1407],[32.2239,-28.1361],[32.236,-28.1299],[32.2466,-28.1342],[32.2484,-28.1467],[32.267,-28.1477],[32.2621,-28.1362],[32.2709,-28.1337],[32.2688,-28.1234]]]},"properties":{"tmax":43.71874976,"brucode":"Va1b","tmin":2.2609375,"bru_clean":"Va1","tmean":21.98124999,"map":754.83870968}},
{"type":"Feature","geometry":{"type":"Polygon","coordinates":[[[31.1011,-28.1635],[31.1138,-28.1668],[31.1246,-28.1752],[31.1353,-28.1598],[31.1494,-28.1644],[31.1638,-28.1576],[31.1437,-28.1449],[31.1357,-28.1547],[31.1308,-28.1381],[31.1331,-28.1267],[31.1432,-28.1255],[31.138,-28.1104],[31.1454,-28.0985],[31.1617,-28.1047],[31.1735,-28.0881],[31.1792,-28.0864],[31.191,-28.1171],[31.2004,-28.1256],[31.2046,-28.1197],[31.2035,-28.1113],[31.1924,-28.1121],[31.192,-28.102],[31.1812,-28.0793],[31.1718,-28.0806],[31.1666,-28.0881],[31.1532,-28.0976],[31.1432,-28.0859],[31.1358,-28.0888],[31.1338,-28.1174],[31.1274,-28.1308],[31.1188,-28.1284],[31.1084,-28.1373],[31.0987,-28.1368],[31.1003,-28.1484],[31.1127,-28.1498],[31.1091,-28.164],[31.1011,-28.1635]]]},"properties":{"tmax":38.18888897,"brucode":"Wc21","tmin":1.3888889,"bru_clean":"Wc21","tmean":17.94444444,"map":804.125}},
{"type":"Feature","geometry":{"type":"Polygon","coordinates":[[[31.6727,-28.0792],[31.6766,-28.0871],[31.6727,-28.0968],[31.663,-28.0988],[31.663,-28.106],[31.6701,-28.1108],[31.6562,-28.1206],[31.656,-28.1281],[31.665,-28.1399],[31.6614,-28.1478],[31.676,-28.152],[31.6795,-28.1459],[31.6664,-28.1263],[31.6694,-28.1153],[31.6776,-28.1136],[31.6816,-28.0947],[31.6874,-28.0811],[31.6727,-28.0792]]]},"properties":{"tmax":40.7642855,"brucode":"Wb8b","tmin":3.20000001,"bru_clean":"Wb8","tmean":20.22857107,"map":906.06666667}},
{"type":"Feature","geometry":{"type":"Polygon","coordinates":[[[30.1829,-28.1035],[30.2153,-28.094],[30.2277,-28.0869],[30.232,-28.0937],[30.2216,-28.1033],[30.2258,-28.1097],[30.2215,-28.1268],[30.2163,-28.1323],[30.206,-28.1325],[30.1965,-28.1279],[30.1862,-28.1325],[30.1784,-28.1508],[30.1731,-28.1447],[30.154,-28.1655],[30.1329,-28.1734],[30.1255,-28.1892],[30.1267,-28.195],[30.1436,-28.1918],[30.1411,-28.1999],[30.1454,-28.2065],[30.1575,-28.2039],[30.1637,-28.2132],[30.1651,-28.2258],[30.1739,-28.2199],[30.1964,-28.2162],[30.204,-28.2036],[30.2259,-28.2101],[30.2227,-28.223],[30.2387,-28.2361],[30.2175,-28.2308],[30.211,-28.2177],[30.1996,-28.2217],[30.2025,-28.2329],[30.2101,-28.2406],[30.2067,-28.2476],[30.2209,-28.2551],[30.2347,-28.2672],[30.2491,-28.2739],[30.2307,-28.2777],[30.2525,-28.2837],[30.2541,-28.2806],[30.259,-28.2704],[30.2745,-28.2749],[30.2818,-28.2723],[30.3029,-28.2757],[30.3164,-28.2823],[30.3186,-28.2658],[30.3154,-28.2573],[30.3223,-28.2506],[30.3251,-28.2394],[30.3222,-28.2298],[30.3202,-28.2275],[30.3229,-28.2199],[30.3133,-28.2093],[30.3148,-28.2004],[30.3308,-28.1891],[30.3296,-28.1801],[30.3197,-28.1775],[30.3138,-28.1882],[30.2954,-28.1715],[30.2859,-28.1731],[30.2692,-28.1559],[30.2682,-28.1455],[30.2625,-28.143],[30.2533,-28.1524],[30.2485,-28.1414],[30.2459,-28.1157],[30.2341,-28.1266],[30.2306,-28.1162],[30.2303,-28.1018],[30.2388,-28.0908],[30.2341,-28.0811],[30.2218,-28.0814],[30.2121,-28.0875],[30.1865,-28.095],[30.1829,-28.1035]]]},"properties":{"tmax":37.96969709,"brucode":"Vc16","tmin":-7.50151519,"bru_clean":"Vc16","tmean":16.81818179,"map":795.2238806}},
{"type":"Feature","geometry":{"type":"Polygon","coordinates":[[[31.9268,-28.1237],[31.9315,-28.1358],[31.9224,-28.1363],[31.918,-28.1448],[31.9214,-28.1549],[31.9311,-28.1564],[31.9362,-28.1716],[31.9281,-28.1748],[31.9153,-28.1732],[31.9061,-28.1676],[31.9017,-28.1798],[31.8915,-28.1869],[31.8826,-28.1767],[31.8709,-28.1752],[31.8548,-28.1778],[31.863,-28.1616],[31.831,-28.1466],[31.8362,-28.1326],[31.8337,-28.1286],[31.8286,-28.1029],[31.836,-28.0933],[31.8255,-28.0871],[31.821,-28.1058],[31.8264,-28.118],[31.8199,-28.1292],[31.8042,-28.1264],[31.8,-28.1396],[31.8117,-28.1592],[31.8169,-28.1717],[31.8238,-28.1724],[31.8313,-28.184],[31.8352,-28.1962],[31.8512,-28.1804],[31.8602,-28.1882],[31.8727,-28.1818],[31.8732,-28.1945],[31.8838,-28.1939],[31.8778,-28.2099],[31.8726,-28.211],[31.8598,-28.2396],[31.8502,-28.2448],[31.8499,-28.2574],[31.8679,-28.2485],[31.8704,-28.2323],[31.8799,-28.2157],[31.8915,-28.2094],[31.9044,-28.1934],[31.9006,-28.1882],[31.9206,-28.179],[31.9329,-28.1788],[31.9404,-28.171],[31.95,-28.1704],[31.9562,-28.1631],[31.9584,-28.1478],[31.9777,-28.1372],[31.9877,-28.126],[31.9841,-28.1093],[31.9744,-28.112],[31.9674,-28.1039],[31.9742,-28.0859],[31.9638,-28.0876],[31.9598,-28.0992],[31.9589,-28.114],[31.9443,-28.1212],[31.9436,-28.1133],[31.9333,-28.1138],[31.9268,-28.1237]]]},"properties":{"tmax":42.22999986,"brucode":"Va3a","tmin":4.05333331,"bru_clean":"Va3","tmean":21.80833324,"map":791.4}},
{"type":"Feature","geometry":{"type":"Polygon","coordinates":[[[30.1817,-28.1212],[30.1862,-28.1325],[30.1965,-28.1279],[30.206,-28.1325],[30.2163,-28.1323],[30.2215,-28.1268],[30.2258,-28.1097],[30.2216,-28.1033],[30.232,-28.0937],[30.2277,-28.0869],[30.2153,-28.094],[30.1829,-28.1035],[30.1817,-28.1212]]]},"properties":{"tmax":38.04000015,"brucode":"Xd2","tmin":-7.48000002,"bru_clean":"Xd2","tmean":16.92000008,"map":839.6}},
{"type":"Feature","geometry":{"type":"Polygon","coordinates":[[[29.7479,-28.1354],[29.7623,-28.1391],[29.7819,-28.1363],[29.7863,-28.1404],[29.7779,-28.1504],[29.7909,-28.1596],[29.7987,-28.1552],[29.8081,-28.1565],[29.8314,-28.1439],[29.8404,-28.1433],[29.8439,-28.15],[29.8567,-28.1527],[29.8642,-28.1467],[29.8736,-28.1534],[29.8739,-28.1641],[29.8822,-28.163],[29.8842,-28.1572],[29.8769,-28.1301],[29.8831,-28.1189],[29.8548,-28.1103],[29.8465,-28.105],[29.8392,-28.1207],[29.821,-28.1253],[29.8301,-28.1136],[29.8323,-28.1057],[29.8206,-28.1048],[29.8128,-28.0985],[29.8012,-28.1064],[29.7906,-28.1051],[29.7848,-28.1165],[29.772,-28.1239],[29.7769,-28.1317],[29.7552,-28.1324],[29.7475,-28.1236],[29.7479,-28.1354]]]},"properties":{"tmax":36.81428582,"brucode":"WXd2","tmin":-6.39999996,"bru_clean":"WXd2","tmean":16.44285713,"map":839.71428571}},
{"type":"Feature","geometry":{"type":"Polygon","coordinates":[[[31.8581,-28.1201],[31.8345,-28.1144],[31.8414,-28.1042],[31.836,-28.0933],[31.8286,-28.1029],[31.8337,-28.1286],[31.8362,-28.1326],[31.831,-28.1466],[31.863,-28.1616],[31.8548,-28.1778],[31.8709,-28.1752],[31.8826,-28.1767],[31.8915,-28.1869],[31.9017,-28.1798],[31.9061,-28.1676],[31.9153,-28.1732],[31.9281,-28.1748],[31.9362,-28.1716],[31.9311,-28.1564],[31.9214,-28.1549],[31.918,-28.1448],[31.9224,-28.1363],[31.9315,-28.1358],[31.9268,-28.1237],[31.9188,-28.0992],[31.907,-28.1092],[31.8952,-28.1033],[31.8815,-28.1186],[31.8654,-28.1252],[31.8581,-28.1201]]]},"properties":{"tmax":41.26818171,"brucode":"Yb6","tmin":3.41818183,"bru_clean":"Yb6","tmean":20.89090911,"map":908.72727273}},
{"type":"Feature","geometry":{"type":"Polygon","coordinates":[[[31.8837,-28.2474],[31.8931,-28.2439],[31.9065,-28.2279],[31.916,-28.2223],[31.9227,-28.2264],[31.9324,-28.2182],[31.9343,-28.2052],[31.9423,-28.2053],[31.9438,-28.1947],[31.9607,-28.1898],[31.9692,-28.1995],[31.9631,-28.2089],[31.9817,-28.2066],[31.9974,-28.1925],[32.0034,-28.1716],[32.0162,-28.1816],[32.0432,-28.1663],[32.0486,-28.1721],[32.0591,-28.1632],[32.075,-28.1669],[32.0947,-28.159],[32.1065,-28.1569],[32.0985,-28.1451],[32.099,-28.1329],[32.1075,-28.1207],[32.1052,-28.1097],[32.0841,-28.1023],[32.0681,-28.1009],[32.0604,-28.1128],[32.0438,-28.1254],[32.0406,-28.1359],[32.0313,-28.1329],[32.0378,-28.1189],[32.0283,-28.1119],[32.016,-28.1164],[32.0078,-28.128],[32.0119,-28.1368],[32.0063,-28.1432],[31.981,-28.1479],[31.9896,-28.1381],[31.9877,-28.126],[31.9777,-28.1372],[31.9584,-28.1478],[31.9562,-28.1631],[31.95,-28.1704],[31.9404,-28.171],[31.9329,-28.1788],[31.9206,-28.179],[31.9006,-28.1882],[31.9044,-28.1934],[31.8915,-28.2094],[31.8974,-28.2137],[31.894,-28.2272],[31.8873,-28.229],[31.8823,-28.2411],[31.8837,-28.2474]]]},"properties":{"tmax":42.51794903,"brucode":"Ua7a","tmin":3.95641023,"bru_clean":"Ua7","tmean":22.03589743,"map":753.77922078}},
{"type":"Feature","geometry":{"type":"Polygon","coordinates":[[[31.4935,-28.1757],[31.4903,-28.1814],[31.5097,-28.1854],[31.5147,-28.1916],[31.5094,-28.2036],[31.5135,-28.2227],[31.5198,-28.2287],[31.5118,-28.2374],[31.531,-28.262],[31.5233,-28.2711],[31.5313,-28.282],[31.5403,-28.2682],[31.5465,-28.2753],[31.5557,-28.2703],[31.5594,-28.2579],[31.5604,-28.2398],[31.55,-28.2363],[31.5396,-28.22],[31.5428,-28.2115],[31.5356,-28.2088],[31.5417,-28.1892],[31.5653,-28.2157],[31.5952,-28.2165],[31.6049,-28.2135],[31.6127,-28.2021],[31.6021,-28.1889],[31.6014,-28.1791],[31.6203,-28.1572],[31.6209,-28.151],[31.613,-28.1422],[31.6105,-28.1335],[31.591,-28.1233],[31.5827,-28.1295],[31.573,-28.1215],[31.5601,-28.1327],[31.5448,-28.1262],[31.5468,-28.1373],[31.5557,-28.1522],[31.5469,-28.1561],[31.5379,-28.15],[31.5295,-28.154],[31.5401,-28.1793],[31.53,-28.182],[31.521,-28.176],[31.5147,-28.1669],[31.4935,-28.1757]]]},"properties":{"tmax":40.49999967,"brucode":"Ta4","tmin":4.69428573,"bru_clean":"Ta4","tmean":20.99428569,"map":821.2}},
{"type":"Feature","geometry":{"type":"Polygon","coordinates":[[[30.9552,-28.2372],[30.956,-28.2482],[30.9494,-28.2557],[30.9584,-28.2683],[30.9543,-28.28],[30.9645,-28.2908],[30.9698,-28.2803],[30.9804,-28.2814],[30.9857,-28.2868],[30.9773,-28.3097],[30.9833,-28.3116],[30.9919,-28.3071],[30.9907,-28.2988],[30.9987,-28.2892],[31.0041,-28.2679],[30.9993,-28.2609],[31.0013,-28.25],[31.0181,-28.2466],[31.0269,-28.2333],[31.0409,-28.2314],[31.0358,-28.2449],[31.043,-28.2495],[31.0521,-28.2451],[31.05,-28.2374],[31.0636,-28.2315],[31.0717,-28.2339],[31.0777,-28.2451],[31.0854,-28.2339],[31.1014,-28.2208],[31.1031,-28.208],[31.0949,-28.1987],[31.0866,-28.2054],[31.0668,-28.2008],[31.055,-28.2171],[31.05,-28.2157],[31.0415,-28.2024],[31.0506,-28.2026],[31.0551,-28.188],[31.0786,-28.1882],[31.079,-28.1744],[31.0694,-28.1691],[31.0583,-28.1742],[31.0534,-28.1711],[31.0435,-28.1794],[31.0366,-28.1783],[31.0381,-28.1681],[31.0207,-28.1734],[31.0103,-28.1659],[30.9985,-28.1699],[30.9911,-28.178],[30.987,-28.1615],[30.9883,-28.1512],[30.9801,-28.1499],[30.9785,-28.1406],[30.9867,-28.126],[30.9774,-28.1196],[30.968,-28.1178],[30.9712,-28.1369],[30.9542,-28.1351],[30.9455,-28.1405],[30.9478,-28.1476],[30.9647,-28.1542],[30.9563,-28.1707],[30.9558,-28.1814],[30.9613,-28.1902],[30.958,-28.1961],[30.9478,-28.1932],[30.948,-28.208],[30.9332,-28.2056],[30.9286,-28.2094],[30.9438,-28.2167],[30.9379,-28.2305],[30.9428,-28.2393],[30.953,-28.2262],[30.9552,-28.2372]]]},"properties":{"tmax":37.87441875,"brucode":"RSb1","tmin":1.67441861,"bru_clean":"RSb1","tmean":18.22558155,"map":752.81818182}},
{"type":"Feature","geometry":{"type":"Polygon","coordinates":[[[29.9072,-28.1526],[29.9265,-28.15],[29.942,-28.1407],[29.9568,-28.1445],[29.9584,-28.1594],[29.9662,-28.1649],[29.9787,-28.1491],[29.9799,-28.1431],[29.9969,-28.1361],[30.0023,-28.1423],[29.995,-28.156],[30.0071,-28.146],[30.0043,-28.1315],[29.9921,-28.1319],[29.971,-28.1456],[29.9661,-28.136],[29.9464,-28.1187],[29.9333,-28.1243],[29.9291,-28.1381],[29.9167,-28.1433],[29.9072,-28.1526]]]},"properties":{"tmax":37.36521779,"brucode":"Vc8b","tmin":-6.02173917,"bru_clean":"Vc8","tmean":16.93478269,"map":847.95652174}},
{"type":"Feature","geometry":{"type":"Polygon","coordinates":[[[31.9337,-28.302],[31.9429,-28.2698],[31.9338,-28.2599],[31.9221,-28.2593],[31.9317,-28.2476],[31.9295,-28.2392],[31.9407,-28.2356],[31.9462,-28.2288],[31.9544,-28.2326],[31.9681,-28.2224],[31.9757,-28.2263],[31.9832,-28.2137],[31.9956,-28.2123],[31.9989,-28.2048],[32.0089,-28.2008],[32.0134,-28.1936],[32.0384,-28.1872],[32.0596,-28.1776],[32.0689,-28.1757],[32.076,-28.1831],[32.0935,-28.1852],[32.0886,-28.2038],[32.0979,-28.2041],[32.1077,-28.1945],[32.1003,-28.1858],[32.0999,-28.1725],[32.0936,-28.1659],[32.1071,-28.1609],[32.1065,-28.1569],[32.0947,-28.159],[32.075,-28.1669],[32.0591,-28.1632],[32.0486,-28.1721],[32.0432,-28.1663],[32.0162,-28.1816],[32.0034,-28.1716],[31.9974,-28.1925],[31.9817,-28.2066],[31.9631,-28.2089],[31.9692,-28.1995],[31.9607,-28.1898],[31.9438,-28.1947],[31.9423,-28.2053],[31.9343,-28.2052],[31.9324,-28.2182],[31.9227,-28.2264],[31.916,-28.2223],[31.9065,-28.2279],[31.8931,-28.2439],[31.8837,-28.2474],[31.8799,-28.2547],[31.8685,-28.2564],[31.8615,-28.2615],[31.865,-28.2683],[31.8867,-28.2638],[31.893,-28.2677],[31.9112,-28.2663],[31.9076,-28.2731],[31.9152,-28.2785],[31.922,-28.2752],[31.9321,-28.2857],[31.9337,-28.302]]]},"properties":{"tmax":42.22999986,"brucode":"Va3b","tmin":4.05333331,"bru_clean":"Va3","tmean":21.80833324,"map":791.4}},
{"type":"Feature","geometry":{"type":"Polygon","coordinates":[[[31.9851,-28.3511],[31.9944,-28.3637],[32.0108,-28.3631],[32.0229,-28.3786],[32.0094,-28.3767],[31.9961,-28.3804],[31.9937,-28.3865],[32.0102,-28.41],[32.0068,-28.4217],[32.0079,-28.4362],[32.0208,-28.439],[32.0461,-28.4277],[32.0574,-28.4261],[32.07,-28.4168],[32.0663,-28.4062],[32.0569,-28.4134],[32.0532,-28.3979],[32.0643,-28.3988],[32.0752,-28.3881],[32.0819,-28.3766],[32.0973,-28.3677],[32.1312,-28.3337],[32.1298,-28.3251],[32.1387,-28.3158],[32.1489,-28.3147],[32.1618,-28.2999],[32.1758,-28.2802],[32.1911,-28.2696],[32.1948,-28.2525],[32.2146,-28.2434],[32.2155,-28.2314],[32.2321,-28.2349],[32.2379,-28.2318],[32.2539,-28.2473],[32.2578,-28.239],[32.2585,-28.2109],[32.266,-28.1933],[32.2734,-28.187],[32.2733,-28.1713],[32.264,-28.174],[32.2622,-28.1634],[32.2739,-28.1488],[32.267,-28.1477],[32.2484,-28.1467],[32.2466,-28.1342],[32.236,-28.1299],[32.2239,-28.1361],[32.2163,-28.1484],[32.2183,-28.1618],[32.1932,-28.166],[32.1697,-28.1742],[32.1728,-28.1886],[32.1616,-28.1938],[32.1539,-28.1907],[32.1425,-28.1932],[32.1422,-28.182],[32.133,-28.1768],[32.1235,-28.1784],[32.1163,-28.1747],[32.1111,-28.2022],[32.1009,-28.2299],[32.0925,-28.2694],[32.0882,-28.2788],[32.0678,-28.2933],[32.0592,-28.2895],[32.0479,-28.291],[32.0448,-28.3016],[32.0252,-28.3149],[32.0243,-28.3289],[32.0275,-28.336],[32.0157,-28.3408],[32.0044,-28.3548],[31.9844,-28.3476],[31.9851,-28.3511]]]},"properties":{"tmax":43.01142858,"brucode":"VWa3","tmin":3.69333334,"bru_clean":"VWa3","tmean":22.21428571,"map":766.1509434}},
{"type":"Feature","geometry":{"type":"Polygon","coordinates":[[[29.7467,-28.1837],[29.769,-28.1772],[29.7621,-28.1877],[29.7708,-28.1969],[29.7747,-28.2081],[29.7694,-28.2163],[29.7702,-28.2306],[29.7829,-28.2336],[29.7897,-28.2253],[29.8052,-28.2259],[29.8353,-28.23],[29.8418,-28.2381],[29.8614,-28.2387],[29.8894,-28.2428],[29.8974,-28.2244],[29.8893,-28.216],[29.878,-28.2113],[29.8814,-28.2052],[29.8997,-28.2057],[29.9074,-28.2215],[29.915,-28.2248],[29.9274,-28.2173],[29.931,-28.2049],[29.9414,-28.1999],[29.9376,-28.1901],[29.9498,-28.1924],[29.9507,-28.1861],[29.9372,-28.1641],[29.95,-28.1656],[29.9584,-28.1594],[29.9568,-28.1445],[29.942,-28.1407],[29.9265,-28.15],[29.9072,-28.1526],[29.891,-28.1664],[29.8822,-28.163],[29.8739,-28.1641],[29.8736,-28.1534],[29.8642,-28.1467],[29.8567,-28.1527],[29.8439,-28.15],[29.8404,-28.1433],[29.8314,-28.1439],[29.8081,-28.1565],[29.7987,-28.1552],[29.7909,-28.1596],[29.7779,-28.1504],[29.7863,-28.1404],[29.7819,-28.1363],[29.7623,-28.1391],[29.7479,-28.1354],[29.7429,-28.1504],[29.7475,-28.1615],[29.7447,-28.1732],[29.7467,-28.1837]]]},"properties":{"tmax":37.38225814,"brucode":"Yd5a","tmin":-6.29354838,"bru_clean":"Yd5","tmean":16.69354833,"map":867.87096774}},
{"type":"Feature","geometry":{"type":"Polygon","coordinates":[[[30.4112,-28.148],[30.4021,-28.1365],[30.3904,-28.1459],[30.3907,-28.1559],[30.3967,-28.1705],[30.3899,-28.178],[30.3881,-28.1964],[30.3825,-28.207],[30.3741,-28.1931],[30.3519,-28.1915],[30.3547,-28.2053],[30.3377,-28.207],[30.331,-28.2131],[30.3282,-28.2233],[30.3202,-28.2275],[30.3222,-28.2298],[30.3258,-28.2285],[30.3378,-28.2443],[30.351,-28.2449],[30.3531,-28.2345],[30.3394,-28.2325],[30.3327,-28.2209],[30.3385,-28.2113],[30.3524,-28.2142],[30.3594,-28.2075],[30.3609,-28.1946],[30.3713,-28.1963],[30.3794,-28.2092],[30.3926,-28.2206],[30.4018,-28.2159],[30.4018,-28.2069],[30.3937,-28.1974],[30.3928,-28.1862],[30.4024,-28.1668],[30.3976,-28.1597],[30.4012,-28.1515],[30.412,-28.1747],[30.4047,-28.1769],[30.4037,-28.1849],[30.4149,-28.1903],[30.431,-28.1747],[30.4351,-28.1847],[30.4249,-28.1899],[30.4239,-28.2014],[30.4156,-28.2067],[30.4189,-28.2132],[30.4119,-28.2209],[30.422,-28.2337],[30.4113,-28.2397],[30.4064,-28.2252],[30.3995,-28.2266],[30.3854,-28.2482],[30.3938,-28.2629],[30.3791,-28.2634],[30.3686,-28.2601],[30.367,-28.2741],[30.3598,-28.2818],[30.3531,-28.302],[30.364,-28.3105],[30.3689,-28.3232],[30.3762,-28.3172],[30.3894,-28.3124],[30.3899,-28.3218],[30.4022,-28.3428],[30.4103,-28.3445],[30.4156,-28.3516],[30.4164,-28.3609],[30.4125,-28.3711],[30.4161,-28.377],[30.4263,-28.3799],[30.4386,-28.3659],[30.443,-28.3859],[30.4603,-28.3946],[30.449,-28.4075],[30.4495,-28.4163],[30.4379,-28.4168],[30.434,-28.4328],[30.4238,-28.4408],[30.4266,-28.4509],[30.4273,-28.4538],[30.4347,-28.4593],[30.4339,-28.4707],[30.449,-28.468],[30.455,-28.4557],[30.4681,-28.4624],[30.4881,-28.4622],[30.5127,-28.4567],[30.5176,-28.4596],[30.5049,-28.4814],[30.5116,-28.492],[30.5087,-28.4965],[30.5176,-28.4998],[30.5274,-28.4914],[30.5441,-28.4946],[30.5398,-28.5087],[30.5454,-28.5126],[30.5531,-28.5047],[30.5548,-28.4917],[30.5556,-28.4805],[30.5352,-28.4827],[30.5404,-28.4686],[30.5489,-28.4726],[30.5573,-28.4708],[30.5784,-28.4742],[30.5904,-28.4782],[30.6022,-28.47],[30.5816,-28.4644],[30.5711,-28.4563],[30.56,-28.4674],[30.5496,-28.4666],[30.5428,-28.4626],[30.5281,-28.4618],[30.5273,-28.4511],[30.5126,-28.4476],[30.5006,-28.4371],[30.4871,-28.4391],[30.4744,-28.4523],[30.4498,-28.4498],[30.4542,-28.4399],[30.4463,-28.4299],[30.4507,-28.4256],[30.4639,-28.4261],[30.4683,-28.4299],[30.4858,-28.4318],[30.4852,-28.4207],[30.4944,-28.4229],[30.4982,-28.3941],[30.5066,-28.3872],[30.5117,-28.3756],[30.5262,-28.3706],[30.5266,-28.3622],[30.4975,-28.3622],[30.4888,-28.369],[30.4906,-28.3805],[30.4812,-28.3849],[30.4778,-28.3762],[30.4591,-28.3843],[30.454,-28.3759],[30.4585,-28.3682],[30.4527,-28.3605],[30.4424,-28.3545],[30.4268,-28.3587],[30.4256,-28.3448],[30.4185,-28.34],[30.4212,-28.3324],[30.4051,-28.3167],[30.3981,-28.3156],[30.3982,-28.3016],[30.4113,-28.3095],[30.417,-28.3061],[30.4211,-28.2909],[30.428,-28.287],[30.4536,-28.2947],[30.4543,-28.289],[30.4649,-28.2773],[30.4539,-28.2724],[30.4464,-28.2529],[30.4228,-28.2556],[30.4188,-28.2604],[30.4058,-28.2502],[30.4106,-28.2447],[30.4299,-28.2454],[30.4423,-28.2308],[30.4404,-28.2242],[30.4309,-28.2183],[30.4255,-28.2058],[30.4291,-28.1964],[30.44,-28.1908],[30.4436,-28.1844],[30.4401,-28.1749],[30.4272,-28.1703],[30.4182,-28.172],[30.4195,-28.1594],[30.4112,-28.148]]]},"properties":{"tmax":36.95614062,"brucode":"Vc17","tmin":-5.21929825,"bru_clean":"Vc17","tmean":17.15263166,"map":748.25862069}},
{"type":"Feature","geometry":{"type":"Polygon","coordinates":[[[29.995,-28.156],[30.0023,-28.1423],[29.9969,-28.1361],[29.9799,-28.1431],[29.9787,-28.1491],[29.9662,-28.1649],[29.9615,-28.1719],[29.9728,-28.1878],[29.9708,-28.1942],[29.9771,-28.2161],[29.9883,-28.2183],[29.9889,-28.208],[29.9968,-28.2015],[30.0099,-28.2167],[30.0215,-28.2211],[30.0462,-28.2166],[30.0679,-28.2206],[30.0695,-28.2159],[30.0462,-28.1953],[30.0371,-28.1965],[30.0256,-28.1875],[30.0179,-28.197],[30.0101,-28.1979],[29.9911,-28.1839],[29.9908,-28.1672],[29.9949,-28.1642],[29.995,-28.156]]]},"properties":{"tmax":37.38225814,"brucode":"Yd5b","tmin":-6.29354838,"bru_clean":"Yd5","tmean":16.69354833,"map":867.87096774}},
{"type":"Feature","geometry":{"type":"Polygon","coordinates":[[[31.169,-28.1615],[31.1633,-28.1641],[31.1703,-28.1846],[31.1646,-28.1921],[31.1797,-28.2027],[31.1914,-28.2006],[31.1922,-28.1907],[31.2044,-28.1946],[31.204,-28.2041],[31.197,-28.2107],[31.1982,-28.2191],[31.2117,-28.2168],[31.2166,-28.2053],[31.2279,-28.1985],[31.2295,-28.1902],[31.2221,-28.1835],[31.2202,-28.1695],[31.2414,-28.1822],[31.2512,-28.1813],[31.2548,-28.1899],[31.2656,-28.1908],[31.2804,-28.1967],[31.2901,-28.1893],[31.296,-28.1928],[31.3054,-28.1879],[31.2998,-28.1791],[31.2772,-28.1707],[31.2485,-28.1676],[31.2542,-28.1609],[31.2615,-28.1622],[31.2765,-28.1566],[31.273,-28.1496],[31.2838,-28.1414],[31.271,-28.1386],[31.2703,-28.1454],[31.2599,-28.1486],[31.2506,-28.1465],[31.228,-28.148],[31.2235,-28.1548],[31.2151,-28.1484],[31.2071,-28.1621],[31.1956,-28.153],[31.1847,-28.1503],[31.1825,-28.1577],[31.169,-28.1615]]]},"properties":{"tmax":38.70476187,"brucode":"Wc22","tmin":1.43809525,"bru_clean":"Wc22","tmean":18.34761892,"map":871.0952381}},
{"type":"Feature","geometry":{"type":"Polygon","coordinates":[[[31.4355,-28.1655],[31.4396,-28.1709],[31.4376,-28.1806],[31.423,-28.1955],[31.4431,-28.1945],[31.4561,-28.2136],[31.4661,-28.2203],[31.4734,-28.2153],[31.4826,-28.2095],[31.4953,-28.2061],[31.5016,-28.1965],[31.5097,-28.1854],[31.4903,-28.1814],[31.4935,-28.1757],[31.4926,-28.162],[31.4824,-28.1548],[31.4691,-28.1397],[31.453,-28.1436],[31.4499,-28.1587],[31.4355,-28.1655]]]},"properties":{"tmax":39.05833276,"brucode":"Tb9","tmin":2.56666666,"bru_clean":"Tb9","tmean":19.66666667,"map":810.41666667}},
{"type":"Feature","geometry":{"type":"Polygon","coordinates":[[[31.0506,-28.2026],[31.0415,-28.2024],[31.05,-28.2157],[31.055,-28.2171],[31.0668,-28.2008],[31.0866,-28.2054],[31.0949,-28.1987],[31.1031,-28.208],[31.1014,-28.2208],[31.0854,-28.2339],[31.0777,-28.2451],[31.0734,-28.2499],[31.0728,-28.2596],[31.0795,-28.271],[31.0866,-28.2604],[31.0926,-28.2453],[31.0981,-28.2475],[31.1085,-28.2402],[31.1131,-28.2519],[31.1209,-28.2508],[31.1363,-28.2635],[31.1497,-28.2797],[31.1501,-28.2854],[31.1753,-28.2769],[31.1709,-28.287],[31.1794,-28.284],[31.1906,-28.2702],[31.1921,-28.2607],[31.1833,-28.2545],[31.1802,-28.243],[31.1859,-28.236],[31.1965,-28.2332],[31.2074,-28.2441],[31.2125,-28.2375],[31.2228,-28.2442],[31.2274,-28.2353],[31.2362,-28.2386],[31.2543,-28.234],[31.2621,-28.2415],[31.2818,-28.2344],[31.2933,-28.2456],[31.3031,-28.2461],[31.3145,-28.2458],[31.3211,-28.2353],[31.3225,-28.2235],[31.3315,-28.2228],[31.3506,-28.2049],[31.3578,-28.2036],[31.3648,-28.192],[31.3461,-28.1872],[31.3405,-28.1757],[31.3281,-28.1757],[31.3165,-28.1667],[31.3062,-28.1629],[31.2966,-28.1496],[31.2838,-28.1414],[31.273,-28.1496],[31.2765,-28.1566],[31.2615,-28.1622],[31.2542,-28.1609],[31.2485,-28.1676],[31.2772,-28.1707],[31.2998,-28.1791],[31.3054,-28.1879],[31.296,-28.1928],[31.2901,-28.1893],[31.2804,-28.1967],[31.2656,-28.1908],[31.2548,-28.1899],[31.2512,-28.1813],[31.2414,-28.1822],[31.2202,-28.1695],[31.2221,-28.1835],[31.2295,-28.1902],[31.2279,-28.1985],[31.2166,-28.2053],[31.2117,-28.2168],[31.1982,-28.2191],[31.197,-28.2107],[31.204,-28.2041],[31.2044,-28.1946],[31.1922,-28.1907],[31.1914,-28.2006],[31.1797,-28.2027],[31.1646,-28.1921],[31.1703,-28.1846],[31.1633,-28.1641],[31.169,-28.1615],[31.1638,-28.1576],[31.1494,-28.1644],[31.1353,-28.1598],[31.1246,-28.1752],[31.1138,-28.1668],[31.1011,-28.1635],[31.0971,-28.1823],[31.1065,-28.1883],[31.1073,-28.198],[31.1128,-28.2059],[31.1297,-28.2116],[31.1381,-28.2019],[31.1469,-28.2203],[31.1331,-28.2279],[31.115,-28.2112],[31.1024,-28.202],[31.0987,-28.1894],[31.0865,-28.1892],[31.0839,-28.1946],[31.0506,-28.2026]]]},"properties":{"tmax":38.87761193,"brucode":"UVb2","tmin":2.05820894,"bru_clean":"UVb2","tmean":18.76716414,"map":846.20895522}},
{"type":"Feature","geometry":{"type":"Polygon","coordinates":[[[30.7088,-28.2108],[30.7161,-28.2325],[30.7283,-28.2479],[30.7292,-28.2588],[30.7371,-28.259],[30.739,-28.2533],[30.7514,-28.2414],[30.7618,-28.238],[30.7691,-28.2456],[30.7623,-28.2531],[30.7507,-28.2495],[30.744,-28.2539],[30.7618,-28.2638],[30.7803,-28.2666],[30.7712,-28.2807],[30.7511,-28.2693],[30.7474,-28.2813],[30.7572,-28.2818],[30.7656,-28.292],[30.7732,-28.2839],[30.7793,-28.2866],[30.7601,-28.3067],[30.7537,-28.3221],[30.7547,-28.3375],[30.7697,-28.3285],[30.7841,-28.3315],[30.7807,-28.3408],[30.7906,-28.3489],[30.8228,-28.3452],[30.8327,-28.3549],[30.835,-28.3241],[30.8406,-28.3107],[30.852,-28.3143],[30.8551,-28.3362],[30.8643,-28.3336],[30.8669,-28.3138],[30.8749,-28.3116],[30.8776,-28.3335],[30.8851,-28.3309],[30.8906,-28.325],[30.9037,-28.3255],[30.9115,-28.3394],[30.9277,-28.3572],[30.9349,-28.3588],[30.9348,-28.3677],[30.9487,-28.373],[30.9533,-28.3689],[30.9728,-28.383],[30.9818,-28.3848],[30.9876,-28.3745],[30.9684,-28.3624],[30.9774,-28.3461],[30.9656,-28.347],[30.9574,-28.3439],[30.9566,-28.3284],[30.9518,-28.3152],[30.9592,-28.3152],[30.976,-28.3292],[30.9773,-28.3097],[30.9857,-28.2868],[30.9804,-28.2814],[30.9698,-28.2803],[30.9645,-28.2908],[30.9543,-28.28],[30.9584,-28.2683],[30.9494,-28.2557],[30.956,-28.2482],[30.9552,-28.2372],[30.9424,-28.2455],[30.9364,-28.2411],[30.9224,-28.2422],[30.9228,-28.2545],[30.9089,-28.2509],[30.9024,-28.2418],[30.8955,-28.2398],[30.902,-28.225],[30.9025,-28.2136],[30.8942,-28.2048],[30.9049,-28.1858],[30.9048,-28.176],[30.8977,-28.1703],[30.8862,-28.1756],[30.8718,-28.1708],[30.8633,-28.1571],[30.8526,-28.1484],[30.8406,-28.1488],[30.8243,-28.1594],[30.8074,-28.1533],[30.8029,-28.1483],[30.7931,-28.1551],[30.7931,-28.1634],[30.7718,-28.1643],[30.7578,-28.1702],[30.7437,-28.1703],[30.7424,-28.1802],[30.7358,-28.1815],[30.7182,-28.192],[30.7199,-28.2048],[30.7088,-28.2108]]]},"properties":{"tmax":36.95920001,"brucode":"Tc9","tmin":0.3712,"bru_clean":"Tc9","tmean":17.4512001,"map":700.328}},
{"type":"Feature","geometry":{"type":"Polygon","coordinates":[[[30.2541,-28.2806],[30.2706,-28.2874],[30.2653,-28.3049],[30.2505,-28.303],[30.2507,-28.2908],[30.2325,-28.3036],[30.2462,-28.3059],[30.2473,-28.3141],[30.2546,-28.3191],[30.2521,-28.328],[30.244,-28.3346],[30.2352,-28.3235],[30.2277,-28.3213],[30.2248,-28.3364],[30.2567,-28.3428],[30.2715,-28.3607],[30.277,-28.3538],[30.2908,-28.3447],[30.2869,-28.3294],[30.2967,-28.3291],[30.3081,-28.3234],[30.3234,-28.3272],[30.319,-28.3356],[30.325,-28.3501],[30.3414,-28.3554],[30.3449,-28.3688],[30.3526,-28.3755],[30.3427,-28.3855],[30.3324,-28.3871],[30.3341,-28.3994],[30.3504,-28.4145],[30.3701,-28.4039],[30.3791,-28.4073],[30.3765,-28.4165],[30.3856,-28.4069],[30.3918,-28.3802],[30.4067,-28.3556],[30.4156,-28.3516],[30.4103,-28.3445],[30.4022,-28.3428],[30.3899,-28.3218],[30.3894,-28.3124],[30.3762,-28.3172],[30.3689,-28.3232],[30.364,-28.3105],[30.3531,-28.302],[30.3598,-28.2818],[30.367,-28.2741],[30.3686,-28.2601],[30.3791,-28.2634],[30.3938,-28.2629],[30.3854,-28.2482],[30.3995,-28.2266],[30.4064,-28.2252],[30.4113,-28.2397],[30.422,-28.2337],[30.4119,-28.2209],[30.4189,-28.2132],[30.4156,-28.2067],[30.4239,-28.2014],[30.4249,-28.1899],[30.4351,-28.1847],[30.431,-28.1747],[30.4149,-28.1903],[30.4037,-28.1849],[30.4047,-28.1769],[30.412,-28.1747],[30.4012,-28.1515],[30.3976,-28.1597],[30.4024,-28.1668],[30.3928,-28.1862],[30.3937,-28.1974],[30.4018,-28.2069],[30.4018,-28.2159],[30.3926,-28.2206],[30.3794,-28.2092],[30.3713,-28.1963],[30.3609,-28.1946],[30.3594,-28.2075],[30.3524,-28.2142],[30.3385,-28.2113],[30.3327,-28.2209],[30.3394,-28.2325],[30.3531,-28.2345],[30.351,-28.2449],[30.3378,-28.2443],[30.3258,-28.2285],[30.3222,-28.2298],[30.3251,-28.2394],[30.3223,-28.2506],[30.3154,-28.2573],[30.3186,-28.2658],[30.3164,-28.2823],[30.3029,-28.2757],[30.2818,-28.2723],[30.2745,-28.2749],[30.259,-28.2704],[30.2541,-28.2806]]]},"properties":{"tmax":36.56065588,"brucode":"Vd3","tmin":-6.21147543,"bru_clean":"Vd3","tmean":16.46557389,"map":741.9}},
{"type":"Feature","geometry":{"type":"Polygon","coordinates":[[[29.6829,-28.2498],[29.6789,-28.2622],[29.6917,-28.2678],[29.6951,-28.263],[29.7082,-28.2683],[29.711,-28.2884],[29.7154,-28.2965],[29.7244,-28.2944],[29.7297,-28.2832],[29.747,-28.2966],[29.7566,-28.3001],[29.7566,-28.3158],[29.7748,-28.3069],[29.7836,-28.3068],[29.7861,-28.3397],[29.7828,-28.3478],[29.7668,-28.356],[29.7705,-28.3615],[29.7828,-28.361],[29.7987,-28.3659],[29.7984,-28.3862],[29.812,-28.3963],[29.816,-28.4032],[29.8105,-28.4207],[29.8211,-28.4233],[29.833,-28.4167],[29.8463,-28.3943],[29.8527,-28.3896],[29.8764,-28.3907],[29.8944,-28.4001],[29.8943,-28.3788],[29.8836,-28.3766],[29.8764,-28.3798],[29.8578,-28.3796],[29.857,-28.3736],[29.8364,-28.3613],[29.8185,-28.3552],[29.8118,-28.3563],[29.8036,-28.349],[29.8027,-28.3407],[29.8097,-28.3324],[29.8252,-28.3369],[29.8387,-28.3336],[29.8497,-28.3475],[29.862,-28.3506],[29.8682,-28.3399],[29.8676,-28.3301],[29.8586,-28.3157],[29.8599,-28.3103],[29.8739,-28.3121],[29.8995,-28.3286],[29.8982,-28.3347],[29.9104,-28.3362],[29.9143,-28.3324],[29.9276,-28.3394],[29.9259,-28.3548],[29.9185,-28.3587],[29.926,-28.3675],[29.9477,-28.367],[29.9566,-28.3575],[29.9607,-28.3373],[29.9599,-28.3305],[29.9742,-28.3312],[29.9732,-28.337],[29.9885,-28.3532],[30.0012,-28.3497],[30.0061,-28.3448],[30.0248,-28.3454],[30.0305,-28.3273],[30.0428,-28.3091],[30.0506,-28.2882],[30.0458,-28.2801],[30.0483,-28.2723],[30.0584,-28.2691],[30.0684,-28.2595],[30.0625,-28.2543],[30.0498,-28.2506],[30.0482,-28.2412],[30.0601,-28.2317],[30.0641,-28.2425],[30.0827,-28.2513],[30.0948,-28.2631],[30.0973,-28.2606],[30.0992,-28.2406],[30.0763,-28.2332],[30.0679,-28.2206],[30.0462,-28.2166],[30.0215,-28.2211],[30.0099,-28.2167],[29.9968,-28.2015],[29.9889,-28.208],[29.9883,-28.2183],[29.9771,-28.2161],[29.9708,-28.1942],[29.9728,-28.1878],[29.9615,-28.1719],[29.9662,-28.1649],[29.9584,-28.1594],[29.95,-28.1656],[29.9372,-28.1641],[29.9507,-28.1861],[29.9498,-28.1924],[29.9376,-28.1901],[29.9414,-28.1999],[29.931,-28.2049],[29.9274,-28.2173],[29.915,-28.2248],[29.9074,-28.2215],[29.8997,-28.2057],[29.8814,-28.2052],[29.878,-28.2113],[29.8893,-28.216],[29.8974,-28.2244],[29.8894,-28.2428],[29.8614,-28.2387],[29.8418,-28.2381],[29.8353,-28.23],[29.8052,-28.2259],[29.7897,-28.2253],[29.7829,-28.2336],[29.7702,-28.2306],[29.7694,-28.2163],[29.7747,-28.2081],[29.7708,-28.1969],[29.7621,-28.1877],[29.769,-28.1772],[29.7467,-28.1837],[29.7365,-28.1831],[29.7338,-28.196],[29.7246,-28.2032],[29.7343,-28.2171],[29.7127,-28.2234],[29.7053,-28.2149],[29.7015,-28.2303],[29.7092,-28.239],[29.7096,-28.2595],[29.6996,-28.2585],[29.693,-28.2475],[29.6829,-28.2498]]]},"properties":{"tmax":38.17950307,"brucode":"Wc9","tmin":-5.61552794,"bru_clean":"Wc9","tmean":17.40248453,"map":854.00613497}},
{"type":"Feature","geometry":{"type":"Polygon","coordinates":[[[31.9526,-28.317],[31.9625,-28.3087],[31.9696,-28.3077],[31.988,-28.2913],[32.001,-28.2899],[32.0004,-28.2823],[32.0088,-28.2748],[32.019,-28.2711],[32.0239,-28.2834],[32.0075,-28.2947],[32.0156,-28.2991],[32.0226,-28.2923],[32.0329,-28.2904],[32.0434,-28.2825],[32.0479,-28.291],[32.0592,-28.2895],[32.0678,-28.2933],[32.0882,-28.2788],[32.0925,-28.2694],[32.1009,-28.2299],[32.1111,-28.2022],[32.1163,-28.1747],[32.1071,-28.1609],[32.0936,-28.1659],[32.0999,-28.1725],[32.1003,-28.1858],[32.1077,-28.1945],[32.0979,-28.2041],[32.0886,-28.2038],[32.0935,-28.1852],[32.076,-28.1831],[32.0689,-28.1757],[32.0596,-28.1776],[32.0384,-28.1872],[32.0134,-28.1936],[32.0089,-28.2008],[31.9989,-28.2048],[31.9956,-28.2123],[31.9832,-28.2137],[31.9757,-28.2263],[31.9681,-28.2224],[31.9544,-28.2326],[31.9462,-28.2288],[31.9407,-28.2356],[31.9295,-28.2392],[31.9317,-28.2476],[31.9221,-28.2593],[31.9338,-28.2599],[31.9429,-28.2698],[31.9337,-28.302],[31.9481,-28.3066],[31.9526,-28.317]],[[32.0489,-28.208],[32.0503,-28.2182],[32.024,-28.2279],[32.0501,-28.2442],[32.0615,-28.2466],[32.0561,-28.257],[32.0387,-28.2671],[32.0322,-28.2648],[32.0239,-28.241],[32.0171,-28.245],[32.0207,-28.2632],[32.0094,-28.2598],[31.9977,-28.246],[31.9865,-28.2376],[32.0014,-28.2249],[32.0192,-28.218],[32.0232,-28.2041],[32.035,-28.2094],[32.0455,-28.2024],[32.0489,-28.208]]]},"properties":{"tmax":42.51794903,"brucode":"Ua7b","tmin":3.95641023,"bru_clean":"Ua7","tmean":22.03589743,"map":753.77922078}},
{"type":"Feature","geometry":{"type":"Polygon","coordinates":[[[29.9949,-28.1642],[29.9908,-28.1672],[29.9911,-28.1839],[30.0101,-28.1979],[30.0179,-28.197],[30.0256,-28.1875],[30.0371,-28.1965],[30.0462,-28.1953],[30.0695,-28.2159],[30.0679,-28.2206],[30.0763,-28.2332],[30.0992,-28.2406],[30.111,-28.2372],[30.1097,-28.2286],[30.1033,-28.2217],[30.095,-28.2204],[30.0805,-28.208],[30.0642,-28.2048],[30.0519,-28.1913],[30.0423,-28.1891],[30.0359,-28.1895],[30.0263,-28.1782],[30.028,-28.1668],[30.0174,-28.1702],[30.019,-28.1819],[30.0082,-28.1929],[29.9968,-28.1826],[29.9959,-28.1726],[30.0081,-28.1742],[30.0083,-28.1647],[29.9949,-28.1642]]]},"properties":{"tmax":38.60000038,"brucode":"Xd1","tmin":-6.19999993,"bru_clean":"Xd1","tmean":17.32499981,"map":854.33333333}},
{"type":"Feature","geometry":{"type":"Polygon","coordinates":[[[30.0423,-28.1891],[30.0519,-28.1913],[30.0642,-28.2048],[30.0805,-28.208],[30.095,-28.2204],[30.1033,-28.2217],[30.1097,-28.2286],[30.111,-28.2372],[30.0992,-28.2406],[30.0973,-28.2606],[30.0948,-28.2631],[30.1102,-28.2588],[30.1246,-28.2456],[30.1283,-28.2309],[30.1335,-28.2324],[30.1307,-28.2484],[30.1308,-28.2674],[30.134,-28.2869],[30.1406,-28.2879],[30.1557,-28.2751],[30.1647,-28.2764],[30.1746,-28.2702],[30.1713,-28.262],[30.17,-28.2453],[30.1899,-28.2376],[30.1907,-28.2499],[30.2096,-28.2809],[30.2097,-28.2989],[30.2262,-28.3031],[30.2286,-28.3109],[30.2176,-28.3294],[30.2138,-28.3448],[30.2008,-28.347],[30.1968,-28.3539],[30.2009,-28.3651],[30.214,-28.3615],[30.2204,-28.3686],[30.229,-28.3661],[30.2419,-28.3682],[30.2497,-28.3647],[30.2526,-28.3544],[30.2664,-28.3701],[30.2753,-28.3763],[30.2855,-28.3738],[30.2893,-28.3576],[30.2974,-28.3685],[30.3071,-28.37],[30.291,-28.3817],[30.2878,-28.3884],[30.3029,-28.4092],[30.3146,-28.4131],[30.3201,-28.4112],[30.3479,-28.4262],[30.3582,-28.4217],[30.3626,-28.4287],[30.3658,-28.4437],[30.3763,-28.4495],[30.3882,-28.4492],[30.4022,-28.4525],[30.4083,-28.4652],[30.3929,-28.4644],[30.3711,-28.4746],[30.3635,-28.4898],[30.3473,-28.4874],[30.3512,-28.4795],[30.3464,-28.4746],[30.3341,-28.474],[30.3292,-28.4851],[30.316,-28.4911],[30.305,-28.4914],[30.2972,-28.5012],[30.3078,-28.4954],[30.3178,-28.4948],[30.3352,-28.4989],[30.3473,-28.5082],[30.3518,-28.5019],[30.3703,-28.5097],[30.3715,-28.5173],[30.3804,-28.5174],[30.378,-28.506],[30.3994,-28.5088],[30.3897,-28.4866],[30.3982,-28.4868],[30.4126,-28.4845],[30.4204,-28.4777],[30.4273,-28.4538],[30.4266,-28.4509],[30.4035,-28.4426],[30.391,-28.4337],[30.3828,-28.4358],[30.3765,-28.4165],[30.3791,-28.4073],[30.3701,-28.4039],[30.3504,-28.4145],[30.3341,-28.3994],[30.3152,-28.4057],[30.305,-28.3931],[30.2959,-28.387],[30.3049,-28.3774],[30.3144,-28.3773],[30.3261,-28.3687],[30.3026,-28.3671],[30.2963,-28.3581],[30.325,-28.3501],[30.319,-28.3356],[30.3234,-28.3272],[30.3081,-28.3234],[30.2967,-28.3291],[30.2869,-28.3294],[30.2908,-28.3447],[30.277,-28.3538],[30.2715,-28.3607],[30.2567,-28.3428],[30.2248,-28.3364],[30.2277,-28.3213],[30.2352,-28.3235],[30.244,-28.3346],[30.2521,-28.328],[30.2546,-28.3191],[30.2473,-28.3141],[30.2462,-28.3059],[30.2325,-28.3036],[30.2507,-28.2908],[30.2505,-28.303],[30.2653,-28.3049],[30.2706,-28.2874],[30.2541,-28.2806],[30.2525,-28.2837],[30.2307,-28.2777],[30.2491,-28.2739],[30.2347,-28.2672],[30.2209,-28.2551],[30.2067,-28.2476],[30.2101,-28.2406],[30.2025,-28.2329],[30.1996,-28.2217],[30.211,-28.2177],[30.2175,-28.2308],[30.2387,-28.2361],[30.2227,-28.223],[30.2259,-28.2101],[30.204,-28.2036],[30.1964,-28.2162],[30.1739,-28.2199],[30.1651,-28.2258],[30.1637,-28.2132],[30.1575,-28.2039],[30.1454,-28.2065],[30.1411,-28.1999],[30.1436,-28.1918],[30.1267,-28.195],[30.1137,-28.1993],[30.1098,-28.194],[30.1078,-28.1794],[30.0993,-28.1803],[30.0968,-28.1691],[30.0879,-28.1689],[30.0791,-28.1778],[30.07,-28.1754],[30.0627,-28.1804],[30.059,-28.1897],[30.0451,-28.1857],[30.0423,-28.1891]]]},"properties":{"tmax":37.83846148,"brucode":"UVc3","tmin":-5.97999997,"bru_clean":"UVc3","tmean":17.25076913,"map":786.96923077}},
{"type":"Feature","geometry":{"type":"Polygon","coordinates":[[[31.5911,-28.2783],[31.5831,-28.2626],[31.5762,-28.2541],[31.5594,-28.2579],[31.5557,-28.2703],[31.5465,-28.2753],[31.5403,-28.2682],[31.5313,-28.282],[31.5233,-28.2711],[31.531,-28.262],[31.5118,-28.2374],[31.5198,-28.2287],[31.5135,-28.2227],[31.5094,-28.2036],[31.5147,-28.1916],[31.5097,-28.1854],[31.5016,-28.1965],[31.5015,-28.2164],[31.4819,-28.2157],[31.4815,-28.2326],[31.4749,-28.2326],[31.4557,-28.2469],[31.4495,-28.248],[31.4542,-28.2639],[31.462,-28.277],[31.4728,-28.2705],[31.4844,-28.2722],[31.4831,-28.2823],[31.4867,-28.2904],[31.4943,-28.2925],[31.4922,-28.3019],[31.5017,-28.3119],[31.5018,-28.3315],[31.4888,-28.3357],[31.4818,-28.3415],[31.4726,-28.3414],[31.473,-28.3514],[31.4588,-28.3524],[31.4511,-28.3585],[31.4595,-28.3703],[31.4666,-28.3646],[31.4784,-28.3664],[31.4862,-28.3599],[31.5002,-28.3557],[31.5078,-28.3498],[31.5178,-28.3548],[31.5207,-28.3623],[31.4906,-28.3774],[31.4885,-28.3881],[31.4793,-28.3959],[31.4903,-28.3935],[31.498,-28.3965],[31.5086,-28.4135],[31.5138,-28.399],[31.5274,-28.4043],[31.5223,-28.3804],[31.5345,-28.3724],[31.5272,-28.3678],[31.5301,-28.3592],[31.5415,-28.3565],[31.543,-28.3473],[31.5555,-28.3387],[31.5514,-28.3208],[31.5428,-28.3156],[31.5278,-28.3201],[31.5252,-28.3245],[31.5119,-28.3205],[31.5153,-28.3089],[31.5073,-28.3042],[31.519,-28.2894],[31.5269,-28.2876],[31.5437,-28.3036],[31.5528,-28.3025],[31.5627,-28.3072],[31.5691,-28.2939],[31.5678,-28.2877],[31.5529,-28.2968],[31.5503,-28.2808],[31.5594,-28.2848],[31.5678,-28.278],[31.5735,-28.2908],[31.584,-28.2882],[31.5911,-28.2783]]]},"properties":{"tmax":39.78387082,"brucode":"Ub12","tmin":1.62258064,"bru_clean":"Ub12","tmean":20.02258073,"map":765.09677419}},
{"type":"Feature","geometry":{"type":"Polygon","coordinates":[[[31.3797,-28.2053],[31.3749,-28.1933],[31.3648,-28.192],[31.3578,-28.2036],[31.3506,-28.2049],[31.3315,-28.2228],[31.3225,-28.2235],[31.3211,-28.2353],[31.3145,-28.2458],[31.3031,-28.2461],[31.2972,-28.2574],[31.2887,-28.2564],[31.2834,-28.268],[31.285,-28.2816],[31.294,-28.2866],[31.3109,-28.2883],[31.3175,-28.2927],[31.3283,-28.2975],[31.3312,-28.2897],[31.3432,-28.2844],[31.345,-28.238],[31.3376,-28.2335],[31.3414,-28.223],[31.3615,-28.2076],[31.3718,-28.2091],[31.3797,-28.2053]]]},"properties":{"tmax":39.39000015,"brucode":"TUb7","tmin":1.79999998,"bru_clean":"TUb7","tmean":19.53000031,"map":859.4}},
{"type":"Feature","geometry":{"type":"Polygon","coordinates":[[[30.6317,-28.3481],[30.6343,-28.3541],[30.6495,-28.343],[30.6582,-28.3383],[30.6468,-28.3059],[30.6552,-28.3058],[30.6751,-28.3164],[30.6879,-28.2952],[30.6973,-28.3027],[30.7112,-28.2983],[30.7133,-28.2876],[30.7081,-28.2805],[30.7066,-28.2913],[30.6833,-28.2801],[30.6875,-28.2727],[30.6788,-28.2634],[30.6903,-28.2477],[30.6819,-28.2431],[30.6932,-28.2239],[30.7029,-28.2213],[30.6973,-28.2374],[30.7192,-28.2463],[30.7277,-28.2616],[30.7337,-28.2619],[30.7371,-28.259],[30.7292,-28.2588],[30.7283,-28.2479],[30.7161,-28.2325],[30.7088,-28.2108],[30.696,-28.211],[30.6902,-28.2046],[30.6977,-28.1984],[30.6846,-28.1933],[30.6736,-28.2026],[30.6698,-28.2126],[30.6718,-28.2257],[30.6782,-28.2278],[30.6801,-28.2373],[30.6668,-28.2444],[30.6715,-28.2517],[30.6716,-28.2664],[30.6766,-28.2736],[30.6795,-28.2911],[30.6696,-28.2954],[30.6486,-28.2991],[30.6336,-28.2921],[30.618,-28.2899],[30.6098,-28.2918],[30.6059,-28.307],[30.603,-28.3311],[30.6134,-28.3318],[30.6274,-28.3206],[30.6334,-28.3197],[30.6384,-28.3299],[30.629,-28.3327],[30.6317,-28.3481]]]},"properties":{"tmax":36.35263182,"brucode":"Vc18a","tmin":-3.49473684,"bru_clean":"Vc18","tmean":16.94210544,"map":724.57894737}},
{"type":"Feature","geometry":{"type":"Polygon","coordinates":[[[31.7079,-28.2028],[31.7,-28.2045],[31.6997,-28.2187],[31.6917,-28.25],[31.6948,-28.2739],[31.6936,-28.2871],[31.6971,-28.3064],[31.715,-28.305],[31.7183,-28.3096],[31.7063,-28.3206],[31.6993,-28.323],[31.7093,-28.3418],[31.7133,-28.3315],[31.7222,-28.3289],[31.7263,-28.3175],[31.7291,-28.2964],[31.7364,-28.2945],[31.7378,-28.2807],[31.729,-28.2813],[31.7223,-28.2754],[31.7221,-28.2504],[31.731,-28.2446],[31.7261,-28.2282],[31.7299,-28.217],[31.7209,-28.2158],[31.7177,-28.2073],[31.7079,-28.2028]]]},"properties":{"tmax":40.76607152,"brucode":"Ua4d","tmin":4.26785713,"bru_clean":"Ua4","tmean":21.2750001,"map":768.30357143}},
{"type":"Feature","geometry":{"type":"Polygon","coordinates":[[[31.4482,-28.2411],[31.4495,-28.248],[31.4557,-28.2469],[31.4749,-28.2326],[31.4815,-28.2326],[31.4819,-28.2157],[31.5015,-28.2164],[31.5016,-28.1965],[31.4953,-28.2061],[31.4826,-28.2095],[31.4734,-28.2153],[31.4628,-28.2367],[31.4482,-28.2411]]]},"properties":{"tmax":39.15000153,"brucode":"Vb10","tmin":2.04999995,"bru_clean":"Vb10","tmean":19.54999924,"map":789.5}},
{"type":"Feature","geometry":{"type":"Polygon","coordinates":[[[32.0489,-28.208],[32.0455,-28.2024],[32.035,-28.2094],[32.0232,-28.2041],[32.0192,-28.218],[32.0014,-28.2249],[31.9865,-28.2376],[31.9977,-28.246],[32.0094,-28.2598],[32.0207,-28.2632],[32.0171,-28.245],[32.0239,-28.241],[32.0322,-28.2648],[32.0387,-28.2671],[32.0561,-28.257],[32.0615,-28.2466],[32.0501,-28.2442],[32.024,-28.2279],[32.0503,-28.2182],[32.0489,-28.208]]]},"properties":{"tmax":42.22999986,"brucode":"Va3c","tmin":4.05333331,"bru_clean":"Va3","tmean":21.80833324,"map":791.4}},
{"type":"Feature","geometry":{"type":"Polygon","coordinates":[[[31.658,-28.2182],[31.6639,-28.209],[31.6588,-28.2056],[31.6509,-28.216],[31.6418,-28.2458],[31.646,-28.2595],[31.6451,-28.2819],[31.6551,-28.2814],[31.6561,-28.2887],[31.648,-28.2979],[31.6645,-28.3088],[31.6751,-28.3016],[31.6741,-28.2854],[31.6768,-28.2707],[31.6714,-28.2668],[31.6729,-28.254],[31.6644,-28.256],[31.6492,-28.2467],[31.6503,-28.2289],[31.658,-28.2182]]]},"properties":{"tmax":40.76607152,"brucode":"Ua4c","tmin":4.26785713,"bru_clean":"Ua4","tmean":21.2750001,"map":768.30357143}},
{"type":"Feature","geometry":{"type":"Polygon","coordinates":[[[31.4235,-28.211],[31.4123,-28.2069],[31.4032,-28.2096],[31.3883,-28.2205],[31.3674,-28.2184],[31.3543,-28.2292],[31.358,-28.2339],[31.3586,-28.2568],[31.3702,-28.2566],[31.364,-28.273],[31.3698,-28.2791],[31.3804,-28.2717],[31.381,-28.2595],[31.3929,-28.2429],[31.412,-28.2403],[31.4183,-28.2427],[31.431,-28.2394],[31.4176,-28.2228],[31.4342,-28.2187],[31.4415,-28.2081],[31.4235,-28.211]]]},"properties":{"tmax":38.7888883,"brucode":"Wc24","tmin":0.9,"bru_clean":"Wc24","tmean":18.65555551,"map":838.33333333}},
{"type":"Feature","geometry":{"type":"Polygon","coordinates":[[[30.7081,-28.2805],[30.7218,-28.2787],[30.7246,-28.2698],[30.7337,-28.2619],[30.7277,-28.2616],[30.7192,-28.2463],[30.6973,-28.2374],[30.7029,-28.2213],[30.6932,-28.2239],[30.6819,-28.2431],[30.6903,-28.2477],[30.6788,-28.2634],[30.6875,-28.2727],[30.6833,-28.2801],[30.7066,-28.2913],[30.7081,-28.2805]]]},"properties":{"tmax":35.59999975,"brucode":"Wd6","tmin":-1.54999997,"bru_clean":"Wd6","tmean":16.33333333,"map":762.33333333}},
{"type":"Feature","geometry":{"type":"Polygon","coordinates":[[[31.5831,-28.2626],[31.5911,-28.2783],[31.6036,-28.2937],[31.6186,-28.3161],[31.6275,-28.3168],[31.6252,-28.3267],[31.6311,-28.3433],[31.637,-28.3419],[31.6438,-28.3244],[31.6319,-28.3162],[31.6374,-28.2957],[31.6357,-28.2735],[31.6322,-28.2669],[31.6372,-28.2593],[31.6344,-28.2481],[31.6193,-28.2403],[31.6098,-28.2492],[31.5892,-28.2473],[31.5786,-28.2501],[31.5831,-28.2626]]]},"properties":{"tmax":40.76607152,"brucode":"Ua4b","tmin":4.26785713,"bru_clean":"Ua4","tmean":21.2750001,"map":768.30357143}},
{"type":"Feature","geometry":{"type":"Polygon","coordinates":[[[32.2935,-28.4267],[32.2866,-28.4462],[32.296,-28.455],[32.3024,-28.4444],[32.2986,-28.436],[32.3043,-28.4293],[32.3017,-28.4161],[32.321,-28.4278],[32.3434,-28.4343],[32.3538,-28.4344],[32.3571,-28.4259],[32.3717,-28.4195],[32.3807,-28.4078],[32.3961,-28.3789],[32.4017,-28.365],[32.3997,-28.3402],[32.4011,-28.3291],[32.3983,-28.3116],[32.402,-28.3063],[32.3991,-28.303],[32.4019,-28.2873],[32.4,-28.2776],[32.4031,-28.2628],[32.4001,-28.2561],[32.4136,-28.2474],[32.4239,-28.2474],[32.4426,-28.2541],[32.4418,-28.243],[32.4217,-28.2378],[32.4186,-28.2208],[32.4071,-28.2329],[32.3979,-28.2487],[32.3937,-28.262],[32.3779,-28.2943],[32.3573,-28.3256],[32.3244,-28.3605],[32.3109,-28.3809],[32.2935,-28.4267]]]},"properties":{"tmax":39.97027,"brucode":"Za9","tmin":2.76756755,"bru_clean":"Za9","tmean":21.70540526,"map":1024.91666667}},
{"type":"Feature","geometry":{"type":"Polygon","coordinates":[[[30.0506,-28.2882],[30.0679,-28.3106],[30.0811,-28.3199],[30.0768,-28.3399],[30.0746,-28.363],[30.0662,-28.3645],[30.0599,-28.35],[30.0685,-28.349],[30.0719,-28.3404],[30.0603,-28.3403],[30.0548,-28.3357],[30.0578,-28.3275],[30.0517,-28.3119],[30.0428,-28.3091],[30.0305,-28.3273],[30.0248,-28.3454],[30.0229,-28.3552],[30.0402,-28.3526],[30.0563,-28.3615],[30.0458,-28.3682],[30.0502,-28.379],[30.0376,-28.3862],[30.0327,-28.3829],[30.0372,-28.3939],[30.044,-28.3979],[30.0422,-28.4145],[30.048,-28.421],[30.0575,-28.4042],[30.0818,-28.384],[30.0937,-28.3711],[30.0898,-28.3644],[30.0971,-28.3549],[30.1045,-28.3568],[30.114,-28.352],[30.1228,-28.3388],[30.1329,-28.3345],[30.1403,-28.347],[30.1553,-28.3507],[30.1679,-28.3458],[30.169,-28.3351],[30.1929,-28.3257],[30.2077,-28.3126],[30.2286,-28.3109],[30.2262,-28.3031],[30.2097,-28.2989],[30.2096,-28.2809],[30.1907,-28.2499],[30.1899,-28.2376],[30.17,-28.2453],[30.1713,-28.262],[30.1746,-28.2702],[30.1647,-28.2764],[30.1557,-28.2751],[30.1406,-28.2879],[30.134,-28.2869],[30.1308,-28.2674],[30.1307,-28.2484],[30.1335,-28.2324],[30.1283,-28.2309],[30.1246,-28.2456],[30.1102,-28.2588],[30.0948,-28.2631],[30.0827,-28.2513],[30.0641,-28.2425],[30.0601,-28.2317],[30.0482,-28.2412],[30.0498,-28.2506],[30.0625,-28.2543],[30.0684,-28.2595],[30.0584,-28.2691],[30.0483,-28.2723],[30.0458,-28.2801],[30.0506,-28.2882]]]},"properties":{"tmax":39.01754399,"brucode":"UVc4","tmin":-5.60000001,"bru_clean":"UVc4","tmean":18.11052637,"map":793.05357143}},
{"type":"Feature","geometry":{"type":"Polygon","coordinates":[[[31.0041,-28.2679],[31.0087,-28.3065],[30.9955,-28.312],[30.9902,-28.3258],[30.9885,-28.3394],[30.9992,-28.3347],[30.9985,-28.3478],[31.0076,-28.3458],[31.0151,-28.3347],[31.0152,-28.3251],[31.022,-28.3175],[31.0286,-28.3293],[31.0378,-28.3154],[31.0415,-28.3111],[31.0548,-28.3172],[31.0716,-28.3138],[31.0753,-28.3031],[31.0604,-28.3079],[31.0527,-28.3041],[31.0528,-28.2966],[31.0407,-28.2971],[31.0371,-28.2888],[31.0439,-28.2839],[31.0495,-28.268],[31.0576,-28.2644],[31.0625,-28.2533],[31.0591,-28.238],[31.0674,-28.2375],[31.0734,-28.2499],[31.0777,-28.2451],[31.0717,-28.2339],[31.0636,-28.2315],[31.05,-28.2374],[31.0521,-28.2451],[31.043,-28.2495],[31.0358,-28.2449],[31.0409,-28.2314],[31.0269,-28.2333],[31.0181,-28.2466],[31.0013,-28.25],[30.9993,-28.2609],[31.0041,-28.2679]]]},"properties":{"tmax":37.25882339,"brucode":"RSc1","tmin":1.04705883,"bru_clean":"RSc1","tmean":17.40000018,"map":785}},
{"type":"Feature","geometry":{"type":"Polygon","coordinates":[[[32.2539,-28.2473],[32.2379,-28.2318],[32.2321,-28.2349],[32.2155,-28.2314],[32.2146,-28.2434],[32.1948,-28.2525],[32.1911,-28.2696],[32.1758,-28.2802],[32.1618,-28.2999],[32.1489,-28.3147],[32.1387,-28.3158],[32.1298,-28.3251],[32.1312,-28.3337],[32.0973,-28.3677],[32.0819,-28.3766],[32.0752,-28.3881],[32.0643,-28.3988],[32.0532,-28.3979],[32.0569,-28.4134],[32.0663,-28.4062],[32.07,-28.4168],[32.0574,-28.4261],[32.0461,-28.4277],[32.0208,-28.439],[32.0079,-28.4362],[32.0068,-28.4217],[31.9912,-28.434],[31.967,-28.4318],[31.9515,-28.4403],[31.9379,-28.4523],[31.9303,-28.4664],[31.9238,-28.4673],[31.9177,-28.4779],[31.9264,-28.4817],[31.9178,-28.4976],[31.8996,-28.5044],[31.8924,-28.5229],[31.8828,-28.5303],[31.8978,-28.5368],[31.9061,-28.5351],[31.9152,-28.5265],[31.9263,-28.5263],[31.9263,-28.5336],[31.9062,-28.5622],[31.9033,-28.5565],[31.8928,-28.5563],[31.8811,-28.5644],[31.8716,-28.5858],[31.8818,-28.5913],[31.8911,-28.5826],[31.9049,-28.5753],[31.9176,-28.5753],[31.9215,-28.5846],[31.8975,-28.6001],[31.8886,-28.615],[31.8837,-28.6329],[31.8736,-28.644],[31.8962,-28.6402],[31.9021,-28.6462],[31.9031,-28.6554],[31.8984,-28.6633],[31.8981,-28.6755],[31.8939,-28.6862],[31.8852,-28.6897],[31.8802,-28.699],[31.8662,-28.6961],[31.8645,-28.7052],[31.8393,-28.7101],[31.8223,-28.7236],[31.7993,-28.7301],[31.7977,-28.7413],[31.8096,-28.7438],[31.8251,-28.7474],[31.8239,-28.7398],[31.8367,-28.7309],[31.846,-28.7306],[31.8703,-28.7378],[31.8867,-28.7357],[31.8825,-28.722],[31.8869,-28.7117],[31.8971,-28.7013],[31.9225,-28.6883],[31.9277,-28.6893],[31.9379,-28.679],[31.9452,-28.6643],[31.9619,-28.6759],[31.9632,-28.6663],[31.9519,-28.6598],[31.9509,-28.654],[31.9706,-28.6342],[31.9814,-28.6372],[31.9913,-28.6318],[31.9942,-28.6219],[32.0011,-28.6137],[32.0044,-28.5911],[32.0089,-28.5777],[32.0266,-28.5842],[32.0446,-28.5847],[32.0512,-28.5797],[32.0632,-28.5575],[32.069,-28.5521],[32.0687,-28.5404],[32.0904,-28.5226],[32.0921,-28.5155],[32.1028,-28.5115],[32.1245,-28.4993],[32.1316,-28.4918],[32.1532,-28.4537],[32.1556,-28.4531],[32.166,-28.4447],[32.175,-28.4234],[32.1826,-28.4111],[32.1798,-28.3997],[32.1846,-28.3814],[32.1937,-28.3647],[32.2074,-28.3595],[32.2071,-28.3498],[32.2162,-28.3367],[32.2321,-28.334],[32.2373,-28.3255],[32.2429,-28.293],[32.2497,-28.3026],[32.2589,-28.2938],[32.2575,-28.281],[32.2514,-28.2677],[32.2539,-28.2473]]]},"properties":{"tmax":42.53502312,"brucode":"WXa3","tmin":4.24423964,"bru_clean":"WXa3","tmean":22.0341013,"map":893.68202765}},
{"type":"Feature","geometry":{"type":"Polygon","coordinates":[[[31.3175,-28.2927],[31.3109,-28.2883],[31.294,-28.2866],[31.285,-28.2816],[31.2834,-28.268],[31.2887,-28.2564],[31.2972,-28.2574],[31.3031,-28.2461],[31.2933,-28.2456],[31.2818,-28.2344],[31.2621,-28.2415],[31.2543,-28.234],[31.2362,-28.2386],[31.2274,-28.2353],[31.2228,-28.2442],[31.2125,-28.2375],[31.2074,-28.2441],[31.1965,-28.2332],[31.1859,-28.236],[31.1802,-28.243],[31.1833,-28.2545],[31.1921,-28.2607],[31.1906,-28.2702],[31.1794,-28.284],[31.1709,-28.287],[31.196,-28.2961],[31.2146,-28.2877],[31.218,-28.2937],[31.2351,-28.2789],[31.2428,-28.284],[31.237,-28.2926],[31.2301,-28.2931],[31.2286,-28.3039],[31.2484,-28.2945],[31.2529,-28.3017],[31.2638,-28.3042],[31.2837,-28.3006],[31.2939,-28.3043],[31.2986,-28.297],[31.3175,-28.2927]]]},"properties":{"tmax":39.12608686,"brucode":"Ub10","tmin":2.90000002,"bru_clean":"Ub10","tmean":19.20869587,"map":843.91304348}},
{"type":"Feature","geometry":{"type":"Polygon","coordinates":[[[31.0734,-28.2499],[31.0674,-28.2375],[31.0591,-28.238],[31.0625,-28.2533],[31.0576,-28.2644],[31.0495,-28.268],[31.0559,-28.2682],[31.0639,-28.2782],[31.0764,-28.2835],[31.0939,-28.2777],[31.0945,-28.2965],[31.1099,-28.2869],[31.1172,-28.297],[31.1365,-28.2748],[31.1363,-28.2635],[31.1209,-28.2508],[31.1131,-28.2519],[31.1085,-28.2402],[31.0981,-28.2475],[31.0926,-28.2453],[31.0866,-28.2604],[31.0795,-28.271],[31.0728,-28.2596],[31.0734,-28.2499]]]},"properties":{"tmax":37.6624999,"brucode":"UVc9","tmin":1.3,"bru_clean":"UVc9","tmean":17.7125001,"map":808.875}},
{"type":"Feature","geometry":{"type":"Polygon","coordinates":[[[29.6638,-28.2711],[29.6775,-28.2801],[29.681,-28.2956],[29.6926,-28.2949],[29.711,-28.2884],[29.7082,-28.2683],[29.6951,-28.263],[29.6917,-28.2678],[29.6789,-28.2622],[29.6829,-28.2498],[29.6806,-28.2421],[29.6714,-28.2377],[29.6664,-28.25],[29.6723,-28.2585],[29.6607,-28.2674],[29.6638,-28.2711]]]},"properties":{"tmax":38.29999987,"brucode":"Xc5","tmin":-6.18333324,"bru_clean":"Xc5","tmean":17.33333302,"map":916.66666667}},
{"type":"Feature","geometry":{"type":"Polygon","coordinates":[[[30.7371,-28.259],[30.7337,-28.2619],[30.7246,-28.2698],[30.7218,-28.2787],[30.7081,-28.2805],[30.7133,-28.2876],[30.7112,-28.2983],[30.6973,-28.3027],[30.6879,-28.2952],[30.6751,-28.3164],[30.6552,-28.3058],[30.6468,-28.3059],[30.6582,-28.3383],[30.6495,-28.343],[30.6498,-28.3557],[30.6385,-28.3799],[30.6295,-28.3876],[30.6321,-28.3961],[30.6441,-28.3995],[30.655,-28.4121],[30.6829,-28.4187],[30.6822,-28.4302],[30.672,-28.4267],[30.6487,-28.4322],[30.6581,-28.4519],[30.6564,-28.4607],[30.6759,-28.4578],[30.6707,-28.4689],[30.6805,-28.4816],[30.6994,-28.4811],[30.7001,-28.4704],[30.7138,-28.4749],[30.7211,-28.4679],[30.7465,-28.4678],[30.7606,-28.4641],[30.753,-28.4813],[30.7347,-28.4843],[30.7291,-28.4938],[30.7144,-28.5002],[30.7227,-28.5091],[30.7208,-28.5157],[30.7043,-28.5286],[30.7173,-28.532],[30.7251,-28.5212],[30.745,-28.5213],[30.755,-28.5249],[30.7506,-28.5128],[30.7633,-28.5062],[30.7654,-28.4926],[30.7753,-28.4894],[30.7793,-28.4832],[30.7958,-28.4974],[30.7985,-28.5046],[30.8208,-28.5071],[30.8131,-28.4972],[30.8199,-28.4908],[30.8177,-28.4737],[30.8115,-28.4653],[30.8189,-28.4598],[30.8119,-28.4475],[30.8032,-28.442],[30.7947,-28.4468],[30.7817,-28.4354],[30.7898,-28.428],[30.7988,-28.4317],[30.8103,-28.4294],[30.8157,-28.4415],[30.826,-28.4403],[30.825,-28.4318],[30.8312,-28.4274],[30.8198,-28.4199],[30.8253,-28.4145],[30.8349,-28.4188],[30.8384,-28.4114],[30.854,-28.4191],[30.8578,-28.4046],[30.8479,-28.3868],[30.8395,-28.3894],[30.8335,-28.383],[30.8364,-28.3726],[30.8327,-28.3549],[30.8228,-28.3452],[30.7906,-28.3489],[30.7807,-28.3408],[30.7841,-28.3315],[30.7697,-28.3285],[30.7547,-28.3375],[30.7537,-28.3221],[30.7601,-28.3067],[30.7793,-28.2866],[30.7732,-28.2839],[30.7656,-28.292],[30.7572,-28.2818],[30.7474,-28.2813],[30.7511,-28.2693],[30.7712,-28.2807],[30.7803,-28.2666],[30.7618,-28.2638],[30.744,-28.2539],[30.7507,-28.2495],[30.7623,-28.2531],[30.7691,-28.2456],[30.7618,-28.238],[30.7514,-28.2414],[30.739,-28.2533],[30.7371,-28.259]]]},"properties":{"tmax":36.25984252,"brucode":"Uc12a","tmin":-0.1007874,"bru_clean":"Uc12","tmean":16.98503929,"map":746.14285714}},
{"type":"Feature","geometry":{"type":"Polygon","coordinates":[[[31.2781,-28.3374],[31.2576,-28.3385],[31.2649,-28.3558],[31.2594,-28.3618],[31.2484,-28.3578],[31.2426,-28.3641],[31.2433,-28.3743],[31.2505,-28.3886],[31.2566,-28.3933],[31.2546,-28.4148],[31.2496,-28.4179],[31.2417,-28.433],[31.2429,-28.4461],[31.2281,-28.4551],[31.2513,-28.4681],[31.2616,-28.4625],[31.2648,-28.4547],[31.2801,-28.4534],[31.2948,-28.4463],[31.2998,-28.4551],[31.313,-28.4458],[31.3248,-28.4463],[31.3291,-28.4382],[31.3307,-28.415],[31.3379,-28.4069],[31.3456,-28.4129],[31.3465,-28.43],[31.3587,-28.431],[31.3689,-28.4165],[31.3761,-28.4125],[31.3971,-28.388],[31.395,-28.3823],[31.4032,-28.3755],[31.4005,-28.3628],[31.4127,-28.3607],[31.4153,-28.3699],[31.4259,-28.3682],[31.4274,-28.3782],[31.4463,-28.3822],[31.459,-28.3945],[31.4486,-28.4011],[31.444,-28.3979],[31.4223,-28.4045],[31.4211,-28.4157],[31.4499,-28.4072],[31.4571,-28.4085],[31.4669,-28.4225],[31.4793,-28.3959],[31.4885,-28.3881],[31.4906,-28.3774],[31.5207,-28.3623],[31.5178,-28.3548],[31.5078,-28.3498],[31.5002,-28.3557],[31.4862,-28.3599],[31.4784,-28.3664],[31.4666,-28.3646],[31.4595,-28.3703],[31.4511,-28.3585],[31.4588,-28.3524],[31.473,-28.3514],[31.4726,-28.3414],[31.4818,-28.3415],[31.4888,-28.3357],[31.5018,-28.3315],[31.5017,-28.3119],[31.4922,-28.3019],[31.4943,-28.2925],[31.4867,-28.2904],[31.4831,-28.2823],[31.4844,-28.2722],[31.4728,-28.2705],[31.462,-28.277],[31.4542,-28.2639],[31.4495,-28.248],[31.4482,-28.2411],[31.4434,-28.245],[31.4379,-28.2607],[31.4259,-28.2628],[31.4172,-28.2686],[31.4176,-28.2776],[31.403,-28.2875],[31.3948,-28.2701],[31.3868,-28.2682],[31.3794,-28.2832],[31.3693,-28.2836],[31.3543,-28.2939],[31.3507,-28.3063],[31.356,-28.3131],[31.349,-28.3209],[31.3376,-28.3226],[31.3437,-28.308],[31.3314,-28.3091],[31.3142,-28.3199],[31.3085,-28.3113],[31.2941,-28.3144],[31.2894,-28.3268],[31.2781,-28.3374]]]},"properties":{"tmax":39.81401875,"brucode":"Tb8","tmin":0.95794393,"bru_clean":"Tb8","tmean":19.61869161,"map":818.17757009}},
{"type":"Feature","geometry":{"type":"Polygon","coordinates":[[[32.2866,-28.4462],[32.2664,-28.4639],[32.2565,-28.4679],[32.2206,-28.4882],[32.2142,-28.4997],[32.2086,-28.4963],[32.1753,-28.5248],[32.1794,-28.5254],[32.2067,-28.5057],[32.2367,-28.517],[32.2544,-28.5053],[32.2754,-28.5071],[32.2773,-28.5146],[32.2963,-28.5123],[32.3041,-28.5201],[32.3298,-28.5336],[32.3411,-28.5349],[32.3419,-28.5237],[32.3516,-28.5187],[32.3362,-28.5131],[32.3434,-28.5006],[32.3507,-28.498],[32.3629,-28.485],[32.3708,-28.4842],[32.3795,-28.4892],[32.3955,-28.4922],[32.3979,-28.4792],[32.4072,-28.4464],[32.4135,-28.4339],[32.415,-28.4221],[32.4231,-28.4047],[32.4199,-28.3995],[32.426,-28.384],[32.4145,-28.3896],[32.3995,-28.3868],[32.41,-28.3685],[32.4062,-28.3627],[32.4089,-28.3453],[32.4039,-28.3406],[32.4038,-28.3289],[32.4099,-28.2987],[32.4006,-28.2952],[32.4099,-28.2864],[32.4048,-28.2774],[32.4143,-28.252],[32.4239,-28.2474],[32.4136,-28.2474],[32.4001,-28.2561],[32.4031,-28.2628],[32.4,-28.2776],[32.4019,-28.2873],[32.3991,-28.303],[32.402,-28.3063],[32.3983,-28.3116],[32.4011,-28.3291],[32.3997,-28.3402],[32.4017,-28.365],[32.3961,-28.3789],[32.3807,-28.4078],[32.3717,-28.4195],[32.3571,-28.4259],[32.3538,-28.4344],[32.3434,-28.4343],[32.321,-28.4278],[32.3017,-28.4161],[32.3043,-28.4293],[32.2986,-28.436],[32.3024,-28.4444],[32.296,-28.455],[32.2866,-28.4462]]]},"properties":{"tmax":40.15454545,"brucode":"Za11a","tmin":3.99090906,"bru_clean":"Za11","tmean":21.94000005,"map":1051.72222222}},
{"type":"Feature","geometry":{"type":"MultiPolygon","coordinates":[[[[29.6129,-28.2431],[29.5587,-28.2583],[29.5506,-28.2472],[29.5342,-28.2546],[29.5385,-28.259],[29.5552,-28.259],[29.5754,-28.2567],[29.5831,-28.2624],[29.5951,-28.2576],[29.6052,-28.2486],[29.6129,-28.2431]]],[[[29.3932,-28.3895],[29.4077,-28.3769],[29.4152,-28.3771],[29.4288,-28.3552],[29.4377,-28.3492],[29.4339,-28.3373],[29.4446,-28.3273],[29.4438,-28.3202],[29.4751,-28.3183],[29.4821,-28.3096],[29.4939,-28.3107],[29.5068,-28.2992],[29.4952,-28.294],[29.4933,-28.2869],[29.4994,-28.2805],[29.5012,-28.2684],[29.5191,-28.2675],[29.5286,-28.2571],[29.5099,-28.2654],[29.4833,-28.2721],[29.4793,-28.2907],[29.4588,-28.3104],[29.4379,-28.321],[29.4381,-28.3321],[29.428,-28.3391],[29.4143,-28.3759],[29.3736,-28.3719],[29.3585,-28.3869],[29.373,-28.3871],[29.3788,-28.3781],[29.3932,-28.3895]]]]},"properties":{"tmax":36.15454518,"brucode":"Yd6","tmin":-9.54545455,"bru_clean":"Yd6","tmean":15.0181818,"map":1017.66666667}},
{"type":"Feature","geometry":{"type":"Polygon","coordinates":[[[29.6052,-28.2486],[29.5951,-28.2576],[29.5831,-28.2624],[29.5754,-28.2567],[29.5552,-28.259],[29.5385,-28.259],[29.5342,-28.2546],[29.5328,-28.2552],[29.5309,-28.256],[29.5286,-28.2571],[29.5191,-28.2675],[29.5012,-28.2684],[29.4994,-28.2805],[29.4933,-28.2869],[29.4952,-28.294],[29.5068,-28.2992],[29.4939,-28.3107],[29.4821,-28.3096],[29.4751,-28.3183],[29.4438,-28.3202],[29.4446,-28.3273],[29.4339,-28.3373],[29.4377,-28.3492],[29.4288,-28.3552],[29.4152,-28.3771],[29.4077,-28.3769],[29.3932,-28.3895],[29.3899,-28.4011],[29.4022,-28.4079],[29.405,-28.4021],[29.4189,-28.4053],[29.4175,-28.3944],[29.4295,-28.3886],[29.4303,-28.3804],[29.447,-28.3822],[29.4531,-28.3692],[29.4605,-28.365],[29.4803,-28.3703],[29.4871,-28.3556],[29.4663,-28.3286],[29.4791,-28.3251],[29.4893,-28.3142],[29.5012,-28.311],[29.5164,-28.3025],[29.5088,-28.2969],[29.5101,-28.2884],[29.5172,-28.2818],[29.5273,-28.2806],[29.5218,-28.2684],[29.5336,-28.264],[29.5479,-28.2631],[29.5673,-28.2671],[29.5788,-28.266],[29.5796,-28.273],[29.5938,-28.2703],[29.5968,-28.2763],[29.618,-28.2586],[29.6395,-28.2569],[29.6328,-28.2519],[29.6052,-28.2486]]]},"properties":{"tmax":37.10833263,"brucode":"Zd3","tmin":-8.22500002,"bru_clean":"Zd3","tmean":15.98333343,"map":1039.58333333}},
{"type":"Feature","geometry":{"type":"Polygon","coordinates":[[[32.4599,-28.2525],[32.4516,-28.2691],[32.4412,-28.269],[32.4278,-28.2641],[32.4106,-28.2809],[32.413,-28.3021],[32.4055,-28.3284],[32.4053,-28.3388],[32.4109,-28.3457],[32.4111,-28.3729],[32.4052,-28.3848],[32.4109,-28.3881],[32.4268,-28.3799],[32.4073,-28.3853],[32.4125,-28.3709],[32.4131,-28.34],[32.4075,-28.3332],[32.4188,-28.3281],[32.4102,-28.3187],[32.4159,-28.2943],[32.4118,-28.2899],[32.4142,-28.2802],[32.4288,-28.2708],[32.4489,-28.2715],[32.4556,-28.2785],[32.4741,-28.2604],[32.4608,-28.2593],[32.4599,-28.2525]]]},"properties":{"tmax":40.15454545,"brucode":"Za11b","tmin":3.99090906,"bru_clean":"Za11","tmean":21.94000005,"map":1051.72222222}},
{"type":"Feature","geometry":{"type":"Polygon","coordinates":[[[29.6395,-28.2569],[29.618,-28.2586],[29.5968,-28.2763],[29.5938,-28.2703],[29.583,-28.2787],[29.5693,-28.276],[29.5622,-28.2704],[29.5531,-28.2845],[29.5443,-28.2826],[29.533,-28.2878],[29.5207,-28.2886],[29.5182,-28.299],[29.5318,-28.31],[29.5088,-28.31],[29.5056,-28.3198],[29.5082,-28.3335],[29.4965,-28.3334],[29.5013,-28.351],[29.4938,-28.3523],[29.4663,-28.3286],[29.4871,-28.3556],[29.4803,-28.3703],[29.4605,-28.365],[29.4531,-28.3692],[29.447,-28.3822],[29.4303,-28.3804],[29.4295,-28.3886],[29.4175,-28.3944],[29.4189,-28.4053],[29.405,-28.4021],[29.4022,-28.4079],[29.3899,-28.4011],[29.3985,-28.4203],[29.3882,-28.4277],[29.3954,-28.4304],[29.4014,-28.4186],[29.4187,-28.4236],[29.4405,-28.4215],[29.4565,-28.4277],[29.4647,-28.4193],[29.4643,-28.4098],[29.491,-28.3998],[29.5084,-28.4029],[29.5226,-28.3889],[29.5282,-28.3916],[29.5454,-28.3817],[29.5402,-28.3648],[29.5432,-28.3524],[29.55,-28.3458],[29.5434,-28.3293],[29.5471,-28.3181],[29.5694,-28.3219],[29.5803,-28.3123],[29.5872,-28.314],[29.599,-28.2914],[29.6244,-28.2775],[29.6418,-28.2747],[29.6491,-28.2641],[29.6395,-28.2569]]]},"properties":{"tmax":38.56585349,"brucode":"Yc5","tmin":-6.74878047,"bru_clean":"Yc5","tmean":16.94634142,"map":920.70731707}},
{"type":"Feature","geometry":{"type":"Polygon","coordinates":[[[29.4663,-28.3286],[29.4938,-28.3523],[29.5013,-28.351],[29.4965,-28.3334],[29.5082,-28.3335],[29.5056,-28.3198],[29.5088,-28.31],[29.5318,-28.31],[29.5182,-28.299],[29.5207,-28.2886],[29.533,-28.2878],[29.5443,-28.2826],[29.5531,-28.2845],[29.5622,-28.2704],[29.5693,-28.276],[29.583,-28.2787],[29.5938,-28.2703],[29.5796,-28.273],[29.5788,-28.266],[29.5673,-28.2671],[29.5479,-28.2631],[29.5336,-28.264],[29.5218,-28.2684],[29.5273,-28.2806],[29.5172,-28.2818],[29.5101,-28.2884],[29.5088,-28.2969],[29.5164,-28.3025],[29.5012,-28.311],[29.4893,-28.3142],[29.4791,-28.3251],[29.4663,-28.3286]]]},"properties":{"tmax":37.02222231,"brucode":"Yd7","tmin":-7.63333342,"bru_clean":"Yd7","tmean":16.14444457,"map":1034.66666667}},
{"type":"Feature","geometry":{"type":"Polygon","coordinates":[[[31.2638,-28.3042],[31.2529,-28.3017],[31.2484,-28.2945],[31.2286,-28.3039],[31.2301,-28.2931],[31.237,-28.2926],[31.2428,-28.284],[31.2351,-28.2789],[31.218,-28.2937],[31.2146,-28.2877],[31.196,-28.2961],[31.1709,-28.287],[31.1753,-28.2769],[31.1501,-28.2854],[31.1497,-28.2797],[31.1363,-28.2635],[31.1365,-28.2748],[31.1172,-28.297],[31.1099,-28.2869],[31.0945,-28.2965],[31.0939,-28.2777],[31.0764,-28.2835],[31.0639,-28.2782],[31.0559,-28.2682],[31.0585,-28.2821],[31.0744,-28.2911],[31.0927,-28.321],[31.0943,-28.3332],[31.0753,-28.3354],[31.0706,-28.3462],[31.0635,-28.3498],[31.0666,-28.3679],[31.0766,-28.3569],[31.0865,-28.3542],[31.0986,-28.3566],[31.0928,-28.3656],[31.1021,-28.3741],[31.1154,-28.3647],[31.1208,-28.3733],[31.1143,-28.3814],[31.1028,-28.3872],[31.1113,-28.3941],[31.1269,-28.3944],[31.1357,-28.3996],[31.1075,-28.4083],[31.0993,-28.4178],[31.0865,-28.4228],[31.0902,-28.4348],[31.0845,-28.4405],[31.0942,-28.452],[31.0968,-28.4786],[31.0895,-28.4815],[31.0856,-28.4626],[31.0751,-28.4559],[31.082,-28.437],[31.0772,-28.4106],[31.0673,-28.4112],[31.0543,-28.4283],[31.055,-28.4391],[31.0467,-28.4424],[31.0417,-28.4521],[31.0263,-28.4462],[31.0307,-28.4395],[31.0418,-28.4376],[31.0307,-28.4104],[31.0201,-28.4144],[31.0077,-28.406],[30.9963,-28.4066],[30.9919,-28.4243],[30.9947,-28.4317],[30.9841,-28.4518],[30.9995,-28.4681],[31.0132,-28.4796],[31.0155,-28.4943],[31.0245,-28.4977],[31.0505,-28.4985],[31.0569,-28.5041],[31.0562,-28.516],[31.0675,-28.5257],[31.0677,-28.5328],[31.0839,-28.5337],[31.0937,-28.5406],[31.1058,-28.5318],[31.1184,-28.542],[31.1206,-28.5477],[31.1429,-28.5467],[31.1545,-28.5496],[31.1604,-28.5606],[31.1555,-28.5706],[31.164,-28.5654],[31.1615,-28.5528],[31.1694,-28.5426],[31.1615,-28.5335],[31.1691,-28.5227],[31.1595,-28.514],[31.168,-28.5011],[31.1842,-28.4989],[31.1916,-28.494],[31.1922,-28.4875],[31.2077,-28.4685],[31.1843,-28.4613],[31.1796,-28.4706],[31.1606,-28.476],[31.1541,-28.4814],[31.1378,-28.4746],[31.1055,-28.4716],[31.1035,-28.4646],[31.1158,-28.458],[31.1082,-28.4529],[31.0955,-28.4533],[31.1019,-28.44],[31.0968,-28.427],[31.1099,-28.4168],[31.1193,-28.4191],[31.1217,-28.4104],[31.1356,-28.4053],[31.1474,-28.39],[31.1341,-28.3918],[31.1226,-28.385],[31.1397,-28.3771],[31.1415,-28.3713],[31.1423,-28.3521],[31.1233,-28.3486],[31.1178,-28.357],[31.1075,-28.3577],[31.1035,-28.3474],[31.0861,-28.3505],[31.0842,-28.3433],[31.0961,-28.3411],[31.1031,-28.3354],[31.1112,-28.3387],[31.114,-28.3292],[31.1275,-28.3282],[31.1578,-28.3472],[31.1607,-28.3403],[31.1813,-28.345],[31.1786,-28.3362],[31.1615,-28.3153],[31.1653,-28.3089],[31.1788,-28.3093],[31.1814,-28.3045],[31.1929,-28.3049],[31.2059,-28.3128],[31.2124,-28.3054],[31.2322,-28.3122],[31.2397,-28.3103],[31.25,-28.3195],[31.2642,-28.324],[31.2783,-28.3215],[31.2651,-28.3134],[31.2638,-28.3042]]]},"properties":{"tmax":38.0412498,"brucode":"Wc23","tmin":-1.0025,"bru_clean":"Wc23","tmean":17.50374992,"map":795.61728395}},
{"type":"Feature","geometry":{"type":"Polygon","coordinates":[[[29.6491,-28.2641],[29.6418,-28.2747],[29.6244,-28.2775],[29.599,-28.2914],[29.5872,-28.314],[29.5803,-28.3123],[29.5694,-28.3219],[29.5471,-28.3181],[29.5434,-28.3293],[29.55,-28.3458],[29.5432,-28.3524],[29.5402,-28.3648],[29.5454,-28.3817],[29.5282,-28.3916],[29.5531,-28.3858],[29.5598,-28.3794],[29.5679,-28.3826],[29.5811,-28.3814],[29.5917,-28.4027],[29.6259,-28.4032],[29.6358,-28.4101],[29.6499,-28.4092],[29.6561,-28.3974],[29.6605,-28.381],[29.6698,-28.3833],[29.6749,-28.3901],[29.6839,-28.3812],[29.6936,-28.3808],[29.709,-28.3961],[29.7192,-28.3941],[29.7227,-28.3847],[29.7182,-28.369],[29.7204,-28.3613],[29.7106,-28.3576],[29.7085,-28.3515],[29.6931,-28.3442],[29.6735,-28.3491],[29.6661,-28.3426],[29.6741,-28.3339],[29.662,-28.3188],[29.6762,-28.3147],[29.681,-28.2956],[29.6775,-28.2801],[29.6638,-28.2711],[29.6491,-28.2641]]]},"properties":{"tmax":38.60545467,"brucode":"Wc10","tmin":-6.22363632,"bru_clean":"Wc10","tmean":17.4254543,"map":817.16071429}},
{"type":"Feature","geometry":{"type":"Polygon","coordinates":[[[30.9833,-28.3116],[30.9853,-28.3205],[30.9809,-28.3286],[30.9885,-28.3394],[30.9902,-28.3258],[30.9955,-28.312],[31.0087,-28.3065],[31.0041,-28.2679],[30.9987,-28.2892],[30.9907,-28.2988],[30.9919,-28.3071],[30.9833,-28.3116]]]},"properties":{"tmax":36.47142792,"brucode":"Uc14a","tmin":0.41428572,"bru_clean":"Uc14","tmean":16.77142879,"map":761.5}},
{"type":"Feature","geometry":{"type":"Polygon","coordinates":[[[30.9818,-28.3848],[30.9898,-28.3956],[30.99,-28.4033],[30.9963,-28.4066],[31.0077,-28.406],[31.0201,-28.4144],[31.0307,-28.4104],[31.0418,-28.4376],[31.0307,-28.4395],[31.0263,-28.4462],[31.0417,-28.4521],[31.0467,-28.4424],[31.055,-28.4391],[31.0543,-28.4283],[31.0673,-28.4112],[31.0772,-28.4106],[31.082,-28.437],[31.0751,-28.4559],[31.0856,-28.4626],[31.0895,-28.4815],[31.0968,-28.4786],[31.0942,-28.452],[31.0845,-28.4405],[31.0902,-28.4348],[31.0865,-28.4228],[31.0993,-28.4178],[31.1075,-28.4083],[31.1357,-28.3996],[31.1269,-28.3944],[31.1113,-28.3941],[31.1028,-28.3872],[31.1143,-28.3814],[31.1208,-28.3733],[31.1154,-28.3647],[31.1021,-28.3741],[31.0928,-28.3656],[31.0986,-28.3566],[31.0865,-28.3542],[31.0766,-28.3569],[31.0666,-28.3679],[31.0635,-28.3498],[31.0706,-28.3462],[31.0753,-28.3354],[31.0943,-28.3332],[31.0927,-28.321],[31.0744,-28.2911],[31.0585,-28.2821],[31.0559,-28.2682],[31.0495,-28.268],[31.0439,-28.2839],[31.0371,-28.2888],[31.0407,-28.2971],[31.0528,-28.2966],[31.0527,-28.3041],[31.0604,-28.3079],[31.0753,-28.3031],[31.0716,-28.3138],[31.0548,-28.3172],[31.0415,-28.3111],[31.0378,-28.3154],[31.0525,-28.3247],[31.0521,-28.3316],[31.0384,-28.3341],[31.0376,-28.3469],[31.042,-28.3526],[31.0358,-28.3637],[31.0236,-28.3558],[31.0005,-28.3638],[31.005,-28.3523],[31.0166,-28.3418],[31.0151,-28.3347],[31.0076,-28.3458],[30.9985,-28.3478],[30.9917,-28.3734],[30.9876,-28.3745],[30.9818,-28.3848]],[[31.0781,-28.3323],[31.0696,-28.3347],[31.0546,-28.3463],[31.0518,-28.3622],[31.0552,-28.3669],[31.0449,-28.3744],[31.0282,-28.3812],[31.0257,-28.3754],[31.0011,-28.3816],[31.006,-28.3905],[31.0163,-28.3996],[31.0157,-28.4048],[30.9942,-28.3871],[30.9932,-28.3722],[31.0086,-28.3758],[31.025,-28.3655],[31.0386,-28.3692],[31.0422,-28.3571],[31.0502,-28.3505],[31.0443,-28.3418],[31.058,-28.332],[31.0781,-28.3323]]]},"properties":{"tmax":36.56388908,"brucode":"Xc10","tmin":-0.28333333,"bru_clean":"Xc10","tmean":16.75000021,"map":794.70588235}},
{"type":"Feature","geometry":{"type":"Polygon","coordinates":[[[31.9844,-28.3476],[32.0044,-28.3548],[32.0157,-28.3408],[32.0275,-28.336],[32.0243,-28.3289],[32.0252,-28.3149],[32.0448,-28.3016],[32.0479,-28.291],[32.0434,-28.2825],[32.0329,-28.2904],[32.0226,-28.2923],[32.0156,-28.2991],[32.0075,-28.2947],[32.0239,-28.2834],[32.019,-28.2711],[32.0088,-28.2748],[32.0004,-28.2823],[32.001,-28.2899],[31.988,-28.2913],[31.9696,-28.3077],[31.9625,-28.3087],[31.9526,-28.317],[31.9388,-28.3203],[31.9283,-28.3345],[31.9304,-28.3429],[31.951,-28.3407],[31.9696,-28.3278],[31.9731,-28.3174],[31.9912,-28.3158],[31.9877,-28.3051],[31.9979,-28.305],[31.9952,-28.331],[31.9836,-28.3439],[31.9844,-28.3476]]]},"properties":{"tmax":42.46923051,"brucode":"UVa5b","tmin":5.43076924,"bru_clean":"UVa5","tmean":22.37307666,"map":779.65384615}},
{"type":"Feature","geometry":{"type":"Polygon","coordinates":[[[29.711,-28.2884],[29.6926,-28.2949],[29.681,-28.2956],[29.6762,-28.3147],[29.662,-28.3188],[29.6741,-28.3339],[29.6661,-28.3426],[29.6735,-28.3491],[29.6931,-28.3442],[29.7085,-28.3515],[29.7106,-28.3576],[29.7204,-28.3613],[29.7182,-28.369],[29.7227,-28.3847],[29.7192,-28.3941],[29.709,-28.3961],[29.6936,-28.3808],[29.6839,-28.3812],[29.6749,-28.3901],[29.6698,-28.3833],[29.6605,-28.381],[29.6561,-28.3974],[29.6499,-28.4092],[29.6358,-28.4101],[29.6259,-28.4032],[29.5917,-28.4027],[29.5815,-28.4052],[29.593,-28.4284],[29.6115,-28.4295],[29.6268,-28.436],[29.6407,-28.4609],[29.6332,-28.4636],[29.6237,-28.4765],[29.6414,-28.4834],[29.6508,-28.4826],[29.6416,-28.471],[29.6698,-28.469],[29.6739,-28.4621],[29.6863,-28.4723],[29.6828,-28.4904],[29.698,-28.4925],[29.6939,-28.4754],[29.6783,-28.4611],[29.6883,-28.4587],[29.6995,-28.4617],[29.7078,-28.4684],[29.7078,-28.4518],[29.7381,-28.4555],[29.7419,-28.4675],[29.7405,-28.4815],[29.7251,-28.4924],[29.7353,-28.5037],[29.7344,-28.5169],[29.7665,-28.5116],[29.7644,-28.5049],[29.7793,-28.5006],[29.791,-28.5161],[29.7848,-28.531],[29.7733,-28.5326],[29.7706,-28.5375],[29.7799,-28.5511],[29.7986,-28.5531],[29.7904,-28.5407],[29.7958,-28.5265],[29.8081,-28.5201],[29.8251,-28.5318],[29.8396,-28.5237],[29.8717,-28.516],[29.8789,-28.5273],[29.8894,-28.5136],[29.8957,-28.5107],[29.9172,-28.5175],[29.9269,-28.5157],[29.9341,-28.5071],[29.9462,-28.5019],[29.9591,-28.5089],[29.9627,-28.4983],[29.9541,-28.4856],[29.961,-28.4814],[29.9747,-28.483],[29.9759,-28.4679],[29.9798,-28.4575],[29.9979,-28.4597],[30.0059,-28.4659],[30.0173,-28.4677],[30.0294,-28.4623],[30.0155,-28.4497],[30.0166,-28.4391],[30.0236,-28.4303],[30.0359,-28.4295],[30.0337,-28.4383],[30.0353,-28.4527],[30.0454,-28.4472],[30.0459,-28.4387],[30.0567,-28.4352],[30.0568,-28.4266],[30.048,-28.421],[30.0422,-28.4145],[30.044,-28.3979],[30.0372,-28.3939],[30.0327,-28.3829],[30.0148,-28.3683],[30.022,-28.365],[30.0229,-28.3552],[30.0248,-28.3454],[30.0061,-28.3448],[30.0012,-28.3497],[29.9885,-28.3532],[29.9732,-28.337],[29.9742,-28.3312],[29.9599,-28.3305],[29.9607,-28.3373],[29.9566,-28.3575],[29.9477,-28.367],[29.926,-28.3675],[29.9185,-28.3587],[29.9259,-28.3548],[29.9276,-28.3394],[29.9143,-28.3324],[29.9104,-28.3362],[29.8982,-28.3347],[29.8995,-28.3286],[29.8739,-28.3121],[29.8599,-28.3103],[29.8586,-28.3157],[29.8676,-28.3301],[29.8682,-28.3399],[29.862,-28.3506],[29.8497,-28.3475],[29.8387,-28.3336],[29.8252,-28.3369],[29.8097,-28.3324],[29.8027,-28.3407],[29.8036,-28.349],[29.8118,-28.3563],[29.8185,-28.3552],[29.8364,-28.3613],[29.857,-28.3736],[29.8578,-28.3796],[29.8764,-28.3798],[29.8836,-28.3766],[29.8943,-28.3788],[29.8944,-28.4001],[29.8764,-28.3907],[29.8527,-28.3896],[29.8463,-28.3943],[29.833,-28.4167],[29.8211,-28.4233],[29.8105,-28.4207],[29.816,-28.4032],[29.812,-28.3963],[29.7984,-28.3862],[29.7987,-28.3659],[29.7828,-28.361],[29.7705,-28.3615],[29.7668,-28.356],[29.7828,-28.3478],[29.7861,-28.3397],[29.7836,-28.3068],[29.7748,-28.3069],[29.7566,-28.3158],[29.7566,-28.3001],[29.747,-28.2966],[29.7297,-28.2832],[29.7244,-28.2944],[29.7154,-28.2965],[29.711,-28.2884]]]},"properties":{"tmax":38.97090908,"brucode":"Vc9","tmin":-5.78227273,"bru_clean":"Vc9","tmean":17.67363631,"map":800.62557078}},
{"type":"Feature","geometry":{"type":"Polygon","coordinates":[[[30.5919,-28.2865],[30.5873,-28.2835],[30.5694,-28.2961],[30.5627,-28.3139],[30.5685,-28.3175],[30.5685,-28.3308],[30.5746,-28.3314],[30.5737,-28.3168],[30.5785,-28.3086],[30.5901,-28.3035],[30.5878,-28.2931],[30.5919,-28.2865]]]},"properties":{"tmax":36.35263182,"brucode":"Vc18b","tmin":-3.49473684,"bru_clean":"Vc18","tmean":16.94210544,"map":724.57894737}},
{"type":"Feature","geometry":{"type":"Polygon","coordinates":[[[30.0428,-28.3091],[30.0517,-28.3119],[30.0578,-28.3275],[30.0548,-28.3357],[30.0603,-28.3403],[30.0719,-28.3404],[30.0685,-28.349],[30.0599,-28.35],[30.0662,-28.3645],[30.0746,-28.363],[30.0768,-28.3399],[30.0811,-28.3199],[30.0679,-28.3106],[30.0506,-28.2882],[30.0428,-28.3091]]]},"properties":{"tmax":39.01052616,"brucode":"UVc5a","tmin":-4.49999997,"bru_clean":"UVc5","tmean":18.32105265,"map":784.89473684}},
{"type":"Feature","geometry":{"type":"Polygon","coordinates":[[[30.8327,-28.3549],[30.8364,-28.3726],[30.8335,-28.383],[30.8395,-28.3894],[30.8479,-28.3868],[30.8578,-28.4046],[30.854,-28.4191],[30.8525,-28.4272],[30.8375,-28.4303],[30.831,-28.4489],[30.8368,-28.4573],[30.835,-28.4643],[30.848,-28.4716],[30.8466,-28.4843],[30.8561,-28.4922],[30.8639,-28.5059],[30.8663,-28.512],[30.8816,-28.5033],[30.8948,-28.5049],[30.8951,-28.517],[30.9122,-28.5213],[30.9247,-28.5189],[30.9362,-28.5239],[30.946,-28.5252],[30.9441,-28.5143],[30.956,-28.5145],[30.9653,-28.5081],[30.9646,-28.4998],[30.9575,-28.4893],[30.9591,-28.4804],[30.9482,-28.4716],[30.9541,-28.466],[30.9676,-28.4728],[30.9769,-28.4706],[30.9968,-28.4729],[30.9995,-28.4681],[30.9841,-28.4518],[30.9947,-28.4317],[30.9919,-28.4243],[30.9963,-28.4066],[30.99,-28.4033],[30.9786,-28.3998],[30.9677,-28.3843],[30.9458,-28.3903],[30.9441,-28.4033],[30.9292,-28.3991],[30.9269,-28.4092],[30.9195,-28.4149],[30.9147,-28.4009],[30.9285,-28.3864],[30.9252,-28.3789],[30.9126,-28.3634],[30.9029,-28.3678],[30.9091,-28.3841],[30.8996,-28.3911],[30.8914,-28.3891],[30.8875,-28.3757],[30.8813,-28.3717],[30.8906,-28.3613],[30.8936,-28.3445],[30.8826,-28.3357],[30.8851,-28.3309],[30.8776,-28.3335],[30.8749,-28.3116],[30.8669,-28.3138],[30.8643,-28.3336],[30.8551,-28.3362],[30.852,-28.3143],[30.8406,-28.3107],[30.835,-28.3241],[30.8327,-28.3549]]]},"properties":{"tmax":36.96111117,"brucode":"Vc23","tmin":-1.07638889,"bru_clean":"Vc23","tmean":16.81527792,"map":772.42465753}},
{"type":"Feature","geometry":{"type":"Polygon","coordinates":[[[30.2286,-28.3109],[30.2077,-28.3126],[30.1929,-28.3257],[30.169,-28.3351],[30.1679,-28.3458],[30.1553,-28.3507],[30.1403,-28.347],[30.1395,-28.3557],[30.1179,-28.3741],[30.1232,-28.3808],[30.1116,-28.3885],[30.0954,-28.4073],[30.0981,-28.4158],[30.1066,-28.418],[30.1207,-28.4216],[30.1322,-28.4335],[30.1386,-28.4465],[30.1365,-28.452],[30.1138,-28.4568],[30.1284,-28.4637],[30.1106,-28.468],[30.1025,-28.4625],[30.0951,-28.4643],[30.0866,-28.4563],[30.0791,-28.4714],[30.0693,-28.4602],[30.0581,-28.452],[30.0465,-28.455],[30.0524,-28.4643],[30.0487,-28.4718],[30.0369,-28.4749],[30.042,-28.4885],[30.038,-28.4935],[30.0281,-28.4921],[30.0098,-28.5101],[30.0128,-28.5191],[30.0302,-28.5246],[30.0378,-28.5382],[30.0295,-28.5571],[30.0411,-28.5665],[30.0508,-28.548],[30.0595,-28.5437],[30.0877,-28.5519],[30.0935,-28.5497],[30.1156,-28.5535],[30.1315,-28.5531],[30.1337,-28.5681],[30.1485,-28.5642],[30.15,-28.5883],[30.1561,-28.5786],[30.1584,-28.5589],[30.1696,-28.5556],[30.1848,-28.5577],[30.1989,-28.553],[30.2165,-28.5538],[30.2228,-28.5465],[30.2396,-28.5404],[30.2502,-28.5394],[30.2572,-28.5489],[30.2671,-28.5475],[30.2719,-28.5398],[30.2665,-28.5272],[30.2708,-28.518],[30.2579,-28.5073],[30.2662,-28.4912],[30.2812,-28.4878],[30.2854,-28.4777],[30.301,-28.4712],[30.302,-28.4606],[30.3127,-28.4565],[30.3275,-28.4399],[30.345,-28.445],[30.3356,-28.4297],[30.3146,-28.4131],[30.3029,-28.4092],[30.2878,-28.3884],[30.291,-28.3817],[30.3071,-28.37],[30.2974,-28.3685],[30.2893,-28.3576],[30.2855,-28.3738],[30.2753,-28.3763],[30.2664,-28.3701],[30.2526,-28.3544],[30.2497,-28.3647],[30.2419,-28.3682],[30.229,-28.3661],[30.2204,-28.3686],[30.214,-28.3615],[30.2009,-28.3651],[30.1968,-28.3539],[30.2008,-28.347],[30.2138,-28.3448],[30.2176,-28.3294],[30.2286,-28.3109]]]},"properties":{"tmax":38.64230777,"brucode":"Sc1","tmin":-4.11217949,"bru_clean":"Sc1","tmean":18.32307687,"map":754.79245283}},
{"type":"Feature","geometry":{"type":"Polygon","coordinates":[[[30.9773,-28.3097],[30.976,-28.3292],[30.9592,-28.3152],[30.9518,-28.3152],[30.9566,-28.3284],[30.9574,-28.3439],[30.9656,-28.347],[30.9774,-28.3461],[30.9684,-28.3624],[30.9876,-28.3745],[30.9917,-28.3734],[30.9985,-28.3478],[30.9992,-28.3347],[30.9885,-28.3394],[30.9809,-28.3286],[30.9853,-28.3205],[30.9833,-28.3116],[30.9773,-28.3097]]]},"properties":{"tmax":36.06000023,"brucode":"Wc20b","tmin":-0.12,"bru_clean":"Wc20","tmean":16.45,"map":728.9}},
{"type":"Feature","geometry":{"type":"Polygon","coordinates":[[[31.543,-28.3473],[31.5415,-28.3565],[31.5301,-28.3592],[31.5272,-28.3678],[31.5345,-28.3724],[31.5223,-28.3804],[31.5274,-28.4043],[31.5138,-28.399],[31.5086,-28.4135],[31.5259,-28.4187],[31.5345,-28.4203],[31.5415,-28.4136],[31.5409,-28.4057],[31.5336,-28.3933],[31.5348,-28.3862],[31.5449,-28.3739],[31.5558,-28.3699],[31.5652,-28.3745],[31.5783,-28.3738],[31.5925,-28.379],[31.6012,-28.3691],[31.6059,-28.3498],[31.5843,-28.3368],[31.5949,-28.3222],[31.5804,-28.3213],[31.5797,-28.3295],[31.5709,-28.3433],[31.5628,-28.344],[31.5457,-28.3511],[31.543,-28.3473]]]},"properties":{"tmax":40.76607152,"brucode":"Ua4a","tmin":4.26785713,"bru_clean":"Ua4","tmean":21.2750001,"map":768.30357143}},
{"type":"Feature","geometry":{"type":"Polygon","coordinates":[[[31.0151,-28.3347],[31.0166,-28.3418],[31.005,-28.3523],[31.0005,-28.3638],[31.0236,-28.3558],[31.0358,-28.3637],[31.042,-28.3526],[31.0376,-28.3469],[31.0384,-28.3341],[31.0521,-28.3316],[31.0525,-28.3247],[31.0378,-28.3154],[31.0286,-28.3293],[31.022,-28.3175],[31.0152,-28.3251],[31.0151,-28.3347]]]},"properties":{"tmax":36.47142792,"brucode":"Uc14b","tmin":0.41428572,"bru_clean":"Uc14","tmean":16.77142879,"map":761.5}},
{"type":"Feature","geometry":{"type":"Polygon","coordinates":[[[31.1696,-28.3733],[31.176,-28.3771],[31.1599,-28.397],[31.1755,-28.4026],[31.189,-28.4047],[31.1967,-28.4134],[31.1935,-28.4248],[31.1994,-28.4377],[31.2065,-28.4316],[31.2164,-28.4308],[31.2297,-28.4233],[31.2417,-28.433],[31.2496,-28.4179],[31.2546,-28.4148],[31.2566,-28.3933],[31.2505,-28.3886],[31.2433,-28.3743],[31.2426,-28.3641],[31.2484,-28.3578],[31.2594,-28.3618],[31.2649,-28.3558],[31.2576,-28.3385],[31.2781,-28.3374],[31.2698,-28.3307],[31.2364,-28.3364],[31.225,-28.3341],[31.2253,-28.3423],[31.2087,-28.3378],[31.2053,-28.3309],[31.1858,-28.3286],[31.1839,-28.34],[31.1929,-28.3537],[31.1912,-28.3619],[31.1838,-28.371],[31.1747,-28.3687],[31.1696,-28.3733]]]},"properties":{"tmax":38.96800003,"brucode":"Ub11","tmin":2.04399999,"bru_clean":"Ub11","tmean":19.19199997,"map":822.16666667}},
{"type":"Feature","geometry":{"type":"Polygon","coordinates":[[[30.8851,-28.3309],[30.8826,-28.3357],[30.8936,-28.3445],[30.8906,-28.3613],[30.8813,-28.3717],[30.8875,-28.3757],[30.8914,-28.3891],[30.8996,-28.3911],[30.9091,-28.3841],[30.9029,-28.3678],[30.9126,-28.3634],[30.9252,-28.3789],[30.9285,-28.3864],[30.9415,-28.3833],[30.9304,-28.3669],[30.9277,-28.3572],[30.9115,-28.3394],[30.9037,-28.3255],[30.8906,-28.325],[30.8851,-28.3309]]]},"properties":{"tmax":36.25984252,"brucode":"Uc12b","tmin":-0.1007874,"bru_clean":"Uc12","tmean":16.98503929,"map":746.14285714}},
{"type":"Feature","geometry":{"type":"Polygon","coordinates":[[[31.8115,-28.4369],[31.8258,-28.4264],[31.8381,-28.4326],[31.8444,-28.4466],[31.8564,-28.4499],[31.8572,-28.4423],[31.8465,-28.4368],[31.8436,-28.4289],[31.8569,-28.4282],[31.8699,-28.4322],[31.8708,-28.4241],[31.8901,-28.409],[31.8944,-28.393],[31.8839,-28.3866],[31.8686,-28.3927],[31.8782,-28.3699],[31.8866,-28.3669],[31.8887,-28.3587],[31.8992,-28.3566],[31.9003,-28.3449],[31.8877,-28.3493],[31.877,-28.3286],[31.8694,-28.3319],[31.8758,-28.3491],[31.8663,-28.3555],[31.8509,-28.3518],[31.8607,-28.3417],[31.8552,-28.3317],[31.8478,-28.3468],[31.8514,-28.373],[31.8267,-28.4037],[31.8244,-28.4151],[31.7891,-28.4013],[31.7919,-28.4095],[31.7898,-28.4245],[31.8055,-28.4273],[31.8115,-28.4369]]]},"properties":{"tmax":42.20000005,"brucode":"UVa4","tmin":5.09374994,"bru_clean":"UVa4","tmean":22.19999981,"map":766.375}},
{"type":"Feature","geometry":{"type":"Polygon","coordinates":[[[31.0781,-28.3323],[31.058,-28.332],[31.0443,-28.3418],[31.0502,-28.3505],[31.0422,-28.3571],[31.0386,-28.3692],[31.025,-28.3655],[31.0086,-28.3758],[30.9932,-28.3722],[30.9942,-28.3871],[31.0157,-28.4048],[31.0163,-28.3996],[31.006,-28.3905],[31.0011,-28.3816],[31.0257,-28.3754],[31.0282,-28.3812],[31.0449,-28.3744],[31.0552,-28.3669],[31.0518,-28.3622],[31.0546,-28.3463],[31.0696,-28.3347],[31.0781,-28.3323]]]},"properties":{"tmax":35.79999924,"brucode":"Yd15","tmin":-0.20000001,"bru_clean":"Yd15","tmean":16.23333295,"map":773.75}},
{"type":"Feature","geometry":{"type":"Polygon","coordinates":[[[30.048,-28.421],[30.0568,-28.4266],[30.0567,-28.4352],[30.0597,-28.4266],[30.0558,-28.4198],[30.0589,-28.407],[30.0829,-28.3934],[30.0954,-28.4073],[30.1116,-28.3885],[30.1232,-28.3808],[30.1179,-28.3741],[30.1395,-28.3557],[30.1403,-28.347],[30.1329,-28.3345],[30.1228,-28.3388],[30.114,-28.352],[30.1045,-28.3568],[30.0971,-28.3549],[30.0898,-28.3644],[30.0937,-28.3711],[30.0818,-28.384],[30.0575,-28.4042],[30.048,-28.421]]]},"properties":{"tmax":39.01052616,"brucode":"UVc5c","tmin":-4.49999997,"bru_clean":"UVc5","tmean":18.32105265,"map":784.89473684}},
{"type":"Feature","geometry":{"type":"Polygon","coordinates":[[[30.5749,-28.3589],[30.5832,-28.3708],[30.578,-28.3795],[30.5819,-28.3845],[30.6077,-28.3842],[30.6087,-28.401],[30.5991,-28.4131],[30.6033,-28.42],[30.5966,-28.4304],[30.6036,-28.4406],[30.6193,-28.4471],[30.6298,-28.4418],[30.6356,-28.4525],[30.6459,-28.4613],[30.6435,-28.4689],[30.6177,-28.4805],[30.6254,-28.493],[30.6478,-28.4901],[30.6603,-28.4843],[30.675,-28.5024],[30.6927,-28.509],[30.7002,-28.5041],[30.7039,-28.4882],[30.7091,-28.4908],[30.7044,-28.5015],[30.7094,-28.5143],[30.6962,-28.5264],[30.6842,-28.5275],[30.6875,-28.5456],[30.6962,-28.5392],[30.7256,-28.5449],[30.7331,-28.541],[30.7402,-28.5657],[30.7217,-28.5744],[30.7185,-28.5642],[30.7079,-28.5621],[30.6941,-28.5678],[30.6823,-28.5634],[30.6726,-28.5665],[30.6779,-28.5796],[30.6673,-28.5881],[30.6528,-28.5798],[30.641,-28.5787],[30.6327,-28.582],[30.6203,-28.5788],[30.6202,-28.6069],[30.6232,-28.6212],[30.6313,-28.6161],[30.6395,-28.6182],[30.6517,-28.6147],[30.6486,-28.6069],[30.6508,-28.598],[30.6697,-28.6065],[30.6806,-28.6069],[30.6851,-28.6025],[30.7066,-28.5961],[30.7282,-28.6026],[30.7336,-28.6086],[30.7542,-28.6136],[30.7579,-28.6046],[30.741,-28.5992],[30.7422,-28.5905],[30.7505,-28.5886],[30.7668,-28.5986],[30.7836,-28.583],[30.8002,-28.5964],[30.8014,-28.6041],[30.8202,-28.598],[30.8042,-28.588],[30.8072,-28.5816],[30.7854,-28.5736],[30.7842,-28.5616],[30.7954,-28.5513],[30.7845,-28.5468],[30.755,-28.5249],[30.745,-28.5213],[30.7251,-28.5212],[30.7173,-28.532],[30.7043,-28.5286],[30.7208,-28.5157],[30.7227,-28.5091],[30.7144,-28.5002],[30.7291,-28.4938],[30.7347,-28.4843],[30.753,-28.4813],[30.7606,-28.4641],[30.7465,-28.4678],[30.7211,-28.4679],[30.7138,-28.4749],[30.7001,-28.4704],[30.6994,-28.4811],[30.6805,-28.4816],[30.6707,-28.4689],[30.6759,-28.4578],[30.6564,-28.4607],[30.6581,-28.4519],[30.6487,-28.4322],[30.672,-28.4267],[30.6822,-28.4302],[30.6829,-28.4187],[30.655,-28.4121],[30.6441,-28.3995],[30.6321,-28.3961],[30.6295,-28.3876],[30.6385,-28.3799],[30.6498,-28.3557],[30.6495,-28.343],[30.6343,-28.3541],[30.6317,-28.3481],[30.6263,-28.3592],[30.6165,-28.3641],[30.6091,-28.3567],[30.601,-28.3619],[30.5978,-28.372],[30.5885,-28.3772],[30.5889,-28.363],[30.5749,-28.3589]]]},"properties":{"tmax":37.80107519,"brucode":"Tc8a","tmin":-1.19784946,"bru_clean":"Tc8","tmean":18.17956985,"map":787.69148936}},
{"type":"Feature","geometry":{"type":"Polygon","coordinates":[[[30.5266,-28.3622],[30.5262,-28.3706],[30.5117,-28.3756],[30.5066,-28.3872],[30.4982,-28.3941],[30.4944,-28.4229],[30.4852,-28.4207],[30.4858,-28.4318],[30.4683,-28.4299],[30.4639,-28.4261],[30.4507,-28.4256],[30.4463,-28.4299],[30.4542,-28.4399],[30.4498,-28.4498],[30.4744,-28.4523],[30.4871,-28.4391],[30.5006,-28.4371],[30.5126,-28.4476],[30.5273,-28.4511],[30.5281,-28.4618],[30.5428,-28.4626],[30.5496,-28.4666],[30.5548,-28.4572],[30.5502,-28.4513],[30.5628,-28.4473],[30.5754,-28.4502],[30.5725,-28.4403],[30.5619,-28.4397],[30.5591,-28.432],[30.5755,-28.4305],[30.5763,-28.4217],[30.5868,-28.4201],[30.6033,-28.42],[30.5991,-28.4131],[30.6087,-28.401],[30.6077,-28.3842],[30.5819,-28.3845],[30.578,-28.3795],[30.5832,-28.3708],[30.5749,-28.3589],[30.566,-28.3475],[30.5424,-28.3509],[30.5385,-28.359],[30.5266,-28.3622]]]},"properties":{"tmax":37.61290335,"brucode":"TUc9","tmin":-3.9677419,"bru_clean":"TUc9","tmean":18.17419354,"map":759.9}},
{"type":"Feature","geometry":{"type":"Polygon","coordinates":[[[30.9277,-28.3572],[30.9304,-28.3669],[30.9415,-28.3833],[30.9285,-28.3864],[30.9147,-28.4009],[30.9195,-28.4149],[30.9269,-28.4092],[30.9292,-28.3991],[30.9441,-28.4033],[30.9458,-28.3903],[30.9677,-28.3843],[30.9786,-28.3998],[30.99,-28.4033],[30.9898,-28.3956],[30.9818,-28.3848],[30.9728,-28.383],[30.9533,-28.3689],[30.9487,-28.373],[30.9348,-28.3677],[30.9349,-28.3588],[30.9277,-28.3572]]]},"properties":{"tmax":36.06000023,"brucode":"Wc20a","tmin":-0.12,"bru_clean":"Wc20","tmean":16.45,"map":728.9}},
{"type":"Feature","geometry":{"type":"Polygon","coordinates":[[[30.325,-28.3501],[30.2963,-28.3581],[30.3026,-28.3671],[30.3261,-28.3687],[30.3144,-28.3773],[30.3049,-28.3774],[30.2959,-28.387],[30.305,-28.3931],[30.3152,-28.4057],[30.3341,-28.3994],[30.3324,-28.3871],[30.3427,-28.3855],[30.3526,-28.3755],[30.3449,-28.3688],[30.3414,-28.3554],[30.325,-28.3501]]]},"properties":{"tmax":36.56666692,"brucode":"Vc15","tmin":-5.28333346,"bru_clean":"Vc15","tmean":16.83333365,"map":742.16666667}},
{"type":"Feature","geometry":{"type":"Polygon","coordinates":[[[31.7552,-28.3624],[31.7487,-28.3505],[31.7399,-28.3623],[31.7254,-28.3644],[31.7268,-28.3699],[31.7221,-28.3871],[31.7287,-28.3975],[31.7359,-28.3938],[31.7487,-28.4057],[31.7655,-28.4102],[31.7688,-28.391],[31.7552,-28.3624]]]},"properties":{"tmax":40.76607152,"brucode":"Ua4e","tmin":4.26785713,"bru_clean":"Ua4","tmean":21.2750001,"map":768.30357143}},
{"type":"Feature","geometry":{"type":"Polygon","coordinates":[[[31.8466,-28.4724],[31.8318,-28.4853],[31.8427,-28.4861],[31.8496,-28.479],[31.8628,-28.4818],[31.8907,-28.4615],[31.8951,-28.4649],[31.8846,-28.476],[31.892,-28.497],[31.906,-28.4773],[31.911,-28.4639],[31.9263,-28.4435],[31.9386,-28.4371],[31.9616,-28.4181],[31.9618,-28.4073],[31.9687,-28.3984],[31.9718,-28.3882],[31.9944,-28.3637],[31.9851,-28.3511],[31.9775,-28.3723],[31.9703,-28.3695],[31.9553,-28.3912],[31.9495,-28.3939],[31.9426,-28.3841],[31.9336,-28.3979],[31.9239,-28.4016],[31.909,-28.4213],[31.8733,-28.4453],[31.8633,-28.4574],[31.8466,-28.4724]]]},"properties":{"tmax":42.35555543,"brucode":"Ua6","tmin":5.46111112,"bru_clean":"Ua6","tmean":22.30555524,"map":796.33333333}},
{"type":"Feature","geometry":{"type":"Polygon","coordinates":[[[30.4156,-28.3516],[30.4067,-28.3556],[30.3918,-28.3802],[30.3856,-28.4069],[30.3765,-28.4165],[30.3828,-28.4358],[30.391,-28.4337],[30.4035,-28.4426],[30.4266,-28.4509],[30.4238,-28.4408],[30.434,-28.4328],[30.4379,-28.4168],[30.4495,-28.4163],[30.449,-28.4075],[30.4603,-28.3946],[30.443,-28.3859],[30.4386,-28.3659],[30.4263,-28.3799],[30.4161,-28.377],[30.4125,-28.3711],[30.4164,-28.3609],[30.4156,-28.3516]]]},"properties":{"tmax":35.93124986,"brucode":"Wd5","tmin":-5.54375002,"bru_clean":"Wd5","tmean":16.17500013,"map":729.4375}},
{"type":"Feature","geometry":{"type":"Polygon","coordinates":[[[30.0229,-28.3552],[30.022,-28.365],[30.0148,-28.3683],[30.0327,-28.3829],[30.0376,-28.3862],[30.0502,-28.379],[30.0458,-28.3682],[30.0563,-28.3615],[30.0402,-28.3526],[30.0229,-28.3552]]]},"properties":{"tmax":39.01052616,"brucode":"UVc5b","tmin":-4.49999997,"bru_clean":"UVc5","tmean":18.32105265,"map":784.89473684}},
{"type":"Feature","geometry":{"type":"Polygon","coordinates":[[[31.5259,-28.4187],[31.5086,-28.4135],[31.498,-28.3965],[31.4903,-28.3935],[31.4793,-28.3959],[31.4669,-28.4225],[31.4571,-28.4085],[31.4499,-28.4072],[31.4211,-28.4157],[31.4223,-28.4045],[31.444,-28.3979],[31.4486,-28.4011],[31.459,-28.3945],[31.4463,-28.3822],[31.4274,-28.3782],[31.4259,-28.3682],[31.4153,-28.3699],[31.4127,-28.3607],[31.4005,-28.3628],[31.4032,-28.3755],[31.395,-28.3823],[31.3971,-28.388],[31.4106,-28.3827],[31.4465,-28.3855],[31.4149,-28.4015],[31.4155,-28.4178],[31.4195,-28.4213],[31.4412,-28.4225],[31.4498,-28.4264],[31.4761,-28.4322],[31.4764,-28.4428],[31.4817,-28.4504],[31.4893,-28.4463],[31.4905,-28.4339],[31.4998,-28.4338],[31.5094,-28.4212],[31.5192,-28.4229],[31.5259,-28.4187]]]},"properties":{"tmax":40.625,"brucode":"Ta3","tmin":1.88749999,"bru_clean":"Ta3","tmean":20.33749986,"map":771.875}},
{"type":"Feature","geometry":{"type":"Polygon","coordinates":[[[31.9944,-28.3637],[31.9718,-28.3882],[31.9687,-28.3984],[31.9618,-28.4073],[31.9616,-28.4181],[31.9386,-28.4371],[31.9263,-28.4435],[31.911,-28.4639],[31.906,-28.4773],[31.892,-28.497],[31.8815,-28.5003],[31.8828,-28.5303],[31.8924,-28.5229],[31.8996,-28.5044],[31.9178,-28.4976],[31.9264,-28.4817],[31.9177,-28.4779],[31.9238,-28.4673],[31.9303,-28.4664],[31.9379,-28.4523],[31.9515,-28.4403],[31.967,-28.4318],[31.9912,-28.434],[32.0068,-28.4217],[32.0102,-28.41],[31.9937,-28.3865],[31.9961,-28.3804],[32.0094,-28.3767],[32.0229,-28.3786],[32.0108,-28.3631],[31.9944,-28.3637]]]},"properties":{"tmax":42.46923051,"brucode":"UVa5a","tmin":5.43076924,"bru_clean":"UVa5","tmean":22.37307666,"map":779.65384615}},
{"type":"Feature","geometry":{"type":"Polygon","coordinates":[[[31.1415,-28.3713],[31.1397,-28.3771],[31.1226,-28.385],[31.1341,-28.3918],[31.1474,-28.39],[31.1356,-28.4053],[31.1217,-28.4104],[31.1193,-28.4191],[31.1099,-28.4168],[31.0968,-28.427],[31.1019,-28.44],[31.0955,-28.4533],[31.1082,-28.4529],[31.1158,-28.458],[31.1035,-28.4646],[31.1055,-28.4716],[31.1378,-28.4746],[31.1541,-28.4814],[31.1606,-28.476],[31.1796,-28.4706],[31.1843,-28.4613],[31.2077,-28.4685],[31.1922,-28.4875],[31.2093,-28.4743],[31.211,-28.4675],[31.2194,-28.4596],[31.2157,-28.4455],[31.226,-28.4416],[31.2222,-28.4353],[31.2297,-28.4233],[31.2164,-28.4308],[31.2065,-28.4316],[31.1994,-28.4377],[31.1935,-28.4248],[31.1967,-28.4134],[31.189,-28.4047],[31.1755,-28.4026],[31.1599,-28.397],[31.176,-28.3771],[31.1696,-28.3733],[31.1494,-28.366],[31.1415,-28.3713]]]},"properties":{"tmax":38.75625014,"brucode":"Vb6","tmin":-0.50312499,"bru_clean":"Vb6","tmean":18.39374983,"map":797.86666667}},
{"type":"Feature","geometry":{"type":"Polygon","coordinates":[[[29.3585,-28.3869],[29.3387,-28.3988],[29.3204,-28.4067],[29.3237,-28.423],[29.2901,-28.4379],[29.2687,-28.4319],[29.2615,-28.4337],[29.2488,-28.4249],[29.229,-28.4563],[29.1919,-28.4934],[29.2165,-28.5182],[29.1972,-28.5445],[29.1787,-28.5427],[29.1707,-28.5304],[29.1519,-28.5509],[29.1447,-28.5693],[29.1476,-28.5765],[29.1267,-28.5706],[29.1119,-28.5536],[29.1031,-28.5488],[29.0928,-28.5547],[29.0852,-28.5495],[29.0759,-28.5553],[29.069,-28.5658],[29.0494,-28.5738],[29.0443,-28.5718],[29.0314,-28.5775],[29.0338,-28.5851],[29.0244,-28.5929],[29.0229,-28.5995],[29.0117,-28.6082],[29.0113,-28.6188],[29.0361,-28.6165],[29.0358,-28.6061],[29.0435,-28.598],[29.0597,-28.6054],[29.0618,-28.5956],[29.0707,-28.5943],[29.0648,-28.5842],[29.0756,-28.5826],[29.0817,-28.575],[29.0822,-28.5662],[29.0989,-28.5753],[29.1144,-28.5704],[29.1195,-28.5769],[29.1285,-28.5756],[29.1279,-28.5866],[29.1373,-28.5862],[29.1422,-28.597],[29.1502,-28.6005],[29.1598,-28.5886],[29.1577,-28.579],[29.1615,-28.5686],[29.1756,-28.5644],[29.1804,-28.5766],[29.1772,-28.5816],[29.1826,-28.5968],[29.187,-28.5969],[29.2012,-28.5885],[29.1891,-28.5826],[29.211,-28.564],[29.22,-28.5808],[29.2273,-28.593],[29.2358,-28.5989],[29.2483,-28.5929],[29.2441,-28.5779],[29.254,-28.5811],[29.2612,-28.5648],[29.25,-28.5605],[29.2393,-28.548],[29.2475,-28.5364],[29.2728,-28.5273],[29.2787,-28.5336],[29.2925,-28.5347],[29.3037,-28.5465],[29.3115,-28.5492],[29.3062,-28.5299],[29.3164,-28.5275],[29.3196,-28.5189],[29.3114,-28.5095],[29.3272,-28.51],[29.3333,-28.496],[29.345,-28.491],[29.3355,-28.4828],[29.345,-28.4789],[29.3514,-28.4817],[29.3672,-28.479],[29.3773,-28.4907],[29.3873,-28.4894],[29.3848,-28.4777],[29.3904,-28.4711],[29.3828,-28.4568],[29.3909,-28.4465],[29.3801,-28.4492],[29.3716,-28.4593],[29.3587,-28.457],[29.3693,-28.4385],[29.3692,-28.4303],[29.3788,-28.4192],[29.3882,-28.4277],[29.3985,-28.4203],[29.3899,-28.4011],[29.3932,-28.3895],[29.3788,-28.3781],[29.373,-28.3871],[29.3585,-28.3869]]]},"properties":{"tmax":38.50470577,"brucode":"Yd8","tmin":-7.66705881,"bru_clean":"Yd8","tmean":16.40823524,"map":912.36470588}},
{"type":"Feature","geometry":{"type":"Polygon","coordinates":[[[29.3882,-28.4277],[29.3788,-28.4192],[29.3692,-28.4303],[29.3693,-28.4385],[29.3587,-28.457],[29.3716,-28.4593],[29.3801,-28.4492],[29.3909,-28.4465],[29.4099,-28.4439],[29.418,-28.437],[29.4565,-28.4536],[29.4568,-28.4443],[29.4768,-28.4411],[29.4942,-28.4417],[29.5252,-28.4463],[29.5308,-28.4516],[29.5274,-28.4648],[29.5306,-28.4705],[29.5464,-28.4694],[29.5571,-28.4784],[29.5674,-28.4795],[29.57,-28.4733],[29.5566,-28.4639],[29.5467,-28.4636],[29.5437,-28.4485],[29.5499,-28.4366],[29.5658,-28.4285],[29.5837,-28.4284],[29.5845,-28.4372],[29.5941,-28.445],[29.5988,-28.4333],[29.6115,-28.4295],[29.593,-28.4284],[29.5815,-28.4052],[29.5917,-28.4027],[29.5811,-28.3814],[29.5679,-28.3826],[29.5598,-28.3794],[29.5531,-28.3858],[29.5282,-28.3916],[29.5226,-28.3889],[29.5084,-28.4029],[29.491,-28.3998],[29.4643,-28.4098],[29.4647,-28.4193],[29.4565,-28.4277],[29.4405,-28.4215],[29.4187,-28.4236],[29.4014,-28.4186],[29.3954,-28.4304],[29.3882,-28.4277]]]},"properties":{"tmax":40.27741943,"brucode":"Wc11","tmin":-5.91290322,"bru_clean":"Wc11","tmean":17.79999985,"map":838.96666667}},
{"type":"Feature","geometry":{"type":"Polygon","coordinates":[[[31.4817,-28.4504],[31.4764,-28.4428],[31.4761,-28.4322],[31.4498,-28.4264],[31.4412,-28.4225],[31.4195,-28.4213],[31.4155,-28.4178],[31.4149,-28.4015],[31.4465,-28.3855],[31.4106,-28.3827],[31.3971,-28.388],[31.3761,-28.4125],[31.3689,-28.4165],[31.3587,-28.431],[31.3465,-28.43],[31.3456,-28.4129],[31.3379,-28.4069],[31.3307,-28.415],[31.3291,-28.4382],[31.3248,-28.4463],[31.3212,-28.4524],[31.3288,-28.4575],[31.3387,-28.4524],[31.3562,-28.4376],[31.3577,-28.4487],[31.375,-28.4406],[31.3681,-28.4342],[31.3727,-28.4216],[31.382,-28.4255],[31.3877,-28.4048],[31.3985,-28.3972],[31.4076,-28.3985],[31.4058,-28.4244],[31.4092,-28.4313],[31.42,-28.4335],[31.4096,-28.4458],[31.4185,-28.4514],[31.4374,-28.4499],[31.4541,-28.436],[31.4611,-28.4357],[31.4565,-28.4499],[31.4422,-28.465],[31.4324,-28.4629],[31.436,-28.4816],[31.4252,-28.4809],[31.4282,-28.4921],[31.4188,-28.5],[31.4369,-28.5049],[31.4459,-28.5033],[31.4641,-28.4961],[31.4769,-28.4937],[31.4884,-28.4856],[31.504,-28.4927],[31.5102,-28.4869],[31.5296,-28.4857],[31.5432,-28.4795],[31.5561,-28.4918],[31.5774,-28.4939],[31.5886,-28.4892],[31.5939,-28.4965],[31.6052,-28.4812],[31.6038,-28.4705],[31.6143,-28.4755],[31.6257,-28.46],[31.6369,-28.4483],[31.6303,-28.4436],[31.614,-28.4629],[31.6071,-28.463],[31.5833,-28.4813],[31.5847,-28.4666],[31.597,-28.4608],[31.6035,-28.451],[31.5972,-28.443],[31.5869,-28.441],[31.5968,-28.424],[31.585,-28.4219],[31.5747,-28.4239],[31.5664,-28.437],[31.5585,-28.4284],[31.5427,-28.4274],[31.5314,-28.4346],[31.5214,-28.437],[31.5202,-28.4503],[31.5573,-28.4539],[31.5474,-28.4665],[31.5307,-28.4664],[31.5179,-28.4706],[31.5106,-28.4815],[31.4874,-28.4794],[31.4879,-28.4717],[31.4697,-28.4699],[31.4365,-28.4983],[31.4304,-28.4963],[31.4618,-28.4733],[31.4667,-28.4617],[31.4817,-28.4504]]]},"properties":{"tmax":40.17297291,"brucode":"TUb6","tmin":0.55675676,"bru_clean":"TUb6","tmean":19.86486486,"map":800.05263158}},
{"type":"Feature","geometry":{"type":"Polygon","coordinates":[[[32.1753,-28.5248],[32.1675,-28.5329],[32.1559,-28.5513],[32.1479,-28.5593],[32.1157,-28.5848],[32.1025,-28.5915],[32.0817,-28.6076],[32.0669,-28.6306],[32.0574,-28.6414],[32.0425,-28.6497],[32.0372,-28.6591],[32.029,-28.6666],[32.028,-28.6737],[32.0199,-28.6786],[32.0177,-28.6878],[32.0022,-28.6889],[32.0019,-28.6912],[32.0026,-28.6993],[31.997,-28.7073],[31.9994,-28.7179],[31.9921,-28.7311],[31.9803,-28.7462],[31.9826,-28.7541],[31.9748,-28.7648],[31.9683,-28.7657],[31.9634,-28.7746],[31.9755,-28.7819],[31.9916,-28.7791],[32.0013,-28.7809],[32.0154,-28.7759],[32.0338,-28.7742],[32.0553,-28.7687],[32.0702,-28.773],[32.0759,-28.7594],[32.0693,-28.7507],[32.0835,-28.7467],[32.0915,-28.7485],[32.1086,-28.745],[32.1297,-28.7298],[32.1433,-28.7119],[32.1441,-28.7287],[32.1339,-28.737],[32.1296,-28.7542],[32.1211,-28.7577],[32.1292,-28.7673],[32.1239,-28.7706],[32.1128,-28.7619],[32.1071,-28.7735],[32.085,-28.7761],[32.0911,-28.7941],[32.0989,-28.8007],[32.1247,-28.7816],[32.1569,-28.7485],[32.1941,-28.7194],[32.2116,-28.6994],[32.2308,-28.6803],[32.2428,-28.6712],[32.2704,-28.6541],[32.2978,-28.6335],[32.3139,-28.6129],[32.3335,-28.6001],[32.3596,-28.5784],[32.3845,-28.5478],[32.4002,-28.5238],[32.4111,-28.4963],[32.4184,-28.4558],[32.428,-28.4212],[32.4249,-28.3976],[32.426,-28.384],[32.4199,-28.3995],[32.4231,-28.4047],[32.415,-28.4221],[32.4135,-28.4339],[32.4072,-28.4464],[32.3979,-28.4792],[32.3955,-28.4922],[32.3795,-28.4892],[32.3708,-28.4842],[32.3629,-28.485],[32.3507,-28.498],[32.3434,-28.5006],[32.3362,-28.5131],[32.3516,-28.5187],[32.3419,-28.5237],[32.3411,-28.5349],[32.3298,-28.5336],[32.3041,-28.5201],[32.2963,-28.5123],[32.2773,-28.5146],[32.2754,-28.5071],[32.2544,-28.5053],[32.2367,-28.517],[32.2067,-28.5057],[32.1794,-28.5254],[32.1753,-28.5248]]]},"properties":{"tmax":41.2862244,"brucode":"Za10","tmin":4.82959182,"bru_clean":"Za10","tmean":21.86938777,"map":1183.94581281}},
{"type":"Feature","geometry":{"type":"Polygon","coordinates":[[[32.175,-28.4234],[32.166,-28.4447],[32.1556,-28.4531],[32.1646,-28.4646],[32.1562,-28.4788],[32.1457,-28.4829],[32.1413,-28.5025],[32.1621,-28.4927],[32.179,-28.4765],[32.1856,-28.4849],[32.2047,-28.485],[32.2049,-28.4905],[32.1939,-28.4955],[32.1898,-28.5045],[32.1783,-28.5155],[32.1753,-28.5248],[32.2086,-28.4963],[32.2142,-28.4997],[32.2206,-28.4882],[32.2565,-28.4679],[32.2664,-28.4639],[32.2866,-28.4462],[32.2935,-28.4267],[32.2813,-28.4303],[32.2718,-28.4269],[32.2667,-28.4131],[32.2712,-28.4007],[32.2828,-28.3899],[32.279,-28.3868],[32.2592,-28.4057],[32.2458,-28.4243],[32.2366,-28.4276],[32.2272,-28.4261],[32.2088,-28.4378],[32.1936,-28.4396],[32.1787,-28.4368],[32.175,-28.4234]]]},"properties":{"tmax":42.36800003,"brucode":"Ya9","tmin":3.51599998,"bru_clean":"Ya9","tmean":22.16400063,"map":890.25}},
{"type":"Feature","geometry":{"type":"Polygon","coordinates":[[[31.3288,-28.4575],[31.338,-28.4596],[31.3582,-28.4595],[31.362,-28.4666],[31.3707,-28.4622],[31.3847,-28.4604],[31.3925,-28.4449],[31.4087,-28.4532],[31.4205,-28.4662],[31.4055,-28.483],[31.4195,-28.4963],[31.4188,-28.5],[31.4282,-28.4921],[31.4252,-28.4809],[31.436,-28.4816],[31.4324,-28.4629],[31.4422,-28.465],[31.4565,-28.4499],[31.4611,-28.4357],[31.4541,-28.436],[31.4374,-28.4499],[31.4185,-28.4514],[31.4096,-28.4458],[31.42,-28.4335],[31.4092,-28.4313],[31.4058,-28.4244],[31.4076,-28.3985],[31.3985,-28.3972],[31.3877,-28.4048],[31.382,-28.4255],[31.3727,-28.4216],[31.3681,-28.4342],[31.375,-28.4406],[31.3577,-28.4487],[31.3562,-28.4376],[31.3387,-28.4524],[31.3288,-28.4575]]]},"properties":{"tmax":39.89166641,"brucode":"Vb9","tmin":-0.725,"bru_clean":"Vb9","tmean":19.07499997,"map":804.1}},
{"type":"Feature","geometry":{"type":"Polygon","coordinates":[[[29.7344,-28.5169],[29.73,-28.5349],[29.7462,-28.5525],[29.7563,-28.5574],[29.7592,-28.5692],[29.7886,-28.5846],[29.7984,-28.5984],[29.8136,-28.607],[29.8259,-28.6027],[29.8419,-28.6],[29.8543,-28.6057],[29.8963,-28.6047],[29.9033,-28.6077],[29.898,-28.6232],[29.9118,-28.6315],[29.9232,-28.6312],[29.9365,-28.6264],[29.9421,-28.6293],[29.9532,-28.6488],[29.9577,-28.6491],[29.9698,-28.6372],[29.9773,-28.6343],[29.9838,-28.6136],[29.978,-28.6052],[29.9621,-28.6007],[29.9563,-28.5911],[29.967,-28.5847],[29.974,-28.5658],[29.9924,-28.5414],[29.9968,-28.5104],[30.0098,-28.5101],[30.0281,-28.4921],[30.038,-28.4935],[30.042,-28.4885],[30.0369,-28.4749],[30.0487,-28.4718],[30.0524,-28.4643],[30.0465,-28.455],[30.0581,-28.452],[30.0693,-28.4602],[30.0791,-28.4714],[30.0866,-28.4563],[30.0951,-28.4643],[30.1025,-28.4625],[30.1027,-28.445],[30.1088,-28.4342],[30.1066,-28.418],[30.0981,-28.4158],[30.0954,-28.4073],[30.0829,-28.3934],[30.0589,-28.407],[30.0558,-28.4198],[30.0597,-28.4266],[30.0567,-28.4352],[30.0459,-28.4387],[30.0454,-28.4472],[30.0353,-28.4527],[30.0337,-28.4383],[30.0359,-28.4295],[30.0236,-28.4303],[30.0166,-28.4391],[30.0155,-28.4497],[30.0294,-28.4623],[30.0173,-28.4677],[30.0059,-28.4659],[29.9979,-28.4597],[29.9798,-28.4575],[29.9759,-28.4679],[29.9747,-28.483],[29.961,-28.4814],[29.9541,-28.4856],[29.9627,-28.4983],[29.9591,-28.5089],[29.9462,-28.5019],[29.9341,-28.5071],[29.9269,-28.5157],[29.9172,-28.5175],[29.8957,-28.5107],[29.8894,-28.5136],[29.8789,-28.5273],[29.8717,-28.516],[29.8396,-28.5237],[29.8251,-28.5318],[29.8081,-28.5201],[29.7958,-28.5265],[29.7904,-28.5407],[29.7986,-28.5531],[29.7799,-28.5511],[29.7706,-28.5375],[29.7733,-28.5326],[29.7848,-28.531],[29.791,-28.5161],[29.7793,-28.5006],[29.7644,-28.5049],[29.7665,-28.5116],[29.7344,-28.5169]]]},"properties":{"tmax":39.76893951,"brucode":"TUc5a","tmin":-5.8242424,"bru_clean":"TUc5","tmean":18.1045453,"map":739.80152672}},
{"type":"Feature","geometry":{"type":"Polygon","coordinates":[[[30.8189,-28.4598],[30.8271,-28.468],[30.8229,-28.4833],[30.8267,-28.4916],[30.835,-28.4977],[30.8282,-28.5054],[30.8328,-28.5132],[30.818,-28.5179],[30.7977,-28.5117],[30.7796,-28.5143],[30.7801,-28.5204],[30.8005,-28.5235],[30.8101,-28.5183],[30.8169,-28.5264],[30.8193,-28.5373],[30.8257,-28.5389],[30.8171,-28.5577],[30.8286,-28.5635],[30.82,-28.5733],[30.8106,-28.5657],[30.8048,-28.5727],[30.8232,-28.5843],[30.8241,-28.5904],[30.8452,-28.5878],[30.8454,-28.5995],[30.8292,-28.6051],[30.8412,-28.6119],[30.8662,-28.609],[30.8702,-28.6198],[30.8881,-28.6194],[30.8877,-28.6158],[30.8857,-28.6131],[30.8986,-28.5913],[30.8759,-28.573],[30.8877,-28.5696],[30.8908,-28.5633],[30.8626,-28.5448],[30.8547,-28.5353],[30.8656,-28.5241],[30.8615,-28.5175],[30.8639,-28.5059],[30.8561,-28.4922],[30.8466,-28.4843],[30.848,-28.4716],[30.835,-28.4643],[30.8368,-28.4573],[30.831,-28.4489],[30.8375,-28.4303],[30.8525,-28.4272],[30.854,-28.4191],[30.8384,-28.4114],[30.8349,-28.4188],[30.8253,-28.4145],[30.8198,-28.4199],[30.8312,-28.4274],[30.825,-28.4318],[30.826,-28.4403],[30.8157,-28.4415],[30.8103,-28.4294],[30.7988,-28.4317],[30.7898,-28.428],[30.7817,-28.4354],[30.7947,-28.4468],[30.8032,-28.442],[30.8119,-28.4475],[30.8189,-28.4598]]]},"properties":{"tmax":36.49999946,"brucode":"Yd14","tmin":-3.03928571,"bru_clean":"Yd14","tmean":15.94642857,"map":948}},
{"type":"Feature","geometry":{"type":"Polygon","coordinates":[[[31.2417,-28.433],[31.2297,-28.4233],[31.2222,-28.4353],[31.226,-28.4416],[31.2157,-28.4455],[31.2194,-28.4596],[31.211,-28.4675],[31.2093,-28.4743],[31.1922,-28.4875],[31.1916,-28.494],[31.2008,-28.4908],[31.2106,-28.4943],[31.2134,-28.5096],[31.2288,-28.4999],[31.2314,-28.4921],[31.2423,-28.4798],[31.2609,-28.4693],[31.2674,-28.4691],[31.2677,-28.4804],[31.2576,-28.4975],[31.258,-28.5035],[31.267,-28.5096],[31.2773,-28.4983],[31.2964,-28.503],[31.2981,-28.5082],[31.3247,-28.5093],[31.3293,-28.4992],[31.3388,-28.5138],[31.3574,-28.5138],[31.3778,-28.5084],[31.3839,-28.5144],[31.3989,-28.5097],[31.4195,-28.4963],[31.4055,-28.483],[31.4205,-28.4662],[31.4087,-28.4532],[31.3925,-28.4449],[31.3847,-28.4604],[31.3707,-28.4622],[31.362,-28.4666],[31.3582,-28.4595],[31.338,-28.4596],[31.3288,-28.4575],[31.3212,-28.4524],[31.3248,-28.4463],[31.313,-28.4458],[31.2998,-28.4551],[31.2948,-28.4463],[31.2801,-28.4534],[31.2648,-28.4547],[31.2616,-28.4625],[31.2513,-28.4681],[31.2281,-28.4551],[31.2429,-28.4461],[31.2417,-28.433]]]},"properties":{"tmax":39.34848462,"brucode":"WXc8","tmin":-2.30909089,"bru_clean":"WXc8","tmean":18.0757574,"map":866.97142857}},
{"type":"Feature","geometry":{"type":"Polygon","coordinates":[[[30.3146,-28.4131],[30.3356,-28.4297],[30.345,-28.445],[30.3275,-28.4399],[30.3127,-28.4565],[30.302,-28.4606],[30.301,-28.4712],[30.2854,-28.4777],[30.2812,-28.4878],[30.2662,-28.4912],[30.2579,-28.5073],[30.2772,-28.5064],[30.2926,-28.5122],[30.2972,-28.5012],[30.305,-28.4914],[30.316,-28.4911],[30.3292,-28.4851],[30.3341,-28.474],[30.3464,-28.4746],[30.3512,-28.4795],[30.3473,-28.4874],[30.3635,-28.4898],[30.3711,-28.4746],[30.3929,-28.4644],[30.4083,-28.4652],[30.4022,-28.4525],[30.3882,-28.4492],[30.3763,-28.4495],[30.3658,-28.4437],[30.3626,-28.4287],[30.3582,-28.4217],[30.3479,-28.4262],[30.3201,-28.4112],[30.3146,-28.4131]]]},"properties":{"tmax":36.74705864,"brucode":"TUc8","tmin":-4.68235296,"bru_clean":"TUc8","tmean":17.14117645,"map":736.82352941}},
{"type":"Feature","geometry":{"type":"Polygon","coordinates":[[[30.5548,-28.4917],[30.5595,-28.4966],[30.5599,-28.5172],[30.5804,-28.5179],[30.5885,-28.5094],[30.5838,-28.5051],[30.5941,-28.4876],[30.6025,-28.4921],[30.6136,-28.4891],[30.6094,-28.481],[30.6132,-28.4735],[30.6193,-28.4646],[30.6296,-28.4677],[30.6369,-28.4622],[30.6295,-28.4559],[30.6271,-28.447],[30.613,-28.4631],[30.6023,-28.4593],[30.6044,-28.4522],[30.586,-28.4448],[30.5898,-28.4355],[30.5851,-28.4296],[30.5868,-28.4201],[30.5763,-28.4217],[30.5755,-28.4305],[30.5591,-28.432],[30.5619,-28.4397],[30.5725,-28.4403],[30.5754,-28.4502],[30.5628,-28.4473],[30.5502,-28.4513],[30.5548,-28.4572],[30.5496,-28.4666],[30.56,-28.4674],[30.5711,-28.4563],[30.5816,-28.4644],[30.6022,-28.47],[30.5904,-28.4782],[30.5784,-28.4742],[30.5573,-28.4708],[30.5489,-28.4726],[30.5404,-28.4686],[30.5352,-28.4827],[30.5556,-28.4805],[30.5548,-28.4917]]]},"properties":{"tmax":37.80107519,"brucode":"Tc8b","tmin":-1.19784946,"bru_clean":"Tc8","tmean":18.17956985,"map":787.69148936}},
{"type":"Feature","geometry":{"type":"Polygon","coordinates":[[[30.1066,-28.418],[30.1088,-28.4342],[30.1027,-28.445],[30.1025,-28.4625],[30.1106,-28.468],[30.1284,-28.4637],[30.1138,-28.4568],[30.1365,-28.452],[30.1386,-28.4465],[30.1322,-28.4335],[30.1207,-28.4216],[30.1066,-28.418]]]},"properties":{"tmax":39.01052616,"brucode":"UVc5d","tmin":-4.49999997,"bru_clean":"UVc5","tmean":18.32105265,"map":784.89473684}},
{"type":"Feature","geometry":{"type":"Polygon","coordinates":[[[30.6033,-28.42],[30.5868,-28.4201],[30.5851,-28.4296],[30.5898,-28.4355],[30.586,-28.4448],[30.6044,-28.4522],[30.6023,-28.4593],[30.613,-28.4631],[30.6271,-28.447],[30.6295,-28.4559],[30.6369,-28.4622],[30.6296,-28.4677],[30.6193,-28.4646],[30.6132,-28.4735],[30.6195,-28.4932],[30.6069,-28.5004],[30.6196,-28.5127],[30.6309,-28.5058],[30.6335,-28.4932],[30.6491,-28.4929],[30.6623,-28.4965],[30.6739,-28.5097],[30.6647,-28.5258],[30.6624,-28.5351],[30.656,-28.5416],[30.648,-28.5384],[30.6406,-28.5449],[30.642,-28.5557],[30.6223,-28.5621],[30.6144,-28.5666],[30.5993,-28.5587],[30.5901,-28.5692],[30.5942,-28.5763],[30.5823,-28.597],[30.5885,-28.6087],[30.5957,-28.6061],[30.5925,-28.5974],[30.6012,-28.5912],[30.6066,-28.5995],[30.6056,-28.6235],[30.5978,-28.6252],[30.5923,-28.633],[30.5953,-28.641],[30.5709,-28.6365],[30.5737,-28.6448],[30.5959,-28.6537],[30.6144,-28.6532],[30.6168,-28.6469],[30.6296,-28.6415],[30.6448,-28.644],[30.664,-28.6515],[30.6624,-28.6587],[30.6735,-28.664],[30.6643,-28.6724],[30.6536,-28.6653],[30.6433,-28.6643],[30.6409,-28.6697],[30.6458,-28.68],[30.632,-28.6852],[30.6158,-28.6817],[30.609,-28.6878],[30.6107,-28.6951],[30.6042,-28.7036],[30.6027,-28.7145],[30.5932,-28.7141],[30.6042,-28.726],[30.6083,-28.7344],[30.6196,-28.7351],[30.6306,-28.718],[30.6418,-28.7173],[30.6531,-28.7226],[30.6646,-28.7386],[30.6727,-28.7394],[30.6955,-28.7297],[30.6996,-28.7184],[30.7118,-28.7232],[30.7148,-28.7341],[30.7192,-28.7254],[30.733,-28.7204],[30.7318,-28.7155],[30.7159,-28.7195],[30.6979,-28.7155],[30.6894,-28.6964],[30.6764,-28.688],[30.685,-28.6806],[30.6908,-28.6742],[30.693,-28.6623],[30.7013,-28.6641],[30.7137,-28.6287],[30.7227,-28.6223],[30.7157,-28.6174],[30.7217,-28.6092],[30.7336,-28.6086],[30.7282,-28.6026],[30.7066,-28.5961],[30.6851,-28.6025],[30.6806,-28.6069],[30.6697,-28.6065],[30.6508,-28.598],[30.6486,-28.6069],[30.6517,-28.6147],[30.6395,-28.6182],[30.6313,-28.6161],[30.6232,-28.6212],[30.6202,-28.6069],[30.6203,-28.5788],[30.6327,-28.582],[30.641,-28.5787],[30.6528,-28.5798],[30.6673,-28.5881],[30.6779,-28.5796],[30.6726,-28.5665],[30.6823,-28.5634],[30.6941,-28.5678],[30.7079,-28.5621],[30.7185,-28.5642],[30.7217,-28.5744],[30.7402,-28.5657],[30.7331,-28.541],[30.7256,-28.5449],[30.6962,-28.5392],[30.6875,-28.5456],[30.6842,-28.5275],[30.6962,-28.5264],[30.7094,-28.5143],[30.7044,-28.5015],[30.7091,-28.4908],[30.7039,-28.4882],[30.7002,-28.5041],[30.6927,-28.509],[30.675,-28.5024],[30.6603,-28.4843],[30.6478,-28.4901],[30.6254,-28.493],[30.6177,-28.4805],[30.6435,-28.4689],[30.6459,-28.4613],[30.6356,-28.4525],[30.6298,-28.4418],[30.6193,-28.4471],[30.6036,-28.4406],[30.5966,-28.4304],[30.6033,-28.42]]]},"properties":{"tmax":38.70746265,"brucode":"Sb3","tmin":0.05373135,"bru_clean":"Sb3","tmean":18.94925379,"map":732.71641791}},
{"type":"Feature","geometry":{"type":"Polygon","coordinates":[[[29.6115,-28.4295],[29.5988,-28.4333],[29.5941,-28.445],[29.5845,-28.4372],[29.5837,-28.4284],[29.5658,-28.4285],[29.5499,-28.4366],[29.5437,-28.4485],[29.5467,-28.4636],[29.5566,-28.4639],[29.57,-28.4733],[29.5674,-28.4795],[29.5571,-28.4784],[29.5464,-28.4694],[29.5306,-28.4705],[29.5274,-28.4648],[29.5308,-28.4516],[29.5252,-28.4463],[29.4942,-28.4417],[29.4768,-28.4411],[29.4568,-28.4443],[29.4565,-28.4536],[29.418,-28.437],[29.4099,-28.4439],[29.4294,-28.4455],[29.4298,-28.4548],[29.4439,-28.4578],[29.4537,-28.4641],[29.4745,-28.4473],[29.4902,-28.4513],[29.4903,-28.458],[29.4901,-28.4685],[29.4851,-28.4762],[29.4909,-28.4841],[29.5093,-28.4828],[29.5212,-28.4991],[29.541,-28.5096],[29.5466,-28.5194],[29.5314,-28.5309],[29.519,-28.5368],[29.5018,-28.5376],[29.4938,-28.5336],[29.4779,-28.5399],[29.4634,-28.5415],[29.4581,-28.5357],[29.444,-28.5333],[29.4483,-28.5533],[29.4565,-28.5713],[29.4239,-28.572],[29.4193,-28.5819],[29.3949,-28.5854],[29.3936,-28.5925],[29.3937,-28.5929],[29.4275,-28.6046],[29.4264,-28.6134],[29.4324,-28.6175],[29.4499,-28.6184],[29.4503,-28.6431],[29.437,-28.6493],[29.4315,-28.6418],[29.4209,-28.6393],[29.3916,-28.6451],[29.3884,-28.6537],[29.3997,-28.6575],[29.4064,-28.6734],[29.3883,-28.685],[29.3943,-28.6929],[29.4027,-28.6916],[29.4003,-28.7137],[29.3878,-28.7049],[29.3821,-28.7165],[29.3972,-28.7221],[29.3842,-28.7384],[29.3932,-28.7485],[29.4051,-28.7467],[29.4424,-28.7485],[29.4545,-28.754],[29.4683,-28.7502],[29.4886,-28.7523],[29.4994,-28.7519],[29.5002,-28.7641],[29.5158,-28.7727],[29.5223,-28.7792],[29.5343,-28.7814],[29.5454,-28.7757],[29.547,-28.7676],[29.5655,-28.7701],[29.5702,-28.7657],[29.5745,-28.751],[29.592,-28.7476],[29.5925,-28.7594],[29.6091,-28.7469],[29.6196,-28.7525],[29.6449,-28.7533],[29.6587,-28.7409],[29.6502,-28.7275],[29.6573,-28.7178],[29.6504,-28.7074],[29.6693,-28.6903],[29.6702,-28.6987],[29.6839,-28.7013],[29.701,-28.6909],[29.7091,-28.698],[29.7385,-28.6955],[29.7379,-28.6845],[29.7586,-28.6546],[29.7767,-28.6639],[29.783,-28.66],[29.777,-28.6446],[29.7779,-28.6397],[29.7936,-28.6405],[29.8058,-28.645],[29.8213,-28.6445],[29.833,-28.6312],[29.8375,-28.6121],[29.8259,-28.6027],[29.8136,-28.607],[29.7984,-28.5984],[29.7886,-28.5846],[29.7592,-28.5692],[29.7563,-28.5574],[29.7462,-28.5525],[29.73,-28.5349],[29.7344,-28.5169],[29.7353,-28.5037],[29.7251,-28.4924],[29.7405,-28.4815],[29.7419,-28.4675],[29.7381,-28.4555],[29.7078,-28.4518],[29.7078,-28.4684],[29.6995,-28.4617],[29.6883,-28.4587],[29.6783,-28.4611],[29.6939,-28.4754],[29.698,-28.4925],[29.6828,-28.4904],[29.6863,-28.4723],[29.6739,-28.4621],[29.6698,-28.469],[29.6416,-28.471],[29.6508,-28.4826],[29.6414,-28.4834],[29.6237,-28.4765],[29.6332,-28.4636],[29.6407,-28.4609],[29.6268,-28.436],[29.6115,-28.4295]],[[29.4586,-28.6629],[29.4547,-28.6676],[29.4582,-28.6772],[29.4695,-28.6807],[29.4748,-28.6772],[29.4932,-28.6811],[29.5005,-28.6777],[29.5181,-28.6809],[29.5188,-28.6866],[29.5109,-28.7035],[29.504,-28.6953],[29.4782,-28.6979],[29.4632,-28.6832],[29.4514,-28.6889],[29.4412,-28.6873],[29.4424,-28.6747],[29.4586,-28.6629]],[[29.615,-28.7004],[29.5992,-28.7172],[29.6174,-28.7272],[29.6397,-28.7299],[29.6454,-28.7421],[29.642,-28.7458],[29.6205,-28.7436],[29.6092,-28.7371],[29.602,-28.7233],[29.585,-28.717],[29.5768,-28.7215],[29.561,-28.7059],[29.5766,-28.7069],[29.5869,-28.7002],[29.6057,-28.6973],[29.615,-28.7004]]]},"properties":{"tmax":39.67687495,"brucode":"Uc5","tmin":-6.52593749,"bru_clean":"Uc5","tmean":17.77968743,"map":732.53582555}},
{"type":"Feature","geometry":{"type":"Polygon","coordinates":[[[31.8381,-28.4326],[31.8258,-28.4264],[31.8115,-28.4369],[31.8111,-28.4474],[31.7969,-28.4577],[31.7883,-28.4688],[31.7841,-28.4816],[31.7859,-28.488],[31.7784,-28.4953],[31.7689,-28.4873],[31.7519,-28.5039],[31.7401,-28.4982],[31.7418,-28.475],[31.725,-28.4787],[31.7173,-28.4891],[31.7037,-28.4909],[31.7103,-28.5032],[31.6867,-28.5013],[31.6908,-28.4843],[31.7072,-28.4746],[31.6928,-28.468],[31.6911,-28.4748],[31.6775,-28.4838],[31.6782,-28.4701],[31.6733,-28.4588],[31.6606,-28.4643],[31.6507,-28.4601],[31.6406,-28.4642],[31.6409,-28.4749],[31.6311,-28.4814],[31.6325,-28.4665],[31.6257,-28.46],[31.6143,-28.4755],[31.6097,-28.4776],[31.6047,-28.4966],[31.6068,-28.5017],[31.6429,-28.518],[31.6538,-28.5152],[31.6674,-28.52],[31.6636,-28.5369],[31.6509,-28.543],[31.662,-28.5575],[31.6494,-28.5682],[31.6592,-28.5735],[31.6584,-28.5805],[31.6751,-28.5875],[31.6633,-28.5991],[31.6627,-28.6147],[31.673,-28.6099],[31.6829,-28.6152],[31.6779,-28.6235],[31.6704,-28.6167],[31.6626,-28.6205],[31.6655,-28.6309],[31.659,-28.6438],[31.6508,-28.636],[31.6415,-28.6437],[31.6307,-28.6417],[31.6234,-28.6333],[31.6296,-28.6255],[31.631,-28.6119],[31.6438,-28.6124],[31.6506,-28.6042],[31.642,-28.585],[31.6392,-28.5726],[31.6199,-28.5836],[31.6144,-28.5764],[31.6183,-28.5671],[31.6068,-28.5679],[31.607,-28.5776],[31.6014,-28.5805],[31.5916,-28.5714],[31.5962,-28.5593],[31.5927,-28.5536],[31.5787,-28.555],[31.5717,-28.5696],[31.5764,-28.5784],[31.5761,-28.593],[31.5833,-28.5965],[31.5733,-28.6098],[31.5668,-28.6008],[31.5542,-28.5956],[31.545,-28.5769],[31.5297,-28.5708],[31.5237,-28.5807],[31.5263,-28.5976],[31.5244,-28.6145],[31.5334,-28.6245],[31.5415,-28.6244],[31.5493,-28.6168],[31.5622,-28.621],[31.5618,-28.6295],[31.57,-28.635],[31.5874,-28.6245],[31.5864,-28.61],[31.6011,-28.6112],[31.6047,-28.6169],[31.6158,-28.6162],[31.6138,-28.6298],[31.5986,-28.63],[31.6058,-28.6429],[31.5991,-28.6514],[31.6089,-28.6563],[31.6044,-28.6642],[31.6199,-28.6755],[31.6167,-28.688],[31.6187,-28.6963],[31.6282,-28.6936],[31.6432,-28.67],[31.6518,-28.6619],[31.666,-28.669],[31.6753,-28.6633],[31.6723,-28.6582],[31.6828,-28.6457],[31.6941,-28.6469],[31.7001,-28.6367],[31.7195,-28.6254],[31.7311,-28.6103],[31.744,-28.6025],[31.7473,-28.589],[31.7742,-28.5832],[31.7891,-28.5717],[31.7897,-28.5663],[31.8129,-28.5473],[31.8033,-28.517],[31.7889,-28.5149],[31.7996,-28.5023],[31.8214,-28.4943],[31.8214,-28.5035],[31.829,-28.5052],[31.8377,-28.5007],[31.8299,-28.5234],[31.8344,-28.5237],[31.8486,-28.5054],[31.8607,-28.4996],[31.8815,-28.5003],[31.892,-28.497],[31.8846,-28.476],[31.8951,-28.4649],[31.8907,-28.4615],[31.8628,-28.4818],[31.8496,-28.479],[31.8427,-28.4861],[31.8318,-28.4853],[31.8466,-28.4724],[31.8321,-28.4764],[31.8261,-28.4696],[31.8445,-28.46],[31.8373,-28.4543],[31.8282,-28.4389],[31.8381,-28.4326]]]},"properties":{"tmax":41.53652161,"brucode":"Ua5","tmin":1.87999999,"bru_clean":"Ua5","tmean":20.84782602,"map":799.52542373}},
{"type":"Feature","geometry":{"type":"Polygon","coordinates":[[[29.3848,-28.4777],[29.3973,-28.4809],[29.4355,-28.478],[29.4501,-28.4855],[29.447,-28.4935],[29.4508,-28.4999],[29.4542,-28.4843],[29.4628,-28.4804],[29.4721,-28.4551],[29.4833,-28.453],[29.4903,-28.458],[29.4902,-28.4513],[29.4745,-28.4473],[29.4537,-28.4641],[29.4439,-28.4578],[29.4298,-28.4548],[29.4294,-28.4455],[29.4099,-28.4439],[29.3909,-28.4465],[29.3828,-28.4568],[29.3904,-28.4711],[29.3848,-28.4777]]]},"properties":{"tmax":40.46249914,"brucode":"Vc10","tmin":-6.13750005,"bru_clean":"Vc10","tmean":17.7125001,"map":842.5}},
{"type":"Feature","geometry":{"type":"Polygon","coordinates":[[[29.4903,-28.458],[29.4833,-28.453],[29.4721,-28.4551],[29.4628,-28.4804],[29.4542,-28.4843],[29.4508,-28.4999],[29.4634,-28.5169],[29.4566,-28.527],[29.4581,-28.5357],[29.4634,-28.5415],[29.4779,-28.5399],[29.4938,-28.5336],[29.5018,-28.5376],[29.519,-28.5368],[29.5314,-28.5309],[29.5466,-28.5194],[29.541,-28.5096],[29.5212,-28.4991],[29.5093,-28.4828],[29.4909,-28.4841],[29.4851,-28.4762],[29.4901,-28.4685],[29.4903,-28.458]]]},"properties":{"tmax":39.77058837,"brucode":"Wc12","tmin":-6.40000001,"bru_clean":"Wc12","tmean":17.77058815,"map":774.64705882}},
{"type":"Feature","geometry":{"type":"Polygon","coordinates":[[[32.0446,-28.5847],[32.0481,-28.6012],[32.0426,-28.6086],[32.0343,-28.6109],[32.0278,-28.6307],[32.0318,-28.6403],[32.0298,-28.6537],[32.0372,-28.6591],[32.0425,-28.6497],[32.0574,-28.6414],[32.0669,-28.6306],[32.0817,-28.6076],[32.1025,-28.5915],[32.1157,-28.5848],[32.1479,-28.5593],[32.1559,-28.5513],[32.1675,-28.5329],[32.1753,-28.5248],[32.1783,-28.5155],[32.1898,-28.5045],[32.1939,-28.4955],[32.2049,-28.4905],[32.2047,-28.485],[32.1856,-28.4849],[32.179,-28.4765],[32.1621,-28.4927],[32.1413,-28.5025],[32.1457,-28.4829],[32.1562,-28.4788],[32.1646,-28.4646],[32.1556,-28.4531],[32.1532,-28.4537],[32.1316,-28.4918],[32.1245,-28.4993],[32.1028,-28.5115],[32.0921,-28.5155],[32.0904,-28.5226],[32.0687,-28.5404],[32.069,-28.5521],[32.0632,-28.5575],[32.0512,-28.5797],[32.0446,-28.5847]]]},"properties":{"tmax":42.4571426,"brucode":"Ya10","tmin":4.83095239,"bru_clean":"Ya10","tmean":22.14285746,"map":994.85}},
{"type":"Feature","geometry":{"type":"Polygon","coordinates":[[[30.5127,-28.4567],[30.5058,-28.4696],[30.4999,-28.4725],[30.4789,-28.4705],[30.4626,-28.4768],[30.4463,-28.4883],[30.4539,-28.5042],[30.4468,-28.5039],[30.4393,-28.4937],[30.4301,-28.4893],[30.416,-28.4904],[30.3982,-28.4868],[30.3897,-28.4866],[30.3994,-28.5088],[30.378,-28.506],[30.3804,-28.5174],[30.3715,-28.5173],[30.3703,-28.5097],[30.3518,-28.5019],[30.3473,-28.5082],[30.3576,-28.5145],[30.3615,-28.5234],[30.3696,-28.5297],[30.3796,-28.5317],[30.3958,-28.5206],[30.4188,-28.5167],[30.4283,-28.5039],[30.442,-28.5133],[30.4594,-28.5179],[30.4681,-28.5118],[30.4803,-28.5178],[30.4891,-28.511],[30.4724,-28.5063],[30.4665,-28.4931],[30.4721,-28.4855],[30.4928,-28.4832],[30.4982,-28.4868],[30.498,-28.4995],[30.5087,-28.4965],[30.5116,-28.492],[30.5049,-28.4814],[30.5176,-28.4596],[30.5127,-28.4567]]]},"properties":{"tmax":36.68333276,"brucode":"Wc16","tmin":-3.83333339,"bru_clean":"Wc16","tmean":17.3416667,"map":764}},
{"type":"Feature","geometry":{"type":"Polygon","coordinates":[[[30.4273,-28.4538],[30.4204,-28.4777],[30.4126,-28.4845],[30.3982,-28.4868],[30.416,-28.4904],[30.4301,-28.4893],[30.4393,-28.4937],[30.4468,-28.5039],[30.4539,-28.5042],[30.4463,-28.4883],[30.4626,-28.4768],[30.4789,-28.4705],[30.4999,-28.4725],[30.5058,-28.4696],[30.5127,-28.4567],[30.4881,-28.4622],[30.4681,-28.4624],[30.455,-28.4557],[30.449,-28.468],[30.4339,-28.4707],[30.4347,-28.4593],[30.4273,-28.4538]]]},"properties":{"tmax":36.48888948,"brucode":"Yd13","tmin":-4.54444446,"bru_clean":"Yd13","tmean":16.98888863,"map":744.66666667}},
{"type":"Feature","geometry":{"type":"Polygon","coordinates":[[[30.7506,-28.5128],[30.7658,-28.5241],[30.7749,-28.5238],[30.7764,-28.5323],[30.7868,-28.534],[30.8028,-28.5273],[30.8005,-28.5433],[30.8193,-28.5373],[30.8169,-28.5264],[30.8101,-28.5183],[30.8005,-28.5235],[30.7801,-28.5204],[30.7796,-28.5143],[30.7977,-28.5117],[30.818,-28.5179],[30.8328,-28.5132],[30.8282,-28.5054],[30.835,-28.4977],[30.8267,-28.4916],[30.8229,-28.4833],[30.8271,-28.468],[30.8189,-28.4598],[30.8115,-28.4653],[30.8177,-28.4737],[30.8199,-28.4908],[30.8131,-28.4972],[30.8208,-28.5071],[30.7985,-28.5046],[30.7958,-28.4974],[30.7793,-28.4832],[30.7753,-28.4894],[30.7654,-28.4926],[30.7633,-28.5062],[30.7506,-28.5128]]]},"properties":{"tmax":36.17499971,"brucode":"Wd7","tmin":-2.44999997,"bru_clean":"Wd7","tmean":15.86250007,"map":828.625}},
{"type":"Feature","geometry":{"type":"Polygon","coordinates":[[[31.164,-28.5654],[31.1768,-28.564],[31.1825,-28.5829],[31.1779,-28.5957],[31.1871,-28.6086],[31.1985,-28.6045],[31.2031,-28.6142],[31.2191,-28.6055],[31.2209,-28.5781],[31.226,-28.5745],[31.2469,-28.5695],[31.2478,-28.5937],[31.2615,-28.5941],[31.2657,-28.5841],[31.2784,-28.5858],[31.2828,-28.5648],[31.2929,-28.5743],[31.2906,-28.5921],[31.2977,-28.5892],[31.3021,-28.598],[31.2945,-28.6108],[31.2944,-28.6184],[31.2936,-28.627],[31.3076,-28.6273],[31.3096,-28.6325],[31.3257,-28.6349],[31.3343,-28.6318],[31.343,-28.6352],[31.3418,-28.6494],[31.3522,-28.6524],[31.3625,-28.6371],[31.3473,-28.6333],[31.3444,-28.6226],[31.3538,-28.619],[31.3565,-28.6283],[31.3712,-28.624],[31.3765,-28.6143],[31.3536,-28.6109],[31.3428,-28.602],[31.3408,-28.5908],[31.331,-28.5879],[31.3409,-28.5792],[31.3454,-28.5862],[31.3565,-28.5775],[31.3424,-28.5695],[31.3328,-28.5761],[31.3177,-28.577],[31.3105,-28.571],[31.3359,-28.5673],[31.3462,-28.5584],[31.35,-28.5493],[31.3333,-28.5465],[31.3296,-28.5344],[31.3137,-28.5325],[31.313,-28.5228],[31.3247,-28.5093],[31.2981,-28.5082],[31.2964,-28.503],[31.2773,-28.4983],[31.267,-28.5096],[31.258,-28.5035],[31.2576,-28.4975],[31.2677,-28.4804],[31.2674,-28.4691],[31.2609,-28.4693],[31.2423,-28.4798],[31.2314,-28.4921],[31.2288,-28.4999],[31.2134,-28.5096],[31.2106,-28.4943],[31.2008,-28.4908],[31.1916,-28.494],[31.1842,-28.4989],[31.168,-28.5011],[31.1595,-28.514],[31.1691,-28.5227],[31.1615,-28.5335],[31.1694,-28.5426],[31.1615,-28.5528],[31.164,-28.5654]]]},"properties":{"tmax":39.15352126,"brucode":"Yc10","tmin":-2.08732395,"bru_clean":"Yc10","tmean":17.92253513,"map":974.63768116}},
{"type":"Feature","geometry":{"type":"Polygon","coordinates":[[[30.9995,-28.4681],[30.9968,-28.4729],[30.9769,-28.4706],[30.9676,-28.4728],[30.9541,-28.466],[30.9482,-28.4716],[30.9591,-28.4804],[30.9575,-28.4893],[30.9646,-28.4998],[30.9653,-28.5081],[30.956,-28.5145],[30.9441,-28.5143],[30.946,-28.5252],[30.9731,-28.5356],[30.9957,-28.535],[31.0076,-28.5367],[31.0108,-28.5425],[30.999,-28.5465],[30.997,-28.5582],[30.985,-28.5746],[30.9911,-28.5868],[30.9838,-28.5912],[30.9844,-28.5993],[30.9919,-28.6147],[30.979,-28.6386],[30.9851,-28.6394],[30.9924,-28.6256],[31.0006,-28.6399],[31.017,-28.6353],[31.0161,-28.6226],[31.0281,-28.6188],[31.0315,-28.6324],[31.0318,-28.6475],[31.0448,-28.6345],[31.0516,-28.6405],[31.0667,-28.6391],[31.0572,-28.659],[31.0734,-28.6579],[31.0811,-28.6536],[31.0818,-28.6697],[31.0698,-28.6768],[31.0573,-28.6775],[31.0402,-28.6851],[31.0381,-28.6928],[31.0545,-28.6891],[31.0659,-28.6805],[31.092,-28.6779],[31.086,-28.689],[31.0885,-28.699],[31.0565,-28.6956],[31.0365,-28.7048],[31.0411,-28.7155],[31.0519,-28.7249],[31.0596,-28.7238],[31.0647,-28.7139],[31.0755,-28.7063],[31.0955,-28.707],[31.1049,-28.6969],[31.1172,-28.6959],[31.1202,-28.7013],[31.1442,-28.7041],[31.1375,-28.6859],[31.1231,-28.6774],[31.1077,-28.6745],[31.1202,-28.6591],[31.1188,-28.65],[31.1241,-28.6377],[31.1314,-28.6424],[31.1485,-28.6409],[31.1584,-28.6452],[31.1726,-28.6404],[31.1716,-28.6254],[31.1331,-28.6214],[31.1371,-28.6132],[31.1493,-28.6192],[31.1675,-28.6146],[31.165,-28.5995],[31.149,-28.5958],[31.1462,-28.5909],[31.1555,-28.5706],[31.1604,-28.5606],[31.1545,-28.5496],[31.1429,-28.5467],[31.1206,-28.5477],[31.1184,-28.542],[31.1058,-28.5318],[31.0937,-28.5406],[31.0839,-28.5337],[31.0677,-28.5328],[31.0675,-28.5257],[31.0562,-28.516],[31.0569,-28.5041],[31.0505,-28.4985],[31.0245,-28.4977],[31.0155,-28.4943],[31.0132,-28.4796],[30.9995,-28.4681]]]},"properties":{"tmax":38.63814419,"brucode":"XYc3","tmin":-2.90618555,"bru_clean":"XYc3","tmean":17.44329897,"map":943.21649485}},
{"type":"Feature","geometry":{"type":"Polygon","coordinates":[[[31.4459,-28.5033],[31.4459,-28.5101],[31.4546,-28.5217],[31.4665,-28.5176],[31.4795,-28.5211],[31.4723,-28.5037],[31.4855,-28.5065],[31.4971,-28.496],[31.5115,-28.5077],[31.5208,-28.4962],[31.5334,-28.508],[31.5407,-28.4969],[31.5555,-28.5096],[31.574,-28.4957],[31.5868,-28.5018],[31.6068,-28.5017],[31.6047,-28.4966],[31.6097,-28.4776],[31.6143,-28.4755],[31.6038,-28.4705],[31.6052,-28.4812],[31.5939,-28.4965],[31.5886,-28.4892],[31.5774,-28.4939],[31.5561,-28.4918],[31.5432,-28.4795],[31.5296,-28.4857],[31.5102,-28.4869],[31.504,-28.4927],[31.4884,-28.4856],[31.4769,-28.4937],[31.4641,-28.4961],[31.4459,-28.5033]]]},"properties":{"tmax":40.04545455,"brucode":"Xb4","tmin":0.36363636,"bru_clean":"Xb4","tmean":19.70909084,"map":844.09090909}},
{"type":"Feature","geometry":{"type":"Polygon","coordinates":[[[29.3773,-28.4907],[29.3838,-28.4985],[29.3926,-28.4991],[29.4001,-28.4931],[29.408,-28.5011],[29.424,-28.4945],[29.4338,-28.5198],[29.444,-28.5333],[29.4581,-28.5357],[29.4566,-28.527],[29.4634,-28.5169],[29.4508,-28.4999],[29.447,-28.4935],[29.4501,-28.4855],[29.4355,-28.478],[29.3973,-28.4809],[29.3848,-28.4777],[29.3873,-28.4894],[29.3773,-28.4907]]]},"properties":{"tmax":40.37142835,"brucode":"WXc4","tmin":-6.4428572,"bru_clean":"WXc4","tmean":17.67142814,"map":791.14285714}},
{"type":"Feature","geometry":{"type":"Polygon","coordinates":[[[30.5087,-28.4965],[30.498,-28.4995],[30.4979,-28.5054],[30.507,-28.5117],[30.5093,-28.52],[30.5283,-28.5232],[30.5428,-28.5326],[30.5577,-28.5353],[30.5567,-28.5443],[30.5388,-28.5559],[30.5268,-28.5704],[30.5384,-28.5896],[30.5493,-28.5905],[30.5619,-28.5862],[30.5649,-28.5935],[30.5524,-28.6005],[30.5493,-28.6067],[30.5651,-28.6081],[30.5738,-28.599],[30.5823,-28.597],[30.5942,-28.5763],[30.5901,-28.5692],[30.5993,-28.5587],[30.6144,-28.5666],[30.6223,-28.5621],[30.6232,-28.5533],[30.6362,-28.5433],[30.6337,-28.533],[30.6373,-28.5145],[30.6196,-28.5127],[30.6069,-28.5004],[30.6195,-28.4932],[30.6132,-28.4735],[30.6094,-28.481],[30.6136,-28.4891],[30.6025,-28.4921],[30.5941,-28.4876],[30.5838,-28.5051],[30.5885,-28.5094],[30.5804,-28.5179],[30.5599,-28.5172],[30.5595,-28.4966],[30.5548,-28.4917],[30.5531,-28.5047],[30.5454,-28.5126],[30.5398,-28.5087],[30.5441,-28.4946],[30.5274,-28.4914],[30.5176,-28.4998],[30.5087,-28.4965]]]},"properties":{"tmax":39.25185182,"brucode":"Tb7","tmin":-0.98148149,"bru_clean":"Tb7","tmean":19.07777772,"map":735.53571429}},
{"type":"Feature","geometry":{"type":"Polygon","coordinates":[[[29.3037,-28.5465],[29.2883,-28.5444],[29.2894,-28.5514],[29.2747,-28.5671],[29.2901,-28.5672],[29.3055,-28.5727],[29.3047,-28.5847],[29.3434,-28.5839],[29.3532,-28.5681],[29.3735,-28.5613],[29.3821,-28.5713],[29.3759,-28.5851],[29.383,-28.5855],[29.3936,-28.5925],[29.3949,-28.5854],[29.4193,-28.5819],[29.4239,-28.572],[29.4565,-28.5713],[29.4483,-28.5533],[29.444,-28.5333],[29.4338,-28.5198],[29.424,-28.4945],[29.408,-28.5011],[29.4001,-28.4931],[29.3926,-28.4991],[29.3838,-28.4985],[29.3773,-28.4907],[29.3672,-28.479],[29.3514,-28.4817],[29.345,-28.4789],[29.3355,-28.4828],[29.345,-28.491],[29.3333,-28.496],[29.3272,-28.51],[29.3114,-28.5095],[29.3196,-28.5189],[29.3164,-28.5275],[29.3062,-28.5299],[29.3115,-28.5492],[29.3037,-28.5465]]]},"properties":{"tmax":41.03404276,"brucode":"Xc7","tmin":-5.62340426,"bru_clean":"Xc7","tmean":18.31489368,"map":775.87234043}},
{"type":"Feature","geometry":{"type":"Polygon","coordinates":[[[30.6433,-28.6643],[30.6398,-28.6564],[30.6308,-28.6603],[30.6283,-28.6673],[30.6335,-28.6773],[30.6216,-28.6761],[30.6079,-28.6806],[30.5966,-28.6948],[30.5896,-28.6902],[30.5805,-28.6938],[30.5838,-28.7007],[30.579,-28.715],[30.5714,-28.7198],[30.5678,-28.7356],[30.5598,-28.7258],[30.5407,-28.7113],[30.5226,-28.7156],[30.5314,-28.7315],[30.5121,-28.7271],[30.5064,-28.717],[30.4989,-28.7237],[30.4879,-28.7124],[30.4816,-28.7109],[30.4822,-28.7011],[30.4906,-28.6964],[30.4808,-28.682],[30.4879,-28.6779],[30.4986,-28.6835],[30.5144,-28.6641],[30.5078,-28.655],[30.5261,-28.6503],[30.5379,-28.6534],[30.5578,-28.6477],[30.5542,-28.6625],[30.5561,-28.6731],[30.5667,-28.6671],[30.5698,-28.6557],[30.5613,-28.6515],[30.5666,-28.6431],[30.5447,-28.6416],[30.5366,-28.6439],[30.5404,-28.6265],[30.5275,-28.6148],[30.5341,-28.5945],[30.5524,-28.6005],[30.5649,-28.5935],[30.5619,-28.5862],[30.5493,-28.5905],[30.5384,-28.5896],[30.5268,-28.5704],[30.5388,-28.5559],[30.5567,-28.5443],[30.5577,-28.5353],[30.5428,-28.5326],[30.5283,-28.5232],[30.5093,-28.52],[30.507,-28.5117],[30.4979,-28.5054],[30.498,-28.4995],[30.4982,-28.4868],[30.4928,-28.4832],[30.4721,-28.4855],[30.4665,-28.4931],[30.4724,-28.5063],[30.4891,-28.511],[30.4803,-28.5178],[30.4795,-28.5286],[30.4689,-28.5298],[30.4665,-28.5453],[30.459,-28.5541],[30.4359,-28.5417],[30.4272,-28.5466],[30.4287,-28.5547],[30.4059,-28.5478],[30.4131,-28.5628],[30.4121,-28.571],[30.4,-28.5895],[30.3955,-28.6084],[30.3879,-28.6178],[30.3863,-28.6273],[30.3918,-28.6464],[30.3969,-28.637],[30.4056,-28.6333],[30.4108,-28.6402],[30.434,-28.6518],[30.4544,-28.6466],[30.4838,-28.6454],[30.4969,-28.6708],[30.486,-28.6693],[30.4675,-28.6758],[30.4663,-28.6844],[30.476,-28.6945],[30.4626,-28.7064],[30.4654,-28.7168],[30.4586,-28.7336],[30.4771,-28.7206],[30.4956,-28.7252],[30.5004,-28.7312],[30.5228,-28.7354],[30.526,-28.7445],[30.5418,-28.7393],[30.5499,-28.7308],[30.559,-28.7325],[30.5702,-28.7406],[30.5804,-28.7268],[30.5858,-28.7012],[30.5934,-28.698],[30.6027,-28.7145],[30.6042,-28.7036],[30.6107,-28.6951],[30.609,-28.6878],[30.6158,-28.6817],[30.632,-28.6852],[30.6458,-28.68],[30.6409,-28.6697],[30.6433,-28.6643]]]},"properties":{"tmax":39.4333334,"brucode":"Uc11","tmin":-1.81527777,"bru_clean":"Uc11","tmean":18.43749995,"map":702.21428571}},
{"type":"Feature","geometry":{"type":"Polygon","coordinates":[[[31.7993,-28.7301],[31.7871,-28.7304],[31.7836,-28.7216],[31.7862,-28.7106],[31.8018,-28.6825],[31.81,-28.6801],[31.8114,-28.6709],[31.8203,-28.657],[31.836,-28.6579],[31.851,-28.6466],[31.8655,-28.6386],[31.8837,-28.6329],[31.8886,-28.615],[31.8975,-28.6001],[31.9215,-28.5846],[31.9176,-28.5753],[31.9049,-28.5753],[31.8911,-28.5826],[31.8818,-28.5913],[31.8716,-28.5858],[31.8811,-28.5644],[31.8928,-28.5563],[31.9033,-28.5565],[31.9062,-28.5622],[31.9263,-28.5336],[31.9263,-28.5263],[31.9152,-28.5265],[31.9061,-28.5351],[31.8978,-28.5368],[31.8828,-28.5303],[31.8815,-28.5003],[31.8607,-28.4996],[31.8486,-28.5054],[31.8344,-28.5237],[31.8299,-28.5234],[31.8377,-28.5007],[31.829,-28.5052],[31.8214,-28.5035],[31.8214,-28.4943],[31.7996,-28.5023],[31.7889,-28.5149],[31.8033,-28.517],[31.8129,-28.5473],[31.7897,-28.5663],[31.7891,-28.5717],[31.7742,-28.5832],[31.7473,-28.589],[31.744,-28.6025],[31.7311,-28.6103],[31.7195,-28.6254],[31.7001,-28.6367],[31.6941,-28.6469],[31.6828,-28.6457],[31.6723,-28.6582],[31.6753,-28.6633],[31.666,-28.669],[31.6518,-28.6619],[31.6432,-28.67],[31.6282,-28.6936],[31.6187,-28.6963],[31.6331,-28.6978],[31.6429,-28.6914],[31.6517,-28.698],[31.6344,-28.7039],[31.6402,-28.7157],[31.6489,-28.7126],[31.6576,-28.7203],[31.6801,-28.7298],[31.6926,-28.7477],[31.706,-28.7491],[31.7281,-28.7422],[31.7381,-28.7464],[31.7503,-28.7593],[31.76,-28.7586],[31.7543,-28.7702],[31.7656,-28.7746],[31.7777,-28.7655],[31.7779,-28.7592],[31.787,-28.7501],[31.7975,-28.7446],[31.8096,-28.7438],[31.7977,-28.7413],[31.7993,-28.7301]]]},"properties":{"tmax":42.00173897,"brucode":"Wa3","tmin":2.20956522,"bru_clean":"Wa3","tmean":21.30521734,"map":855.35652174}},
{"type":"Feature","geometry":{"type":"Polygon","coordinates":[[[30.6196,-28.5127],[30.6373,-28.5145],[30.6337,-28.533],[30.6362,-28.5433],[30.6232,-28.5533],[30.6223,-28.5621],[30.642,-28.5557],[30.6406,-28.5449],[30.648,-28.5384],[30.656,-28.5416],[30.6624,-28.5351],[30.6647,-28.5258],[30.6739,-28.5097],[30.6623,-28.4965],[30.6491,-28.4929],[30.6335,-28.4932],[30.6309,-28.5058],[30.6196,-28.5127]]]},"properties":{"tmax":37.80107519,"brucode":"Tc8c","tmin":-1.19784946,"bru_clean":"Tc8","tmean":18.17956985,"map":787.69148936}},
{"type":"Feature","geometry":{"type":"Polygon","coordinates":[[[31.6392,-28.5726],[31.6467,-28.5473],[31.6467,-28.5353],[31.6554,-28.5283],[31.6538,-28.5152],[31.6429,-28.518],[31.6068,-28.5017],[31.5868,-28.5018],[31.574,-28.4957],[31.5555,-28.5096],[31.5407,-28.4969],[31.5334,-28.508],[31.5208,-28.4962],[31.5115,-28.5077],[31.4971,-28.496],[31.4855,-28.5065],[31.4723,-28.5037],[31.4795,-28.5211],[31.4665,-28.5176],[31.4546,-28.5217],[31.4459,-28.5101],[31.4394,-28.5115],[31.4475,-28.5216],[31.456,-28.54],[31.4743,-28.5436],[31.477,-28.5485],[31.4987,-28.5371],[31.5072,-28.5303],[31.5142,-28.5386],[31.5066,-28.558],[31.5038,-28.561],[31.4953,-28.5718],[31.4887,-28.5667],[31.4799,-28.571],[31.4595,-28.5737],[31.4626,-28.5856],[31.4542,-28.5879],[31.4507,-28.5952],[31.4409,-28.5997],[31.438,-28.6079],[31.4518,-28.6118],[31.4501,-28.6224],[31.4585,-28.6215],[31.4669,-28.6335],[31.4733,-28.6257],[31.4847,-28.6288],[31.4942,-28.6115],[31.5072,-28.6089],[31.5144,-28.6245],[31.4997,-28.6292],[31.4976,-28.6419],[31.509,-28.6506],[31.505,-28.6746],[31.4941,-28.6717],[31.4902,-28.6649],[31.4781,-28.6726],[31.4845,-28.6855],[31.4898,-28.6838],[31.5173,-28.6928],[31.5247,-28.6855],[31.5214,-28.6768],[31.5319,-28.6721],[31.5383,-28.6791],[31.5378,-28.6868],[31.544,-28.7006],[31.5503,-28.6949],[31.548,-28.6848],[31.5594,-28.685],[31.5584,-28.6964],[31.559,-28.6998],[31.5848,-28.6986],[31.5823,-28.6861],[31.5889,-28.6781],[31.5642,-28.6718],[31.5643,-28.6581],[31.5831,-28.6432],[31.5611,-28.6482],[31.5452,-28.6412],[31.5594,-28.6322],[31.5479,-28.625],[31.5334,-28.6245],[31.5244,-28.6145],[31.5263,-28.5976],[31.5237,-28.5807],[31.5297,-28.5708],[31.545,-28.5769],[31.5542,-28.5956],[31.5668,-28.6008],[31.5733,-28.6098],[31.5833,-28.5965],[31.5761,-28.593],[31.5764,-28.5784],[31.5717,-28.5696],[31.5787,-28.555],[31.5927,-28.5536],[31.5962,-28.5593],[31.5916,-28.5714],[31.6014,-28.5805],[31.607,-28.5776],[31.6068,-28.5679],[31.6183,-28.5671],[31.6144,-28.5764],[31.6199,-28.5836],[31.6392,-28.5726]]]},"properties":{"tmax":40.74857129,"brucode":"Wb9","tmin":0.35285714,"bru_clean":"Wb9","tmean":19.80714283,"map":876.70833333}},
{"type":"Feature","geometry":{"type":"Polygon","coordinates":[[[31.4188,-28.5],[31.4195,-28.4963],[31.3989,-28.5097],[31.3839,-28.5144],[31.3778,-28.5084],[31.3574,-28.5138],[31.3388,-28.5138],[31.3293,-28.4992],[31.3247,-28.5093],[31.313,-28.5228],[31.3137,-28.5325],[31.3296,-28.5344],[31.3333,-28.5465],[31.35,-28.5493],[31.3462,-28.5584],[31.3601,-28.5513],[31.3691,-28.5562],[31.3801,-28.5807],[31.3868,-28.586],[31.4064,-28.5889],[31.4249,-28.5813],[31.4267,-28.5899],[31.4201,-28.6017],[31.4271,-28.6055],[31.4364,-28.6009],[31.4402,-28.589],[31.4521,-28.5855],[31.4557,-28.5712],[31.4706,-28.5676],[31.4752,-28.5633],[31.4911,-28.5643],[31.5038,-28.561],[31.5066,-28.558],[31.4907,-28.5535],[31.4775,-28.5537],[31.4618,-28.5501],[31.4572,-28.5662],[31.4405,-28.5691],[31.4424,-28.5548],[31.4532,-28.5618],[31.455,-28.5495],[31.4532,-28.5378],[31.4412,-28.5351],[31.4394,-28.5115],[31.4459,-28.5101],[31.4459,-28.5033],[31.4369,-28.5049],[31.4188,-28.5]]]},"properties":{"tmax":39.91818203,"brucode":"Wb6","tmin":-1.65151514,"bru_clean":"Wb6","tmean":18.9030304,"map":850.91176471}},
{"type":"Feature","geometry":{"type":"Polygon","coordinates":[[[30.2972,-28.5012],[30.2926,-28.5122],[30.2772,-28.5064],[30.2793,-28.5153],[30.2742,-28.5266],[30.2747,-28.5367],[30.2875,-28.531],[30.2958,-28.5336],[30.3026,-28.5483],[30.3253,-28.5341],[30.3326,-28.5154],[30.3409,-28.5185],[30.3404,-28.5381],[30.3444,-28.5439],[30.3656,-28.5444],[30.3745,-28.5425],[30.3816,-28.5601],[30.3641,-28.5575],[30.3601,-28.572],[30.3517,-28.5884],[30.3579,-28.6021],[30.3689,-28.6035],[30.3826,-28.5934],[30.3892,-28.5809],[30.4005,-28.5713],[30.4029,-28.5596],[30.3954,-28.5584],[30.3943,-28.5494],[30.4059,-28.5478],[30.4287,-28.5547],[30.4272,-28.5466],[30.4359,-28.5417],[30.459,-28.5541],[30.4665,-28.5453],[30.4689,-28.5298],[30.4795,-28.5286],[30.4803,-28.5178],[30.4681,-28.5118],[30.4594,-28.5179],[30.442,-28.5133],[30.4283,-28.5039],[30.4188,-28.5167],[30.3958,-28.5206],[30.3796,-28.5317],[30.3696,-28.5297],[30.3615,-28.5234],[30.3576,-28.5145],[30.3473,-28.5082],[30.3352,-28.4989],[30.3178,-28.4948],[30.3078,-28.4954],[30.2972,-28.5012]]]},"properties":{"tmax":37.39666672,"brucode":"Vc14","tmin":-2.51999999,"bru_clean":"Vc14","tmean":17.74666678,"map":742.16129032}},
{"type":"Feature","geometry":{"type":"Polygon","coordinates":[[[30.8639,-28.5059],[30.8615,-28.5175],[30.8656,-28.5241],[30.8547,-28.5353],[30.8626,-28.5448],[30.8908,-28.5633],[30.8877,-28.5696],[30.8759,-28.573],[30.8986,-28.5913],[30.8857,-28.6131],[30.8877,-28.6158],[30.8973,-28.6194],[30.9206,-28.6068],[30.9293,-28.5954],[30.934,-28.5999],[30.9285,-28.6118],[30.9083,-28.6236],[30.9099,-28.6303],[30.9219,-28.6304],[30.9245,-28.6232],[30.9447,-28.6197],[30.9486,-28.6055],[30.9551,-28.6088],[30.9597,-28.5927],[30.9546,-28.5832],[30.9456,-28.5797],[30.9371,-28.5906],[30.9321,-28.5865],[30.9194,-28.5858],[30.9165,-28.5793],[30.9018,-28.578],[30.8919,-28.5816],[30.8907,-28.5715],[30.898,-28.5624],[30.9098,-28.5566],[30.9021,-28.5473],[30.8902,-28.5467],[30.878,-28.5387],[30.8807,-28.5313],[30.8739,-28.5154],[30.8854,-28.5186],[30.8951,-28.517],[30.8948,-28.5049],[30.8816,-28.5033],[30.8663,-28.512],[30.8639,-28.5059]]]},"properties":{"tmax":37.54166667,"brucode":"Xc9","tmin":-1.95,"bru_clean":"Xc9","tmean":17.17500003,"map":995.45454546}},
{"type":"Feature","geometry":{"type":"Polygon","coordinates":[[[30.15,-28.5883],[30.1466,-28.6104],[30.1433,-28.6192],[30.148,-28.6247],[30.1654,-28.6238],[30.1669,-28.635],[30.1946,-28.6357],[30.2109,-28.6304],[30.2209,-28.6314],[30.2243,-28.6402],[30.2456,-28.6229],[30.2449,-28.6126],[30.2609,-28.607],[30.2683,-28.5924],[30.2753,-28.5997],[30.2949,-28.5865],[30.2957,-28.5808],[30.3085,-28.5796],[30.3108,-28.5664],[30.3067,-28.5536],[30.3181,-28.5562],[30.3264,-28.5675],[30.3186,-28.5754],[30.3199,-28.5823],[30.3083,-28.5829],[30.3017,-28.5886],[30.307,-28.5978],[30.2937,-28.607],[30.2956,-28.6145],[30.3122,-28.61],[30.3091,-28.6053],[30.3125,-28.5949],[30.3188,-28.5952],[30.328,-28.6171],[30.339,-28.6276],[30.3523,-28.6358],[30.3595,-28.6292],[30.3711,-28.6334],[30.383,-28.6312],[30.3918,-28.6464],[30.3863,-28.6273],[30.3879,-28.6178],[30.3955,-28.6084],[30.4,-28.5895],[30.4121,-28.571],[30.4131,-28.5628],[30.4059,-28.5478],[30.3943,-28.5494],[30.3954,-28.5584],[30.4029,-28.5596],[30.4005,-28.5713],[30.3892,-28.5809],[30.3826,-28.5934],[30.3689,-28.6035],[30.3579,-28.6021],[30.3517,-28.5884],[30.3601,-28.572],[30.3641,-28.5575],[30.3816,-28.5601],[30.3745,-28.5425],[30.3656,-28.5444],[30.3444,-28.5439],[30.3404,-28.5381],[30.3409,-28.5185],[30.3326,-28.5154],[30.3253,-28.5341],[30.3026,-28.5483],[30.2958,-28.5336],[30.2875,-28.531],[30.2747,-28.5367],[30.2742,-28.5266],[30.2793,-28.5153],[30.2772,-28.5064],[30.2579,-28.5073],[30.2708,-28.518],[30.2665,-28.5272],[30.2719,-28.5398],[30.2671,-28.5475],[30.2572,-28.5489],[30.2502,-28.5394],[30.2396,-28.5404],[30.2228,-28.5465],[30.2165,-28.5538],[30.1989,-28.553],[30.1848,-28.5577],[30.1696,-28.5556],[30.1584,-28.5589],[30.1561,-28.5786],[30.15,-28.5883]],[[30.2282,-28.5665],[30.2477,-28.5478],[30.2498,-28.5538],[30.2557,-28.5577],[30.2763,-28.557],[30.2865,-28.559],[30.2886,-28.5722],[30.2823,-28.581],[30.269,-28.5761],[30.2635,-28.5671],[30.2506,-28.5721],[30.2485,-28.5818],[30.2392,-28.5845],[30.2382,-28.5989],[30.2306,-28.6099],[30.2072,-28.6051],[30.2054,-28.6195],[30.1885,-28.6031],[30.1878,-28.6212],[30.1774,-28.6136],[30.1805,-28.6028],[30.175,-28.5923],[30.1678,-28.5908],[30.1685,-28.6055],[30.1642,-28.6168],[30.1537,-28.6102],[30.1637,-28.575],[30.1674,-28.5718],[30.1777,-28.5632],[30.1943,-28.5708],[30.1976,-28.5641],[30.2103,-28.5701],[30.2282,-28.5665]]]},"properties":{"tmax":39.04166677,"brucode":"Uc8","tmin":-2.76111111,"bru_clean":"Uc8","tmean":18.39166657,"map":723.62162162}},
{"type":"Feature","geometry":{"type":"Polygon","coordinates":[[[31.6538,-28.5152],[31.6554,-28.5283],[31.6467,-28.5353],[31.6467,-28.5473],[31.6392,-28.5726],[31.642,-28.585],[31.6506,-28.6042],[31.6438,-28.6124],[31.631,-28.6119],[31.6296,-28.6255],[31.6234,-28.6333],[31.6307,-28.6417],[31.6415,-28.6437],[31.6508,-28.636],[31.659,-28.6438],[31.6655,-28.6309],[31.6626,-28.6205],[31.6704,-28.6167],[31.6779,-28.6235],[31.6829,-28.6152],[31.673,-28.6099],[31.6627,-28.6147],[31.6633,-28.5991],[31.6751,-28.5875],[31.6584,-28.5805],[31.6592,-28.5735],[31.6494,-28.5682],[31.662,-28.5575],[31.6509,-28.543],[31.6636,-28.5369],[31.6674,-28.52],[31.6538,-28.5152]]]},"properties":{"tmax":41.89599976,"brucode":"Va2b","tmin":-0.252,"bru_clean":"Va2","tmean":20.46000008,"map":808.09090909}},
{"type":"Feature","geometry":{"type":"Polygon","coordinates":[[[30.0098,-28.5101],[29.9968,-28.5104],[29.9924,-28.5414],[29.974,-28.5658],[29.967,-28.5847],[29.9563,-28.5911],[29.9621,-28.6007],[29.978,-28.6052],[29.9871,-28.6046],[29.9952,-28.6094],[29.9942,-28.6328],[30.0004,-28.6388],[30.0135,-28.6378],[30.0436,-28.6488],[30.0394,-28.6556],[30.0591,-28.6641],[30.0623,-28.6804],[30.0741,-28.6736],[30.0824,-28.6776],[30.084,-28.6864],[30.0912,-28.6898],[30.0982,-28.7068],[30.1186,-28.7095],[30.1091,-28.6989],[30.1175,-28.6929],[30.1359,-28.7061],[30.1431,-28.6964],[30.1504,-28.6998],[30.154,-28.7096],[30.1691,-28.7083],[30.1732,-28.7167],[30.1875,-28.7266],[30.197,-28.7239],[30.2065,-28.7119],[30.2148,-28.7188],[30.2286,-28.7242],[30.2399,-28.7234],[30.2447,-28.713],[30.2509,-28.7106],[30.257,-28.6983],[30.2454,-28.6868],[30.2492,-28.68],[30.2447,-28.6732],[30.2191,-28.6686],[30.2215,-28.6613],[30.2406,-28.6485],[30.2201,-28.6543],[30.1959,-28.6581],[30.1805,-28.6505],[30.1613,-28.6531],[30.1546,-28.6495],[30.1537,-28.6406],[30.123,-28.6359],[30.1104,-28.6458],[30.1109,-28.6254],[30.0987,-28.6221],[30.1022,-28.6157],[30.1119,-28.6185],[30.1142,-28.6097],[30.1008,-28.605],[30.0966,-28.6107],[30.086,-28.6099],[30.0728,-28.6008],[30.0778,-28.5924],[30.0904,-28.5802],[30.0987,-28.5801],[30.1132,-28.5675],[30.1267,-28.5633],[30.1315,-28.5531],[30.1156,-28.5535],[30.0935,-28.5497],[30.0877,-28.5519],[30.0595,-28.5437],[30.0508,-28.548],[30.0411,-28.5665],[30.0295,-28.5571],[30.0378,-28.5382],[30.0302,-28.5246],[30.0128,-28.5191],[30.0098,-28.5101]],[[30.168,-28.6784],[30.1558,-28.6799],[30.1566,-28.6688],[30.168,-28.6784]]]},"properties":{"tmax":40.119753,"brucode":"Tc2","tmin":-5.41604937,"bru_clean":"Tc2","tmean":18.33827153,"map":722.81927711}},
{"type":"Feature","geometry":{"type":"Polygon","coordinates":[[[31.4394,-28.5115],[31.4412,-28.5351],[31.4532,-28.5378],[31.455,-28.5495],[31.4532,-28.5618],[31.4424,-28.5548],[31.4405,-28.5691],[31.4572,-28.5662],[31.4618,-28.5501],[31.4775,-28.5537],[31.4907,-28.5535],[31.5066,-28.558],[31.5142,-28.5386],[31.5072,-28.5303],[31.4987,-28.5371],[31.477,-28.5485],[31.4743,-28.5436],[31.456,-28.54],[31.4475,-28.5216],[31.4394,-28.5115]]]},"properties":{"tmax":40.19999981,"brucode":"Vb8","tmin":-0.85,"bru_clean":"Vb8","tmean":19.2750001,"map":860.5}},
{"type":"Feature","geometry":{"type":"Polygon","coordinates":[[[30.755,-28.5249],[30.7845,-28.5468],[30.7954,-28.5513],[30.7842,-28.5616],[30.7854,-28.5736],[30.8072,-28.5816],[30.8042,-28.588],[30.8202,-28.598],[30.8014,-28.6041],[30.8002,-28.5964],[30.7836,-28.583],[30.7668,-28.5986],[30.7505,-28.5886],[30.7422,-28.5905],[30.741,-28.5992],[30.7579,-28.6046],[30.7542,-28.6136],[30.7336,-28.6086],[30.7217,-28.6092],[30.7157,-28.6174],[30.7227,-28.6223],[30.7137,-28.6287],[30.7013,-28.6641],[30.693,-28.6623],[30.6908,-28.6742],[30.685,-28.6806],[30.6974,-28.6878],[30.7048,-28.6989],[30.7097,-28.6947],[30.7064,-28.6862],[30.7124,-28.6804],[30.7238,-28.6754],[30.7314,-28.6671],[30.7358,-28.6552],[30.7316,-28.6432],[30.7519,-28.6282],[30.7709,-28.6251],[30.7742,-28.6212],[30.7933,-28.6208],[30.8045,-28.6229],[30.8109,-28.6185],[30.8099,-28.61],[30.8292,-28.6051],[30.8454,-28.5995],[30.8452,-28.5878],[30.8241,-28.5904],[30.8232,-28.5843],[30.8048,-28.5727],[30.8106,-28.5657],[30.82,-28.5733],[30.8286,-28.5635],[30.8171,-28.5577],[30.8257,-28.5389],[30.8193,-28.5373],[30.8005,-28.5433],[30.8028,-28.5273],[30.7868,-28.534],[30.7764,-28.5323],[30.7749,-28.5238],[30.7658,-28.5241],[30.7506,-28.5128],[30.755,-28.5249]]]},"properties":{"tmax":36.43599976,"brucode":"Vc21","tmin":-2.09600001,"bru_clean":"Vc21","tmean":16.54399994,"map":974.8}},
{"type":"Feature","geometry":{"type":"Polygon","coordinates":[[[30.8951,-28.517],[30.8854,-28.5186],[30.8739,-28.5154],[30.8807,-28.5313],[30.878,-28.5387],[30.8902,-28.5467],[30.9021,-28.5473],[30.9098,-28.5566],[30.898,-28.5624],[30.8907,-28.5715],[30.8919,-28.5816],[30.9018,-28.578],[30.9165,-28.5793],[30.9194,-28.5858],[30.9321,-28.5865],[30.9371,-28.5906],[30.9456,-28.5797],[30.9425,-28.5545],[30.9528,-28.5521],[30.9497,-28.5425],[30.9345,-28.5333],[30.9362,-28.5239],[30.9247,-28.5189],[30.9122,-28.5213],[30.8951,-28.517]]]},"properties":{"tmax":37.90909091,"brucode":"Wc19","tmin":-1.87272727,"bru_clean":"Wc19","tmean":17.45454511,"map":942.83333333}},
{"type":"Feature","geometry":{"type":"Polygon","coordinates":[[[31.1555,-28.5706],[31.1462,-28.5909],[31.149,-28.5958],[31.165,-28.5995],[31.1675,-28.6146],[31.1493,-28.6192],[31.1371,-28.6132],[31.1331,-28.6214],[31.1716,-28.6254],[31.1726,-28.6404],[31.1584,-28.6452],[31.1485,-28.6409],[31.1314,-28.6424],[31.1241,-28.6377],[31.1188,-28.65],[31.1202,-28.6591],[31.1077,-28.6745],[31.1231,-28.6774],[31.1375,-28.6859],[31.1442,-28.7041],[31.1566,-28.7032],[31.1746,-28.7174],[31.1775,-28.7355],[31.173,-28.7427],[31.1819,-28.7463],[31.1889,-28.7372],[31.1984,-28.7441],[31.2012,-28.7534],[31.1689,-28.762],[31.1368,-28.7536],[31.1192,-28.7516],[31.1209,-28.7461],[31.1077,-28.7434],[31.0841,-28.7454],[31.0706,-28.7404],[31.0752,-28.7294],[31.0578,-28.7343],[31.0339,-28.7193],[31.0411,-28.7155],[31.0365,-28.7048],[31.0565,-28.6956],[31.0885,-28.699],[31.086,-28.689],[31.092,-28.6779],[31.0659,-28.6805],[31.0545,-28.6891],[31.0381,-28.6928],[31.0402,-28.6851],[31.0573,-28.6775],[31.0698,-28.6768],[31.0818,-28.6697],[31.0811,-28.6536],[31.0734,-28.6579],[31.0572,-28.659],[31.0667,-28.6391],[31.0516,-28.6405],[31.0448,-28.6345],[31.0318,-28.6475],[31.0315,-28.6324],[31.0281,-28.6188],[31.0161,-28.6226],[31.017,-28.6353],[31.0006,-28.6399],[30.9924,-28.6256],[30.9851,-28.6394],[30.979,-28.6386],[30.9919,-28.6147],[30.9844,-28.5993],[30.9838,-28.5912],[30.9911,-28.5868],[30.985,-28.5746],[30.997,-28.5582],[30.999,-28.5465],[31.0108,-28.5425],[31.0076,-28.5367],[30.9957,-28.535],[30.9731,-28.5356],[30.946,-28.5252],[30.9362,-28.5239],[30.9345,-28.5333],[30.9497,-28.5425],[30.9528,-28.5521],[30.9425,-28.5545],[30.9456,-28.5797],[30.9546,-28.5832],[30.9597,-28.5927],[30.9551,-28.6088],[30.9556,-28.6145],[30.97,-28.6258],[30.9703,-28.6333],[30.9579,-28.6319],[30.9525,-28.6356],[30.9619,-28.6501],[30.9692,-28.6511],[30.9684,-28.662],[30.986,-28.6595],[30.9958,-28.6516],[31.0008,-28.657],[30.9909,-28.6659],[30.9996,-28.6725],[30.9955,-28.6913],[30.9797,-28.6959],[30.9632,-28.6903],[30.9487,-28.6933],[30.9326,-28.6864],[30.9295,-28.6943],[30.9465,-28.707],[30.9787,-28.7118],[30.9995,-28.718],[31.0116,-28.7301],[31.0228,-28.7237],[31.031,-28.7367],[31.0382,-28.7342],[31.0543,-28.7381],[31.0646,-28.7496],[31.0611,-28.7626],[31.0701,-28.7672],[31.0751,-28.7611],[31.088,-28.7653],[31.0759,-28.7767],[31.0691,-28.7761],[31.0646,-28.7848],[31.0793,-28.7903],[31.0909,-28.7998],[31.103,-28.7946],[31.1075,-28.7853],[31.0936,-28.7739],[31.1259,-28.7661],[31.1257,-28.7773],[31.1146,-28.7949],[31.13,-28.7976],[31.1202,-28.8112],[31.1398,-28.8099],[31.1566,-28.8179],[31.1554,-28.8265],[31.1617,-28.8365],[31.1811,-28.8389],[31.1714,-28.8489],[31.1561,-28.8532],[31.1425,-28.8508],[31.1377,-28.867],[31.1221,-28.8784],[31.1311,-28.8862],[31.1235,-28.89],[31.1364,-28.8975],[31.1327,-28.908],[31.145,-28.907],[31.1542,-28.9107],[31.1682,-28.8996],[31.1811,-28.9208],[31.1776,-28.9375],[31.1922,-28.9411],[31.1973,-28.9509],[31.2061,-28.9463],[31.216,-28.9533],[31.2118,-28.9587],[31.2039,-28.9758],[31.1906,-28.9786],[31.1669,-28.9943],[31.1491,-28.9986],[31.1544,-29.0072],[31.1539,-29.0205],[31.1695,-29.0159],[31.1782,-28.9984],[31.1855,-29.0044],[31.204,-29.0022],[31.2023,-29.0185],[31.213,-29.0132],[31.2336,-29.0188],[31.235,-29.0275],[31.244,-29.0273],[31.247,-29.0347],[31.2448,-29.0458],[31.2533,-29.0332],[31.2477,-29.0162],[31.2337,-29.0121],[31.2467,-28.9969],[31.2529,-28.9957],[31.2591,-28.9843],[31.2361,-28.9883],[31.223,-28.9947],[31.2061,-28.9891],[31.2147,-28.9745],[31.2252,-28.9675],[31.2285,-28.961],[31.241,-28.9587],[31.2531,-28.936],[31.259,-28.9389],[31.2675,-28.933],[31.2677,-28.9255],[31.2723,-28.9054],[31.2646,-28.8952],[31.2657,-28.8785],[31.2748,-28.8733],[31.2749,-28.8551],[31.2608,-28.8536],[31.2632,-28.8386],[31.26,-28.8274],[31.2454,-28.8267],[31.2383,-28.8183],[31.22,-28.8249],[31.2094,-28.8174],[31.207,-28.8066],[31.2252,-28.8048],[31.2388,-28.8125],[31.2485,-28.8143],[31.2534,-28.7992],[31.2471,-28.795],[31.2568,-28.7802],[31.2589,-28.7702],[31.2656,-28.7619],[31.2606,-28.7547],[31.2731,-28.7485],[31.2897,-28.7532],[31.2999,-28.7359],[31.2816,-28.7282],[31.2797,-28.7223],[31.263,-28.7253],[31.2458,-28.7215],[31.2335,-28.7286],[31.2301,-28.6941],[31.2454,-28.6906],[31.2432,-28.6824],[31.2591,-28.6734],[31.253,-28.6641],[31.243,-28.657],[31.2373,-28.6426],[31.2293,-28.6514],[31.2143,-28.6555],[31.2057,-28.6452],[31.2084,-28.6414],[31.2275,-28.6479],[31.2368,-28.6357],[31.2446,-28.6386],[31.2536,-28.6352],[31.2542,-28.6276],[31.2462,-28.6177],[31.2509,-28.6134],[31.2594,-28.6268],[31.2567,-28.6373],[31.2605,-28.6526],[31.2568,-28.6568],[31.2787,-28.6739],[31.2866,-28.6729],[31.2855,-28.689],[31.2944,-28.6993],[31.3023,-28.6931],[31.3243,-28.6992],[31.3202,-28.6887],[31.3215,-28.6687],[31.3377,-28.6818],[31.3486,-28.6824],[31.3597,-28.698],[31.3712,-28.6993],[31.3715,-28.711],[31.366,-28.7275],[31.3706,-28.7359],[31.3571,-28.7424],[31.3474,-28.7404],[31.3443,-28.7526],[31.3591,-28.7526],[31.3605,-28.7448],[31.3755,-28.7488],[31.4018,-28.7413],[31.382,-28.7376],[31.3779,-28.7256],[31.3849,-28.722],[31.3847,-28.7141],[31.3734,-28.7069],[31.38,-28.6965],[31.3762,-28.6851],[31.3899,-28.6844],[31.3979,-28.6728],[31.4088,-28.6846],[31.408,-28.7053],[31.4122,-28.72],[31.4301,-28.7171],[31.4399,-28.7195],[31.4449,-28.7263],[31.454,-28.7289],[31.4653,-28.723],[31.4403,-28.7159],[31.4387,-28.7107],[31.4272,-28.7163],[31.4195,-28.7057],[31.4169,-28.6885],[31.4199,-28.6771],[31.4075,-28.6767],[31.4055,-28.6674],[31.3952,-28.6661],[31.3902,-28.6796],[31.3835,-28.6703],[31.3658,-28.6531],[31.3572,-28.6675],[31.3372,-28.6677],[31.3262,-28.6595],[31.3204,-28.6499],[31.3017,-28.6622],[31.293,-28.6564],[31.2953,-28.6462],[31.2832,-28.6453],[31.2747,-28.633],[31.2814,-28.6238],[31.2944,-28.6184],[31.2945,-28.6108],[31.3021,-28.598],[31.2977,-28.5892],[31.2906,-28.5921],[31.2929,-28.5743],[31.2828,-28.5648],[31.2784,-28.5858],[31.2657,-28.5841],[31.2615,-28.5941],[31.2478,-28.5937],[31.2469,-28.5695],[31.226,-28.5745],[31.2209,-28.5781],[31.2191,-28.6055],[31.2031,-28.6142],[31.1985,-28.6045],[31.1871,-28.6086],[31.1779,-28.5957],[31.1825,-28.5829],[31.1768,-28.564],[31.164,-28.5654],[31.1555,-28.5706]]]},"properties":{"tmax":39.40542991,"brucode":"Wb5","tmin":0.16380091,"bru_clean":"Wb5","tmean":18.60859729,"map":1040.76255708}},
{"type":"Feature","geometry":{"type":"Polygon","coordinates":[[[29.22,-28.5808],[29.2262,-28.6033],[29.2389,-28.6056],[29.2508,-28.6134],[29.2474,-28.6178],[29.2098,-28.6164],[29.2079,-28.6246],[29.1928,-28.6297],[29.1975,-28.6168],[29.1789,-28.6139],[29.1881,-28.6024],[29.187,-28.5969],[29.1826,-28.5968],[29.1772,-28.5816],[29.1804,-28.5766],[29.173,-28.5815],[29.1758,-28.5968],[29.1699,-28.6138],[29.1713,-28.6228],[29.1631,-28.6268],[29.1407,-28.6171],[29.1369,-28.6075],[29.1222,-28.6078],[29.1099,-28.5877],[29.0941,-28.5814],[29.0984,-28.5921],[29.0947,-28.6006],[29.0837,-28.5987],[29.0723,-28.6047],[29.0819,-28.6101],[29.0904,-28.6093],[29.0934,-28.6177],[29.0895,-28.6249],[29.0802,-28.6238],[29.0773,-28.6394],[29.0785,-28.6504],[29.0891,-28.6716],[29.1103,-28.6865],[29.1082,-28.7139],[29.1126,-28.7213],[29.1312,-28.7273],[29.1448,-28.7182],[29.1598,-28.7142],[29.1585,-28.7242],[29.168,-28.7407],[29.1796,-28.7469],[29.1772,-28.7556],[29.1693,-28.7536],[29.1608,-28.7624],[29.1635,-28.7686],[29.1548,-28.7743],[29.155,-28.7836],[29.1701,-28.7829],[29.1855,-28.7891],[29.2141,-28.7859],[29.2136,-28.7733],[29.2207,-28.7555],[29.2159,-28.7493],[29.2119,-28.7273],[29.198,-28.7196],[29.1906,-28.7202],[29.1725,-28.7064],[29.1663,-28.6892],[29.1899,-28.6998],[29.2034,-28.7108],[29.2113,-28.7037],[29.2228,-28.7056],[29.2287,-28.7133],[29.2309,-28.7335],[29.2484,-28.7496],[29.2473,-28.7616],[29.2383,-28.762],[29.2272,-28.7814],[29.2277,-28.7896],[29.2174,-28.7952],[29.2237,-28.8065],[29.2391,-28.7989],[29.248,-28.7991],[29.2491,-28.7914],[29.2579,-28.7886],[29.2707,-28.79],[29.2732,-28.7808],[29.2832,-28.7843],[29.2791,-28.7964],[29.2835,-28.8098],[29.2938,-28.8149],[29.3011,-28.8036],[29.3072,-28.7861],[29.305,-28.7781],[29.2907,-28.7725],[29.2918,-28.7481],[29.3041,-28.7422],[29.3141,-28.7213],[29.321,-28.7118],[29.3326,-28.7066],[29.3246,-28.6959],[29.3155,-28.6961],[29.3098,-28.6764],[29.303,-28.6663],[29.3124,-28.6652],[29.3159,-28.6555],[29.3036,-28.6536],[29.306,-28.6432],[29.3006,-28.6273],[29.3007,-28.6192],[29.3119,-28.6022],[29.3247,-28.6014],[29.3378,-28.5948],[29.3586,-28.5987],[29.3647,-28.6039],[29.3819,-28.6056],[29.3787,-28.5952],[29.3937,-28.5929],[29.3936,-28.5925],[29.383,-28.5855],[29.3759,-28.5851],[29.3821,-28.5713],[29.3735,-28.5613],[29.3532,-28.5681],[29.3434,-28.5839],[29.3047,-28.5847],[29.3055,-28.5727],[29.2901,-28.5672],[29.2747,-28.5671],[29.2894,-28.5514],[29.2883,-28.5444],[29.3037,-28.5465],[29.2925,-28.5347],[29.2787,-28.5336],[29.2728,-28.5273],[29.2475,-28.5364],[29.2393,-28.548],[29.25,-28.5605],[29.2612,-28.5648],[29.254,-28.5811],[29.2441,-28.5779],[29.2483,-28.5929],[29.2358,-28.5989],[29.2273,-28.593],[29.22,-28.5808]]]},"properties":{"tmax":41.62335765,"brucode":"WXc5","tmin":-5.56642338,"bru_clean":"WXc5","tmean":18.46423379,"map":788.39705882}},
{"type":"Feature","geometry":{"type":"Polygon","coordinates":[[[29.1031,-28.5488],[29.0963,-28.5451],[29.0242,-28.5625],[29.011,-28.5771],[29.0314,-28.5775],[29.0443,-28.5718],[29.0494,-28.5738],[29.069,-28.5658],[29.0759,-28.5553],[29.0852,-28.5495],[29.0928,-28.5547],[29.1031,-28.5488]]]},"properties":{"tmax":37.48000031,"brucode":"WXd3a","tmin":-6.65999994,"bru_clean":"WXd3","tmean":16.67999992,"map":850}},
{"type":"Feature","geometry":{"type":"Polygon","coordinates":[[[30.1674,-28.5718],[30.1794,-28.5776],[30.1758,-28.5845],[30.1812,-28.5925],[30.1935,-28.593],[30.1975,-28.5978],[30.2282,-28.5964],[30.2331,-28.5863],[30.244,-28.5744],[30.2498,-28.5538],[30.2477,-28.5478],[30.2282,-28.5665],[30.2338,-28.5717],[30.225,-28.5847],[30.2115,-28.586],[30.1943,-28.5708],[30.1777,-28.5632],[30.1674,-28.5718]]]},"properties":{"tmax":38.48000031,"brucode":"Wc15","tmin":-3.35999999,"bru_clean":"Wc15","tmean":17.73999977,"map":730.2}},
{"type":"Feature","geometry":{"type":"Polygon","coordinates":[[[30.1315,-28.5531],[30.1267,-28.5633],[30.1132,-28.5675],[30.0987,-28.5801],[30.0904,-28.5802],[30.0778,-28.5924],[30.0728,-28.6008],[30.086,-28.6099],[30.0966,-28.6107],[30.1008,-28.605],[30.1142,-28.6097],[30.1119,-28.6185],[30.1022,-28.6157],[30.0987,-28.6221],[30.1109,-28.6254],[30.1104,-28.6458],[30.123,-28.6359],[30.1537,-28.6406],[30.1546,-28.6495],[30.1613,-28.6531],[30.1805,-28.6505],[30.1959,-28.6581],[30.2201,-28.6543],[30.2406,-28.6485],[30.2509,-28.6458],[30.2555,-28.6501],[30.2824,-28.6449],[30.2878,-28.6549],[30.2838,-28.6661],[30.296,-28.6655],[30.305,-28.6583],[30.3202,-28.6634],[30.32,-28.668],[30.3479,-28.6871],[30.3504,-28.6961],[30.3251,-28.6989],[30.3168,-28.7139],[30.3251,-28.7278],[30.3426,-28.7318],[30.3519,-28.7404],[30.3571,-28.7316],[30.3751,-28.739],[30.4363,-28.7433],[30.4418,-28.7402],[30.4539,-28.7467],[30.4796,-28.7448],[30.4949,-28.7545],[30.5012,-28.7684],[30.5118,-28.7694],[30.5131,-28.7504],[30.5551,-28.7488],[30.5681,-28.7518],[30.5945,-28.7415],[30.6007,-28.7373],[30.598,-28.723],[30.5932,-28.7141],[30.6027,-28.7145],[30.5934,-28.698],[30.5858,-28.7012],[30.5804,-28.7268],[30.5702,-28.7406],[30.559,-28.7325],[30.5499,-28.7308],[30.5418,-28.7393],[30.526,-28.7445],[30.5228,-28.7354],[30.5004,-28.7312],[30.4956,-28.7252],[30.4771,-28.7206],[30.4586,-28.7336],[30.4654,-28.7168],[30.4626,-28.7064],[30.476,-28.6945],[30.4663,-28.6844],[30.4675,-28.6758],[30.486,-28.6693],[30.4969,-28.6708],[30.4838,-28.6454],[30.4544,-28.6466],[30.434,-28.6518],[30.4108,-28.6402],[30.4056,-28.6333],[30.3969,-28.637],[30.3918,-28.6464],[30.383,-28.6312],[30.3711,-28.6334],[30.3595,-28.6292],[30.3523,-28.6358],[30.339,-28.6276],[30.328,-28.6171],[30.3188,-28.5952],[30.3125,-28.5949],[30.3091,-28.6053],[30.3122,-28.61],[30.2956,-28.6145],[30.2937,-28.607],[30.307,-28.5978],[30.3017,-28.5886],[30.3083,-28.5829],[30.3199,-28.5823],[30.3186,-28.5754],[30.3264,-28.5675],[30.3181,-28.5562],[30.3067,-28.5536],[30.3108,-28.5664],[30.3085,-28.5796],[30.2957,-28.5808],[30.2949,-28.5865],[30.2753,-28.5997],[30.2683,-28.5924],[30.2609,-28.607],[30.2449,-28.6126],[30.2456,-28.6229],[30.2243,-28.6402],[30.2209,-28.6314],[30.2109,-28.6304],[30.1946,-28.6357],[30.1669,-28.635],[30.1654,-28.6238],[30.148,-28.6247],[30.1433,-28.6192],[30.1466,-28.6104],[30.15,-28.5883],[30.1485,-28.5642],[30.1337,-28.5681],[30.1315,-28.5531]]]},"properties":{"tmax":40.78000005,"brucode":"Tb3","tmin":-2.48285714,"bru_clean":"Tb3","tmean":19.30571431,"map":704.23529412}},
{"type":"Feature","geometry":{"type":"Polygon","coordinates":[[[29.1519,-28.5509],[29.135,-28.5663],[29.1119,-28.5536],[29.1267,-28.5706],[29.1476,-28.5765],[29.1447,-28.5693],[29.1519,-28.5509]]]},"properties":{"tmax":37.48000031,"brucode":"WXd3b","tmin":-6.65999994,"bru_clean":"WXd3","tmean":16.67999992,"map":850}},
{"type":"Feature","geometry":{"type":"Polygon","coordinates":[[[31.3765,-28.6143],[31.3878,-28.6052],[31.3868,-28.586],[31.3801,-28.5807],[31.3691,-28.5562],[31.3601,-28.5513],[31.3462,-28.5584],[31.3359,-28.5673],[31.3105,-28.571],[31.3177,-28.577],[31.3328,-28.5761],[31.3424,-28.5695],[31.3565,-28.5775],[31.3454,-28.5862],[31.3409,-28.5792],[31.331,-28.5879],[31.3408,-28.5908],[31.3428,-28.602],[31.3536,-28.6109],[31.3765,-28.6143]]]},"properties":{"tmax":39.70000013,"brucode":"Xb3","tmin":-1.98333331,"bru_clean":"Xb3","tmean":18.48333327,"map":841.83333333}},
{"type":"Feature","geometry":{"type":"Polygon","coordinates":[[[30.2498,-28.5538],[30.244,-28.5744],[30.2331,-28.5863],[30.2282,-28.5964],[30.1975,-28.5978],[30.1935,-28.593],[30.1812,-28.5925],[30.1758,-28.5845],[30.1794,-28.5776],[30.1674,-28.5718],[30.1637,-28.575],[30.1537,-28.6102],[30.1642,-28.6168],[30.1685,-28.6055],[30.1678,-28.5908],[30.175,-28.5923],[30.1805,-28.6028],[30.1774,-28.6136],[30.1878,-28.6212],[30.1885,-28.6031],[30.2054,-28.6195],[30.2072,-28.6051],[30.2306,-28.6099],[30.2382,-28.5989],[30.2392,-28.5845],[30.2485,-28.5818],[30.2506,-28.5721],[30.2635,-28.5671],[30.269,-28.5761],[30.2823,-28.581],[30.2886,-28.5722],[30.2865,-28.559],[30.2763,-28.557],[30.2557,-28.5577],[30.2498,-28.5538]]]},"properties":{"tmax":39.75833289,"brucode":"Vc13","tmin":-3.73333337,"bru_clean":"Vc13","tmean":18.58333333,"map":716.91666667}},
{"type":"Feature","geometry":{"type":"Polygon","coordinates":[[[31.2944,-28.6184],[31.2814,-28.6238],[31.2747,-28.633],[31.2832,-28.6453],[31.2953,-28.6462],[31.293,-28.6564],[31.3017,-28.6622],[31.3204,-28.6499],[31.3262,-28.6595],[31.3372,-28.6677],[31.3572,-28.6675],[31.3658,-28.6531],[31.3835,-28.6703],[31.3902,-28.6796],[31.3952,-28.6661],[31.4055,-28.6674],[31.4075,-28.6767],[31.4199,-28.6771],[31.4169,-28.6885],[31.4195,-28.7057],[31.4272,-28.7163],[31.4387,-28.7107],[31.4489,-28.7098],[31.4634,-28.6934],[31.4443,-28.686],[31.446,-28.6807],[31.4592,-28.6692],[31.4722,-28.6692],[31.4781,-28.6726],[31.4902,-28.6649],[31.4941,-28.6717],[31.505,-28.6746],[31.509,-28.6506],[31.4976,-28.6419],[31.4997,-28.6292],[31.5144,-28.6245],[31.5072,-28.6089],[31.4942,-28.6115],[31.4847,-28.6288],[31.4733,-28.6257],[31.4669,-28.6335],[31.4585,-28.6215],[31.4501,-28.6224],[31.4518,-28.6118],[31.438,-28.6079],[31.4409,-28.5997],[31.4507,-28.5952],[31.4542,-28.5879],[31.4626,-28.5856],[31.4595,-28.5737],[31.4799,-28.571],[31.4887,-28.5667],[31.4953,-28.5718],[31.5038,-28.561],[31.4911,-28.5643],[31.4752,-28.5633],[31.4706,-28.5676],[31.4557,-28.5712],[31.4521,-28.5855],[31.4402,-28.589],[31.4364,-28.6009],[31.4271,-28.6055],[31.4201,-28.6017],[31.4267,-28.5899],[31.4249,-28.5813],[31.4064,-28.5889],[31.3868,-28.586],[31.3878,-28.6052],[31.3765,-28.6143],[31.3712,-28.624],[31.3565,-28.6283],[31.3538,-28.619],[31.3444,-28.6226],[31.3473,-28.6333],[31.3625,-28.6371],[31.3522,-28.6524],[31.3418,-28.6494],[31.343,-28.6352],[31.3343,-28.6318],[31.3257,-28.6349],[31.3096,-28.6325],[31.3076,-28.6273],[31.2936,-28.627],[31.2944,-28.6184]]]},"properties":{"tmax":40.23720959,"brucode":"Yb5","tmin":-0.38139535,"bru_clean":"Yb5","tmean":19.07441858,"map":1013.76190476}},
{"type":"Feature","geometry":{"type":"Polygon","coordinates":[[[29.0597,-28.6054],[29.0776,-28.616],[29.0802,-28.6238],[29.0895,-28.6249],[29.0934,-28.6177],[29.0904,-28.6093],[29.0819,-28.6101],[29.0723,-28.6047],[29.0837,-28.5987],[29.0947,-28.6006],[29.0984,-28.5921],[29.0941,-28.5814],[29.1099,-28.5877],[29.1222,-28.6078],[29.1369,-28.6075],[29.1407,-28.6171],[29.1631,-28.6268],[29.1713,-28.6228],[29.1699,-28.6138],[29.1758,-28.5968],[29.173,-28.5815],[29.1804,-28.5766],[29.1756,-28.5644],[29.1615,-28.5686],[29.1577,-28.579],[29.1598,-28.5886],[29.1502,-28.6005],[29.1422,-28.597],[29.1373,-28.5862],[29.1279,-28.5866],[29.1285,-28.5756],[29.1195,-28.5769],[29.1144,-28.5704],[29.0989,-28.5753],[29.0822,-28.5662],[29.0817,-28.575],[29.0756,-28.5826],[29.0648,-28.5842],[29.0707,-28.5943],[29.0618,-28.5956],[29.0597,-28.6054]]]},"properties":{"tmax":40.52500057,"brucode":"Xc6a","tmin":-5.86999998,"bru_clean":"Xc6","tmean":17.94000025,"map":915.2}},
{"type":"Feature","geometry":{"type":"Polygon","coordinates":[[[29.187,-28.5969],[29.1881,-28.6024],[29.1789,-28.6139],[29.1975,-28.6168],[29.1928,-28.6297],[29.2079,-28.6246],[29.2098,-28.6164],[29.2474,-28.6178],[29.2508,-28.6134],[29.2389,-28.6056],[29.2262,-28.6033],[29.22,-28.5808],[29.211,-28.564],[29.1891,-28.5826],[29.2012,-28.5885],[29.187,-28.5969]]]},"properties":{"tmax":40.52500057,"brucode":"Xc6b","tmin":-5.86999998,"bru_clean":"Xc6","tmean":17.94000025,"map":915.2}},
{"type":"Feature","geometry":{"type":"Polygon","coordinates":[[[29.0314,-28.5775],[29.011,-28.5771],[29.0242,-28.5625],[28.9746,-28.5747],[28.9613,-28.5972],[28.966,-28.6053],[28.9486,-28.6133],[28.9411,-28.6311],[28.9447,-28.6387],[28.9428,-28.6509],[28.922,-28.6637],[28.8962,-28.6947],[28.8995,-28.7058],[28.9084,-28.7138],[28.9061,-28.7208],[28.9108,-28.748],[28.9167,-28.7549],[28.9323,-28.7467],[28.9405,-28.7489],[28.9436,-28.7653],[28.9552,-28.7782],[28.9677,-28.785],[28.9597,-28.8052],[28.9532,-28.8135],[28.9606,-28.8276],[28.9652,-28.8429],[28.9608,-28.8586],[28.9776,-28.867],[28.9767,-28.8795],[28.9922,-28.8783],[29.0042,-28.8856],[29.0065,-28.8782],[29.0186,-28.8725],[29.0276,-28.8807],[29.0309,-28.8687],[29.041,-28.8656],[29.0422,-28.8743],[29.0364,-28.8833],[29.0504,-28.8944],[29.0424,-28.902],[29.0581,-28.9088],[29.0658,-28.9026],[29.0715,-28.9124],[29.0864,-28.9149],[29.084,-28.9239],[29.0894,-28.9309],[29.1066,-28.9422],[29.1119,-28.9374],[29.1237,-28.9394],[29.1209,-28.926],[29.1381,-28.9186],[29.1329,-28.9299],[29.1402,-28.9419],[29.1397,-28.9489],[29.123,-28.9512],[29.1241,-28.9566],[29.1428,-28.9755],[29.1719,-28.9884],[29.1752,-28.9989],[29.1834,-28.9974],[29.1903,-29.0033],[29.208,-29.0034],[29.2251,-29.0256],[29.2322,-29.0281],[29.2383,-29.059],[29.2434,-29.0563],[29.2571,-29.0589],[29.2598,-29.0529],[29.2702,-29.0564],[29.2927,-29.0536],[29.3004,-29.0505],[29.3218,-29.0544],[29.3283,-29.0529],[29.3356,-29.0674],[29.355,-29.0558],[29.3659,-29.0674],[29.3642,-29.0713],[29.3774,-29.0828],[29.3639,-29.0888],[29.3541,-29.1021],[29.353,-29.1094],[29.3641,-29.1163],[29.368,-29.1231],[29.381,-29.1241],[29.3735,-29.142],[29.3653,-29.1502],[29.3614,-29.1638],[29.3769,-29.1636],[29.3822,-29.1708],[29.3726,-29.1778],[29.3892,-29.1903],[29.4038,-29.197],[29.4127,-29.1937],[29.4285,-29.2023],[29.4358,-29.2187],[29.4327,-29.2316],[29.4397,-29.2381],[29.4397,-29.2506],[29.4523,-29.2606],[29.4538,-29.2661],[29.4666,-29.2712],[29.4555,-29.2822],[29.4555,-29.2933],[29.4604,-29.299],[29.4602,-29.3091],[29.4687,-29.3297],[29.4766,-29.3326],[29.4915,-29.3276],[29.492,-29.3353],[29.5007,-29.3389],[29.5143,-29.3394],[29.5155,-29.349],[29.5266,-29.3584],[29.5292,-29.3741],[29.5389,-29.3774],[29.5546,-29.3921],[29.5637,-29.4059],[29.5867,-29.4105],[29.5993,-29.415],[29.6067,-29.4078],[29.6278,-29.4124],[29.6414,-29.4224],[29.6517,-29.4174],[29.6579,-29.4262],[29.6729,-29.4276],[29.6828,-29.4396],[29.702,-29.4374],[29.7237,-29.4283],[29.7415,-29.434],[29.7374,-29.4245],[29.728,-29.4221],[29.7069,-29.4235],[29.6953,-29.4269],[29.6804,-29.4143],[29.7053,-29.3975],[29.7045,-29.3878],[29.6961,-29.3823],[29.6939,-29.3732],[29.672,-29.3849],[29.6573,-29.3813],[29.6874,-29.3638],[29.6957,-29.3627],[29.7007,-29.3518],[29.6918,-29.3435],[29.6722,-29.3479],[29.654,-29.3441],[29.6637,-29.3365],[29.6652,-29.3295],[29.6575,-29.3183],[29.6724,-29.3153],[29.6782,-29.3089],[29.6987,-29.2991],[29.6846,-29.2931],[29.6478,-29.2933],[29.6455,-29.2861],[29.6351,-29.2851],[29.6562,-29.2589],[29.6646,-29.2555],[29.676,-29.244],[29.6831,-29.233],[29.6694,-29.2283],[29.6605,-29.2309],[29.657,-29.2414],[29.6504,-29.2475],[29.6378,-29.2502],[29.6156,-29.2674],[29.6037,-29.2648],[29.6123,-29.2538],[29.6258,-29.2417],[29.618,-29.2329],[29.622,-29.2236],[29.6333,-29.2083],[29.6313,-29.2023],[29.6201,-29.2047],[29.608,-29.2169],[29.6046,-29.2003],[29.6002,-29.1975],[29.5752,-29.1992],[29.5716,-29.1868],[29.5761,-29.177],[29.6163,-29.185],[29.6359,-29.1765],[29.616,-29.1773],[29.6081,-29.16],[29.5917,-29.1588],[29.5826,-29.1614],[29.568,-29.156],[29.5671,-29.1468],[29.5534,-29.1467],[29.5446,-29.1271],[29.5564,-29.1233],[29.5456,-29.1143],[29.5536,-29.1074],[29.5786,-29.1156],[29.5783,-29.1082],[29.5704,-29.0965],[29.553,-29.0891],[29.5519,-29.1018],[29.5411,-29.1098],[29.5275,-29.1142],[29.5138,-29.1125],[29.5096,-29.1072],[29.5004,-29.1062],[29.4912,-29.113],[29.4924,-29.1198],[29.4666,-29.1262],[29.4489,-29.1274],[29.4365,-29.1398],[29.4283,-29.1174],[29.4187,-29.1068],[29.4432,-29.1108],[29.4514,-29.1086],[29.463,-29.0981],[29.462,-29.0919],[29.4492,-29.0842],[29.4334,-29.0791],[29.4141,-29.0776],[29.4171,-29.0714],[29.4275,-29.0726],[29.445,-29.0641],[29.426,-29.0526],[29.4032,-29.0557],[29.3997,-29.0524],[29.385,-29.0526],[29.3864,-29.0394],[29.3956,-29.036],[29.3941,-29.0237],[29.4039,-29.0242],[29.412,-29.0218],[29.3933,-29.007],[29.3861,-28.9988],[29.3735,-28.9948],[29.3581,-28.9858],[29.3547,-28.9756],[29.3487,-28.9566],[29.3365,-28.9563],[29.331,-28.9484],[29.3287,-28.9357],[29.3132,-28.9235],[29.3005,-28.9256],[29.2989,-28.9325],[29.3132,-28.9366],[29.2992,-28.9452],[29.2975,-28.9559],[29.2838,-28.963],[29.2741,-28.9469],[29.2672,-28.9446],[29.2474,-28.9498],[29.2429,-28.9571],[29.2237,-28.9509],[29.1981,-28.9526],[29.1853,-28.9554],[29.1932,-28.9406],[29.1922,-28.9296],[29.2051,-28.9317],[29.2166,-28.9251],[29.2158,-28.9118],[29.2113,-28.9044],[29.2164,-28.8795],[29.2339,-28.8658],[29.2175,-28.8621],[29.2084,-28.8609],[29.1957,-28.8707],[29.1858,-28.8511],[29.187,-28.8418],[29.1798,-28.8351],[29.1599,-28.8379],[29.1445,-28.8515],[29.1379,-28.8632],[29.1271,-28.848],[29.1303,-28.8339],[29.1191,-28.8313],[29.1046,-28.8686],[29.0927,-28.8746],[29.0791,-28.8655],[29.0888,-28.863],[29.0942,-28.8445],[29.0859,-28.8395],[29.0858,-28.8318],[29.0679,-28.8325],[29.0525,-28.8257],[29.045,-28.8258],[29.0365,-28.8386],[29.0248,-28.8393],[29.0138,-28.8275],[29.0258,-28.8267],[29.0338,-28.816],[29.0203,-28.8156],[29.0037,-28.8065],[29.0169,-28.7991],[29.0074,-28.7893],[29.0142,-28.7834],[29.0259,-28.789],[29.0324,-28.7734],[29.0487,-28.7895],[29.0548,-28.7903],[29.0637,-28.8016],[29.07,-28.7991],[29.0839,-28.8016],[29.0891,-28.7957],[29.0737,-28.7812],[29.0755,-28.7656],[29.084,-28.7635],[29.0992,-28.7698],[29.1229,-28.7759],[29.1301,-28.7864],[29.1513,-28.7951],[29.1571,-28.7882],[29.1409,-28.7809],[29.1427,-28.7648],[29.1383,-28.7548],[29.1306,-28.7632],[29.1184,-28.7656],[29.1015,-28.7573],[29.1051,-28.7461],[29.0935,-28.74],[29.0858,-28.7475],[29.0746,-28.738],[29.065,-28.738],[29.0569,-28.7449],[29.046,-28.7455],[29.0545,-28.7318],[29.0488,-28.7211],[29.0578,-28.7147],[29.0629,-28.7032],[29.0578,-28.7002],[29.0464,-28.705],[29.0412,-28.7006],[29.0247,-28.6978],[29.0144,-28.7061],[29.0206,-28.7148],[29.0106,-28.7262],[29.0094,-28.7392],[29.0032,-28.7447],[28.9942,-28.7435],[28.994,-28.7247],[29.0019,-28.7088],[29.0017,-28.6985],[28.9927,-28.6908],[28.9834,-28.6909],[28.9557,-28.6863],[28.9726,-28.6818],[28.9898,-28.6732],[28.9954,-28.6645],[29.0048,-28.6579],[29.0147,-28.6612],[29.0124,-28.6442],[28.991,-28.6435],[28.989,-28.6323],[29.0041,-28.6153],[29.0068,-28.6054],[29.0244,-28.5929],[29.0338,-28.5851],[29.0314,-28.5775]]]},"properties":{"tmax":33.93205427,"brucode":"Ze1","tmin":-7.46320543,"bru_clean":"Ze1","tmean":13.99029346,"map":1109.50452489}},
{"type":"Feature","geometry":{"type":"Polygon","coordinates":[[[30.1943,-28.5708],[30.2115,-28.586],[30.225,-28.5847],[30.2338,-28.5717],[30.2282,-28.5665],[30.2103,-28.5701],[30.1976,-28.5641],[30.1943,-28.5708]]]},"properties":{"tmax":38.25,"brucode":"Wd4","tmin":-3.20000005,"bru_clean":"Wd4","tmean":17.60000038,"map":730}},
{"type":"Feature","geometry":{"type":"Polygon","coordinates":[[[30.8292,-28.6051],[30.8099,-28.61],[30.8109,-28.6185],[30.8045,-28.6229],[30.7933,-28.6208],[30.7742,-28.6212],[30.7709,-28.6251],[30.7519,-28.6282],[30.7316,-28.6432],[30.7358,-28.6552],[30.7314,-28.6671],[30.7238,-28.6754],[30.7124,-28.6804],[30.7143,-28.6864],[30.7444,-28.676],[30.7516,-28.6651],[30.7466,-28.6535],[30.7497,-28.647],[30.7663,-28.641],[30.8028,-28.6647],[30.8071,-28.6566],[30.8177,-28.6477],[30.8195,-28.6409],[30.8319,-28.6444],[30.858,-28.6421],[30.8635,-28.6515],[30.8918,-28.6457],[30.9063,-28.6489],[30.8948,-28.6391],[30.8924,-28.6221],[30.8881,-28.6194],[30.8702,-28.6198],[30.8662,-28.609],[30.8412,-28.6119],[30.8292,-28.6051]]]},"properties":{"tmax":36.38571439,"brucode":"Zd6","tmin":-3.17142857,"bru_clean":"Zd6","tmean":16.02857154,"map":1024.14285714}},
{"type":"Feature","geometry":{"type":"Polygon","coordinates":[[[31.8096,-28.7438],[31.7975,-28.7446],[31.787,-28.7501],[31.7779,-28.7592],[31.7777,-28.7655],[31.7656,-28.7746],[31.7563,-28.7948],[31.7501,-28.8031],[31.7583,-28.8051],[31.7974,-28.8107],[31.8088,-28.8094],[31.8179,-28.813],[31.8222,-28.8065],[31.8151,-28.7967],[31.8201,-28.7929],[31.8089,-28.7752],[31.815,-28.7659],[31.8254,-28.7719],[31.8221,-28.7888],[31.8353,-28.8022],[31.8447,-28.7951],[31.8497,-28.8007],[31.8626,-28.8053],[31.8608,-28.8178],[31.8553,-28.8291],[31.8722,-28.8389],[31.8703,-28.8277],[31.8647,-28.8241],[31.8834,-28.814],[31.8718,-28.8119],[31.8829,-28.7952],[31.8945,-28.7919],[31.8961,-28.7732],[31.9105,-28.7598],[31.9334,-28.7482],[31.9426,-28.737],[31.9413,-28.7182],[31.9496,-28.71],[31.9501,-28.7016],[31.9681,-28.6948],[31.9917,-28.6831],[32.0022,-28.6889],[32.0177,-28.6878],[32.0199,-28.6786],[32.028,-28.6737],[32.029,-28.6666],[32.0372,-28.6591],[32.0298,-28.6537],[32.0318,-28.6403],[32.0278,-28.6307],[32.0343,-28.6109],[32.0426,-28.6086],[32.0481,-28.6012],[32.0446,-28.5847],[32.0266,-28.5842],[32.0089,-28.5777],[32.0044,-28.5911],[32.0011,-28.6137],[31.9942,-28.6219],[31.9913,-28.6318],[31.9814,-28.6372],[31.9706,-28.6342],[31.9509,-28.654],[31.9519,-28.6598],[31.9632,-28.6663],[31.9619,-28.6759],[31.9452,-28.6643],[31.9379,-28.679],[31.9277,-28.6893],[31.9225,-28.6883],[31.8971,-28.7013],[31.8869,-28.7117],[31.8825,-28.722],[31.8867,-28.7357],[31.8703,-28.7378],[31.846,-28.7306],[31.8367,-28.7309],[31.8239,-28.7398],[31.8251,-28.7474],[31.8096,-28.7438]]]},"properties":{"tmax":42.10952377,"brucode":"Ya6","tmin":3.28253969,"bru_clean":"Ya6","tmean":21.44603157,"map":1072.42857143}},
{"type":"Feature","geometry":{"type":"Polygon","coordinates":[[[30.5823,-28.597],[30.5738,-28.599],[30.5651,-28.6081],[30.5493,-28.6067],[30.5524,-28.6005],[30.5341,-28.5945],[30.5275,-28.6148],[30.5404,-28.6265],[30.5366,-28.6439],[30.5447,-28.6416],[30.5666,-28.6431],[30.5613,-28.6515],[30.5698,-28.6557],[30.5816,-28.6648],[30.594,-28.6686],[30.616,-28.6597],[30.6308,-28.6603],[30.6398,-28.6564],[30.6433,-28.6643],[30.6536,-28.6653],[30.6643,-28.6724],[30.6735,-28.664],[30.6624,-28.6587],[30.664,-28.6515],[30.6448,-28.644],[30.6296,-28.6415],[30.6168,-28.6469],[30.6144,-28.6532],[30.5959,-28.6537],[30.5737,-28.6448],[30.5709,-28.6365],[30.5953,-28.641],[30.5923,-28.633],[30.5978,-28.6252],[30.6056,-28.6235],[30.6066,-28.5995],[30.6012,-28.5912],[30.5925,-28.5974],[30.5957,-28.6061],[30.5885,-28.6087],[30.5823,-28.597]],[[30.5703,-28.6159],[30.5907,-28.612],[30.5959,-28.6162],[30.5849,-28.6327],[30.5714,-28.6229],[30.5611,-28.6254],[30.556,-28.6168],[30.5626,-28.6114],[30.5703,-28.6159]]]},"properties":{"tmax":37.80107519,"brucode":"Tc8d","tmin":-1.19784946,"bru_clean":"Tc8","tmean":18.17956985,"map":787.69148936}},
{"type":"Feature","geometry":{"type":"Polygon","coordinates":[[[29.9577,-28.6491],[29.9561,-28.6642],[29.9404,-28.6688],[29.9256,-28.6796],[29.9146,-28.6772],[29.9242,-28.6838],[29.9391,-28.6807],[29.9651,-28.6685],[29.9689,-28.6562],[29.9812,-28.6547],[29.9903,-28.6725],[30.0028,-28.6755],[30.0085,-28.6968],[30.0189,-28.6918],[30.0365,-28.6902],[30.0294,-28.7022],[30.0351,-28.7075],[30.0508,-28.7067],[30.0546,-28.7158],[30.0341,-28.7146],[30.0232,-28.7056],[30.0142,-28.7095],[30.0162,-28.7208],[30.0341,-28.7271],[30.0355,-28.7414],[30.0239,-28.7378],[29.9939,-28.7455],[29.9758,-28.7441],[29.945,-28.745],[29.9366,-28.7399],[29.9166,-28.7336],[29.9071,-28.7419],[29.9138,-28.7513],[29.9252,-28.757],[29.9286,-28.7651],[29.9139,-28.7675],[29.9171,-28.7764],[29.9263,-28.7825],[29.9156,-28.7876],[29.9124,-28.7983],[29.9229,-28.8029],[29.9318,-28.7986],[29.9491,-28.7959],[29.9467,-28.7895],[29.953,-28.7827],[29.9616,-28.7859],[29.958,-28.7996],[29.9474,-28.8084],[29.9536,-28.816],[29.9734,-28.8198],[29.9695,-28.7998],[29.9751,-28.7947],[29.9837,-28.8027],[30.0114,-28.7958],[30.0111,-28.8092],[30.0162,-28.8247],[30.0229,-28.8284],[30.0263,-28.8384],[30.0333,-28.8483],[30.0351,-28.8596],[30.0419,-28.8664],[30.0402,-28.8811],[30.0274,-28.8872],[30.0451,-28.8833],[30.0505,-28.869],[30.0459,-28.855],[30.0565,-28.8409],[30.0648,-28.8373],[30.0771,-28.8373],[30.0964,-28.85],[30.1135,-28.848],[30.1274,-28.8365],[30.1368,-28.836],[30.1456,-28.8436],[30.1288,-28.8548],[30.1094,-28.8525],[30.1028,-28.8584],[30.0914,-28.8607],[30.0863,-28.8669],[30.0974,-28.8669],[30.1163,-28.8584],[30.1193,-28.8703],[30.1329,-28.8738],[30.15,-28.874],[30.1532,-28.8679],[30.1458,-28.8628],[30.1467,-28.8518],[30.1596,-28.8526],[30.1714,-28.8478],[30.1729,-28.8272],[30.1901,-28.8337],[30.191,-28.826],[30.1814,-28.8236],[30.175,-28.8163],[30.1805,-28.8049],[30.1937,-28.7889],[30.2101,-28.778],[30.2184,-28.7768],[30.2299,-28.7805],[30.2412,-28.7892],[30.2601,-28.79],[30.2608,-28.7972],[30.2724,-28.7962],[30.2779,-28.783],[30.2713,-28.7674],[30.2756,-28.7574],[30.2632,-28.7485],[30.2549,-28.7464],[30.2463,-28.7546],[30.2402,-28.7506],[30.2262,-28.7562],[30.2156,-28.7481],[30.2018,-28.7552],[30.1896,-28.7667],[30.1787,-28.7664],[30.1716,-28.7719],[30.1757,-28.7804],[30.1707,-28.7861],[30.1693,-28.7992],[30.1611,-28.7955],[30.169,-28.7715],[30.1673,-28.7667],[30.1511,-28.761],[30.1352,-28.7706],[30.1213,-28.7712],[30.1095,-28.7811],[30.092,-28.7877],[30.0865,-28.7991],[30.0856,-28.81],[30.0773,-28.811],[30.0835,-28.7949],[30.0819,-28.784],[30.0671,-28.776],[30.0484,-28.7856],[30.0351,-28.7621],[30.0679,-28.7676],[30.1133,-28.7673],[30.1276,-28.7637],[30.1444,-28.7544],[30.1366,-28.7429],[30.1377,-28.7342],[30.1452,-28.7287],[30.143,-28.7218],[30.1339,-28.7206],[30.1355,-28.7128],[30.1488,-28.7191],[30.1467,-28.7366],[30.1405,-28.7413],[30.151,-28.7486],[30.1615,-28.7444],[30.164,-28.7375],[30.1767,-28.7378],[30.1956,-28.7339],[30.2377,-28.7356],[30.2535,-28.7298],[30.2526,-28.7227],[30.2618,-28.7173],[30.2683,-28.6969],[30.2603,-28.6941],[30.2557,-28.6862],[30.2598,-28.6749],[30.2702,-28.6657],[30.2831,-28.6891],[30.3004,-28.6849],[30.3013,-28.6705],[30.296,-28.6655],[30.2838,-28.6661],[30.2878,-28.6549],[30.2824,-28.6449],[30.2555,-28.6501],[30.2509,-28.6458],[30.2406,-28.6485],[30.2215,-28.6613],[30.2191,-28.6686],[30.2447,-28.6732],[30.2492,-28.68],[30.2454,-28.6868],[30.257,-28.6983],[30.2509,-28.7106],[30.2447,-28.713],[30.2399,-28.7234],[30.2286,-28.7242],[30.2148,-28.7188],[30.2065,-28.7119],[30.197,-28.7239],[30.1875,-28.7266],[30.1732,-28.7167],[30.1691,-28.7083],[30.154,-28.7096],[30.1504,-28.6998],[30.1431,-28.6964],[30.1359,-28.7061],[30.1175,-28.6929],[30.1091,-28.6989],[30.1186,-28.7095],[30.0982,-28.7068],[30.0912,-28.6898],[30.084,-28.6864],[30.0824,-28.6776],[30.0741,-28.6736],[30.0623,-28.6804],[30.0591,-28.6641],[30.0394,-28.6556],[30.0436,-28.6488],[30.0135,-28.6378],[30.0004,-28.6388],[29.9942,-28.6328],[29.9952,-28.6094],[29.9871,-28.6046],[29.978,-28.6052],[29.9838,-28.6136],[29.9773,-28.6343],[29.9698,-28.6372],[29.9577,-28.6491]]]},"properties":{"tmax":41.25507247,"brucode":"Tb2","tmin":-5.57608698,"bru_clean":"Tb2","tmean":19.00797099,"map":719.59558824}},
{"type":"Feature","geometry":{"type":"Polygon","coordinates":[[[29.0244,-28.5929],[29.0068,-28.6054],[29.0041,-28.6153],[28.989,-28.6323],[28.991,-28.6435],[29.0124,-28.6442],[29.0147,-28.6612],[29.0048,-28.6579],[28.9954,-28.6645],[28.9898,-28.6732],[28.9726,-28.6818],[28.9557,-28.6863],[28.9834,-28.6909],[28.9927,-28.6908],[29.0017,-28.6985],[29.0019,-28.7088],[28.994,-28.7247],[28.9942,-28.7435],[29.0032,-28.7447],[29.01,-28.7182],[29.0063,-28.7099],[29.0137,-28.6895],[29.0244,-28.6885],[29.0297,-28.6836],[29.038,-28.6924],[29.0577,-28.6929],[29.0732,-28.7027],[29.0688,-28.7066],[29.0637,-28.7216],[29.0767,-28.7236],[29.0791,-28.7362],[29.0861,-28.7391],[29.0878,-28.7163],[29.0989,-28.7044],[29.0985,-28.6936],[29.0894,-28.6806],[29.0891,-28.6716],[29.0785,-28.6504],[29.0773,-28.6394],[29.0802,-28.6238],[29.0776,-28.616],[29.0597,-28.6054],[29.0435,-28.598],[29.0358,-28.6061],[29.0361,-28.6165],[29.0113,-28.6188],[29.0117,-28.6082],[29.0229,-28.5995],[29.0244,-28.5929]]]},"properties":{"tmax":38.61346142,"brucode":"Yc6a","tmin":-6.00384617,"bru_clean":"Yc6","tmean":17.53653853,"map":978.78846154}},
{"type":"Feature","geometry":{"type":"Polygon","coordinates":[[[29.3937,-28.5929],[29.3787,-28.5952],[29.3819,-28.6056],[29.3647,-28.6039],[29.3586,-28.5987],[29.3378,-28.5948],[29.3247,-28.6014],[29.3119,-28.6022],[29.3007,-28.6192],[29.3006,-28.6273],[29.306,-28.6432],[29.3036,-28.6536],[29.3159,-28.6555],[29.3124,-28.6652],[29.303,-28.6663],[29.3098,-28.6764],[29.3155,-28.6961],[29.3246,-28.6959],[29.3326,-28.7066],[29.321,-28.7118],[29.3141,-28.7213],[29.3041,-28.7422],[29.2918,-28.7481],[29.2907,-28.7725],[29.305,-28.7781],[29.3072,-28.7861],[29.3011,-28.8036],[29.2938,-28.8149],[29.2885,-28.8252],[29.3156,-28.8289],[29.3214,-28.8329],[29.3326,-28.8234],[29.3268,-28.8204],[29.3274,-28.8017],[29.3359,-28.7969],[29.3552,-28.7972],[29.3598,-28.7903],[29.3738,-28.792],[29.3834,-28.7886],[29.3889,-28.779],[29.3965,-28.7792],[29.4021,-28.7561],[29.3932,-28.7485],[29.3842,-28.7384],[29.3972,-28.7221],[29.3821,-28.7165],[29.3878,-28.7049],[29.4003,-28.7137],[29.4027,-28.6916],[29.3943,-28.6929],[29.3883,-28.685],[29.4064,-28.6734],[29.3997,-28.6575],[29.3884,-28.6537],[29.3916,-28.6451],[29.4209,-28.6393],[29.4315,-28.6418],[29.437,-28.6493],[29.4503,-28.6431],[29.4499,-28.6184],[29.4324,-28.6175],[29.4264,-28.6134],[29.4275,-28.6046],[29.3937,-28.5929]]]},"properties":{"tmax":41.28194422,"brucode":"Vc11","tmin":-5.25555553,"bru_clean":"Vc11","tmean":18.57222221,"map":729.43661972}},
{"type":"Feature","geometry":{"type":"Polygon","coordinates":[[[30.8881,-28.6194],[30.8924,-28.6221],[30.8948,-28.6391],[30.9063,-28.6489],[30.9128,-28.6633],[30.9096,-28.6839],[30.9215,-28.6951],[30.9295,-28.6943],[30.9326,-28.6864],[30.9487,-28.6933],[30.9632,-28.6903],[30.9797,-28.6959],[30.9955,-28.6913],[30.9996,-28.6725],[30.9909,-28.6659],[31.0008,-28.657],[30.9958,-28.6516],[30.986,-28.6595],[30.9684,-28.662],[30.9692,-28.6511],[30.9619,-28.6501],[30.9525,-28.6356],[30.9579,-28.6319],[30.9703,-28.6333],[30.97,-28.6258],[30.9556,-28.6145],[30.9551,-28.6088],[30.9486,-28.6055],[30.9447,-28.6197],[30.9245,-28.6232],[30.9219,-28.6304],[30.9099,-28.6303],[30.9083,-28.6236],[30.9285,-28.6118],[30.934,-28.5999],[30.9293,-28.5954],[30.9206,-28.6068],[30.8973,-28.6194],[30.8877,-28.6158],[30.8881,-28.6194]]]},"properties":{"tmax":38.03500004,"brucode":"Yc9","tmin":-0.74,"bru_clean":"Yc9","tmean":18.00500002,"map":1106.15}},
{"type":"Feature","geometry":{"type":"Polygon","coordinates":[[[29.8259,-28.6027],[29.8375,-28.6121],[29.833,-28.6312],[29.8213,-28.6445],[29.8058,-28.645],[29.7986,-28.6526],[29.8028,-28.6606],[29.8158,-28.6603],[29.8234,-28.6676],[29.8274,-28.6777],[29.808,-28.6744],[29.8028,-28.6816],[29.8061,-28.6984],[29.8199,-28.7055],[29.8279,-28.7048],[29.832,-28.698],[29.8412,-28.7036],[29.8526,-28.702],[29.8717,-28.7034],[29.8795,-28.7084],[29.8856,-28.6955],[29.8816,-28.6791],[29.8744,-28.6702],[29.8817,-28.6672],[29.901,-28.6754],[29.9146,-28.6772],[29.9256,-28.6796],[29.9404,-28.6688],[29.9561,-28.6642],[29.9577,-28.6491],[29.9532,-28.6488],[29.9421,-28.6293],[29.9365,-28.6264],[29.9232,-28.6312],[29.9118,-28.6315],[29.898,-28.6232],[29.9033,-28.6077],[29.8963,-28.6047],[29.8543,-28.6057],[29.8419,-28.6],[29.8259,-28.6027]]]},"properties":{"tmax":40.05757569,"brucode":"Tc1","tmin":-6.47272727,"bru_clean":"Tc1","tmean":18.11818192,"map":722.93939394}},
{"type":"Feature","geometry":{"type":"Polygon","coordinates":[[[31.4781,-28.6726],[31.4722,-28.6692],[31.4592,-28.6692],[31.446,-28.6807],[31.4443,-28.686],[31.4634,-28.6934],[31.4489,-28.7098],[31.4387,-28.7107],[31.4403,-28.7159],[31.4653,-28.723],[31.454,-28.7289],[31.4449,-28.7263],[31.4399,-28.7195],[31.4301,-28.7171],[31.4122,-28.72],[31.408,-28.7053],[31.4088,-28.6846],[31.3979,-28.6728],[31.3899,-28.6844],[31.3762,-28.6851],[31.38,-28.6965],[31.3734,-28.7069],[31.3847,-28.7141],[31.3849,-28.722],[31.3779,-28.7256],[31.382,-28.7376],[31.4018,-28.7413],[31.3755,-28.7488],[31.3605,-28.7448],[31.3591,-28.7526],[31.3443,-28.7526],[31.3474,-28.7404],[31.3571,-28.7424],[31.3706,-28.7359],[31.366,-28.7275],[31.3715,-28.711],[31.3712,-28.6993],[31.3597,-28.698],[31.3486,-28.6824],[31.3377,-28.6818],[31.3215,-28.6687],[31.3202,-28.6887],[31.3243,-28.6992],[31.3023,-28.6931],[31.2944,-28.6993],[31.2855,-28.689],[31.2866,-28.6729],[31.2787,-28.6739],[31.2568,-28.6568],[31.2605,-28.6526],[31.2567,-28.6373],[31.2594,-28.6268],[31.2509,-28.6134],[31.2462,-28.6177],[31.2542,-28.6276],[31.2536,-28.6352],[31.2446,-28.6386],[31.2368,-28.6357],[31.2275,-28.6479],[31.2084,-28.6414],[31.2057,-28.6452],[31.2143,-28.6555],[31.2293,-28.6514],[31.2373,-28.6426],[31.243,-28.657],[31.253,-28.6641],[31.2591,-28.6734],[31.2432,-28.6824],[31.2454,-28.6906],[31.2301,-28.6941],[31.2335,-28.7286],[31.2458,-28.7215],[31.263,-28.7253],[31.2797,-28.7223],[31.2816,-28.7282],[31.2999,-28.7359],[31.2897,-28.7532],[31.2731,-28.7485],[31.2606,-28.7547],[31.2656,-28.7619],[31.2589,-28.7702],[31.2568,-28.7802],[31.2471,-28.795],[31.2534,-28.7992],[31.2485,-28.8143],[31.2388,-28.8125],[31.2252,-28.8048],[31.207,-28.8066],[31.2094,-28.8174],[31.22,-28.8249],[31.2383,-28.8183],[31.2454,-28.8267],[31.26,-28.8274],[31.2632,-28.8386],[31.2608,-28.8536],[31.2749,-28.8551],[31.2784,-28.8436],[31.3004,-28.8511],[31.304,-28.8436],[31.3175,-28.8379],[31.3224,-28.832],[31.3216,-28.8174],[31.3328,-28.8058],[31.3392,-28.8038],[31.3447,-28.7945],[31.3565,-28.7948],[31.3803,-28.7862],[31.391,-28.7795],[31.3829,-28.7772],[31.3724,-28.7851],[31.3583,-28.7899],[31.3424,-28.7764],[31.3347,-28.7828],[31.3339,-28.792],[31.3179,-28.8009],[31.3251,-28.7816],[31.3327,-28.7762],[31.3316,-28.7541],[31.3114,-28.7521],[31.3219,-28.7426],[31.3302,-28.7434],[31.3384,-28.7364],[31.3315,-28.7216],[31.3088,-28.7211],[31.3054,-28.7262],[31.2937,-28.7141],[31.3224,-28.7176],[31.3285,-28.7127],[31.3377,-28.7193],[31.3418,-28.7333],[31.3365,-28.7496],[31.3419,-28.7586],[31.3523,-28.7653],[31.3671,-28.7662],[31.3739,-28.763],[31.3919,-28.7643],[31.4099,-28.7603],[31.4222,-28.7557],[31.4097,-28.7356],[31.4024,-28.7288],[31.4132,-28.7239],[31.4225,-28.7324],[31.4264,-28.7435],[31.4373,-28.728],[31.446,-28.7322],[31.4403,-28.7392],[31.4477,-28.7512],[31.4633,-28.7475],[31.4528,-28.7396],[31.497,-28.7296],[31.5014,-28.7222],[31.4921,-28.7146],[31.4781,-28.685],[31.4845,-28.6855],[31.4781,-28.6726]]]},"properties":{"tmax":40.13043462,"brucode":"Vb7a","tmin":1.34673913,"bru_clean":"Vb7","tmean":19.25760864,"map":964.85869565}},
{"type":"Feature","geometry":{"type":"Polygon","coordinates":[[[31.5334,-28.6245],[31.5479,-28.625],[31.5594,-28.6322],[31.5452,-28.6412],[31.5611,-28.6482],[31.5831,-28.6432],[31.5643,-28.6581],[31.5642,-28.6718],[31.5889,-28.6781],[31.5823,-28.6861],[31.5848,-28.6986],[31.5831,-28.7023],[31.5747,-28.7149],[31.5795,-28.7299],[31.5849,-28.7352],[31.5937,-28.7279],[31.5919,-28.719],[31.6008,-28.7132],[31.6148,-28.7149],[31.6311,-28.71],[31.6344,-28.7039],[31.6517,-28.698],[31.6429,-28.6914],[31.6331,-28.6978],[31.6187,-28.6963],[31.6167,-28.688],[31.6199,-28.6755],[31.6044,-28.6642],[31.6089,-28.6563],[31.5991,-28.6514],[31.6058,-28.6429],[31.5986,-28.63],[31.6138,-28.6298],[31.6158,-28.6162],[31.6047,-28.6169],[31.6011,-28.6112],[31.5864,-28.61],[31.5874,-28.6245],[31.57,-28.635],[31.5618,-28.6295],[31.5622,-28.621],[31.5493,-28.6168],[31.5415,-28.6244],[31.5334,-28.6245]]]},"properties":{"tmax":41.89599976,"brucode":"Va2a","tmin":-0.252,"bru_clean":"Va2","tmean":20.46000008,"map":808.09090909}},
{"type":"Feature","geometry":{"type":"Polygon","coordinates":[[[30.5703,-28.6159],[30.5626,-28.6114],[30.556,-28.6168],[30.5611,-28.6254],[30.5714,-28.6229],[30.5849,-28.6327],[30.5959,-28.6162],[30.5907,-28.612],[30.5703,-28.6159]]]},"properties":{"tmax":40.54999924,"brucode":"Vc19","tmin":-2.10000002,"bru_clean":"Vc19","tmean":18.84999943,"map":667}},
{"type":"Feature","geometry":{"type":"Polygon","coordinates":[[[31.8837,-28.6329],[31.8655,-28.6386],[31.851,-28.6466],[31.836,-28.6579],[31.8203,-28.657],[31.8114,-28.6709],[31.81,-28.6801],[31.8018,-28.6825],[31.7862,-28.7106],[31.7836,-28.7216],[31.7871,-28.7304],[31.7993,-28.7301],[31.8223,-28.7236],[31.8393,-28.7101],[31.8645,-28.7052],[31.8662,-28.6961],[31.8802,-28.699],[31.8852,-28.6897],[31.8939,-28.6862],[31.8981,-28.6755],[31.8984,-28.6633],[31.9031,-28.6554],[31.9021,-28.6462],[31.8962,-28.6402],[31.8736,-28.644],[31.8837,-28.6329]]]},"properties":{"tmax":41.97500019,"brucode":"Ya7","tmin":2.34999999,"bru_clean":"Ya7","tmean":21.21500025,"map":976.15}},
{"type":"Feature","geometry":{"type":"Polygon","coordinates":[[[29.6587,-28.7409],[29.6627,-28.7462],[29.6845,-28.7428],[29.689,-28.7381],[29.7028,-28.7372],[29.7187,-28.7299],[29.73,-28.7332],[29.7418,-28.7309],[29.7652,-28.7339],[29.7668,-28.7251],[29.7778,-28.7227],[29.7783,-28.7157],[29.7886,-28.7111],[29.7902,-28.7038],[29.8061,-28.6984],[29.8028,-28.6816],[29.808,-28.6744],[29.8274,-28.6777],[29.8234,-28.6676],[29.8158,-28.6603],[29.8028,-28.6606],[29.7986,-28.6526],[29.8058,-28.645],[29.7936,-28.6405],[29.7779,-28.6397],[29.777,-28.6446],[29.783,-28.66],[29.7767,-28.6639],[29.7586,-28.6546],[29.7379,-28.6845],[29.7385,-28.6955],[29.7091,-28.698],[29.701,-28.6909],[29.6839,-28.7013],[29.6702,-28.6987],[29.6693,-28.6903],[29.6504,-28.7074],[29.6573,-28.7178],[29.6502,-28.7275],[29.6587,-28.7409]]]},"properties":{"tmax":39.78666662,"brucode":"UVc1","tmin":-6.80333331,"bru_clean":"UVc1","tmean":17.67999999,"map":724.61290323}},
{"type":"Feature","geometry":{"type":"Polygon","coordinates":[[[30.7097,-28.6947],[30.7374,-28.6984],[30.7471,-28.7012],[30.7589,-28.6972],[30.7694,-28.6854],[30.7761,-28.6868],[30.7941,-28.6837],[30.8054,-28.6928],[30.8137,-28.6875],[30.8197,-28.6717],[30.8272,-28.6673],[30.8319,-28.6888],[30.8468,-28.686],[30.8618,-28.69],[30.8724,-28.6847],[30.8804,-28.6879],[30.892,-28.6729],[30.9082,-28.6898],[30.9121,-28.6964],[30.9215,-28.6951],[30.9096,-28.6839],[30.9128,-28.6633],[30.9063,-28.6489],[30.8918,-28.6457],[30.8635,-28.6515],[30.858,-28.6421],[30.8319,-28.6444],[30.8195,-28.6409],[30.8177,-28.6477],[30.8071,-28.6566],[30.8028,-28.6647],[30.7663,-28.641],[30.7497,-28.647],[30.7466,-28.6535],[30.7516,-28.6651],[30.7444,-28.676],[30.7143,-28.6864],[30.7124,-28.6804],[30.7064,-28.6862],[30.7097,-28.6947]]]},"properties":{"tmax":37.28076935,"brucode":"Zc2","tmin":-1.43461541,"bru_clean":"Zc2","tmean":17.45000003,"map":1194.84615385}},
{"type":"Feature","geometry":{"type":"Polygon","coordinates":[[[29.9146,-28.6772],[29.901,-28.6754],[29.8817,-28.6672],[29.8744,-28.6702],[29.8816,-28.6791],[29.8856,-28.6955],[29.8795,-28.7084],[29.8717,-28.7034],[29.8526,-28.702],[29.8582,-28.7144],[29.8632,-28.711],[29.8932,-28.7146],[29.8974,-28.7117],[29.9182,-28.7156],[29.9318,-28.7303],[29.9366,-28.7399],[29.945,-28.745],[29.9758,-28.7441],[29.9939,-28.7455],[30.0239,-28.7378],[30.0355,-28.7414],[30.0341,-28.7271],[30.0162,-28.7208],[30.0142,-28.7095],[30.0232,-28.7056],[30.0341,-28.7146],[30.0546,-28.7158],[30.0508,-28.7067],[30.0351,-28.7075],[30.0294,-28.7022],[30.0365,-28.6902],[30.0189,-28.6918],[30.0085,-28.6968],[30.0028,-28.6755],[29.9903,-28.6725],[29.9812,-28.6547],[29.9689,-28.6562],[29.9651,-28.6685],[29.9391,-28.6807],[29.9242,-28.6838],[29.9146,-28.6772]]]},"properties":{"tmax":39.76893951,"brucode":"TUc5b","tmin":-5.8242424,"bru_clean":"TUc5","tmean":18.1045453,"map":739.80152672}},
{"type":"Feature","geometry":{"type":"Polygon","coordinates":[[[30.6308,-28.6603],[30.616,-28.6597],[30.594,-28.6686],[30.5816,-28.6648],[30.5698,-28.6557],[30.5667,-28.6671],[30.5561,-28.6731],[30.5542,-28.6625],[30.5578,-28.6477],[30.5379,-28.6534],[30.5261,-28.6503],[30.5078,-28.655],[30.5144,-28.6641],[30.4986,-28.6835],[30.4879,-28.6779],[30.4808,-28.682],[30.4906,-28.6964],[30.4822,-28.7011],[30.4816,-28.7109],[30.4879,-28.7124],[30.4989,-28.7237],[30.5064,-28.717],[30.5121,-28.7271],[30.5314,-28.7315],[30.5226,-28.7156],[30.5407,-28.7113],[30.5598,-28.7258],[30.5678,-28.7356],[30.5714,-28.7198],[30.579,-28.715],[30.5838,-28.7007],[30.5805,-28.6938],[30.5896,-28.6902],[30.5966,-28.6948],[30.6079,-28.6806],[30.6216,-28.6761],[30.6335,-28.6773],[30.6283,-28.6673],[30.6308,-28.6603]]]},"properties":{"tmax":39.66800003,"brucode":"Vc20","tmin":-2.19600001,"bru_clean":"Vc20","tmean":18.20800011,"map":620.84615385}},
{"type":"Feature","geometry":{"type":"Polygon","coordinates":[[[30.7048,-28.6989],[30.7113,-28.7065],[30.7309,-28.7069],[30.7366,-28.7031],[30.7571,-28.7137],[30.7607,-28.7047],[30.7953,-28.7092],[30.8267,-28.7028],[30.8364,-28.7076],[30.8296,-28.7166],[30.8143,-28.7186],[30.8131,-28.7263],[30.8353,-28.7266],[30.843,-28.7143],[30.8665,-28.7115],[30.8732,-28.715],[30.893,-28.7133],[30.9072,-28.7064],[30.9121,-28.6964],[30.9082,-28.6898],[30.892,-28.6729],[30.8804,-28.6879],[30.8724,-28.6847],[30.8618,-28.69],[30.8468,-28.686],[30.8319,-28.6888],[30.8272,-28.6673],[30.8197,-28.6717],[30.8137,-28.6875],[30.8054,-28.6928],[30.7941,-28.6837],[30.7761,-28.6868],[30.7694,-28.6854],[30.7589,-28.6972],[30.7471,-28.7012],[30.7374,-28.6984],[30.7097,-28.6947],[30.7048,-28.6989]]]},"properties":{"tmax":37.92142841,"brucode":"Wb4","tmin":-0.33571428,"bru_clean":"Wb4","tmean":18.47857135,"map":946.57142857}},
{"type":"Feature","geometry":{"type":"Polygon","coordinates":[[[30.296,-28.6655],[30.3013,-28.6705],[30.3004,-28.6849],[30.2831,-28.6891],[30.2702,-28.6657],[30.2598,-28.6749],[30.2557,-28.6862],[30.2603,-28.6941],[30.2683,-28.6969],[30.2618,-28.7173],[30.2526,-28.7227],[30.2535,-28.7298],[30.2377,-28.7356],[30.1956,-28.7339],[30.1767,-28.7378],[30.164,-28.7375],[30.1615,-28.7444],[30.151,-28.7486],[30.1405,-28.7413],[30.1467,-28.7366],[30.1488,-28.7191],[30.1355,-28.7128],[30.1339,-28.7206],[30.143,-28.7218],[30.1452,-28.7287],[30.1377,-28.7342],[30.1366,-28.7429],[30.1444,-28.7544],[30.1276,-28.7637],[30.1133,-28.7673],[30.0679,-28.7676],[30.0351,-28.7621],[30.0484,-28.7856],[30.0671,-28.776],[30.0819,-28.784],[30.0835,-28.7949],[30.0773,-28.811],[30.0856,-28.81],[30.0865,-28.7991],[30.092,-28.7877],[30.1095,-28.7811],[30.1213,-28.7712],[30.1352,-28.7706],[30.1511,-28.761],[30.1673,-28.7667],[30.169,-28.7715],[30.1611,-28.7955],[30.1693,-28.7992],[30.1707,-28.7861],[30.1757,-28.7804],[30.1716,-28.7719],[30.1787,-28.7664],[30.1896,-28.7667],[30.2018,-28.7552],[30.2156,-28.7481],[30.2262,-28.7562],[30.2402,-28.7506],[30.2463,-28.7546],[30.2505,-28.7499],[30.2507,-28.7384],[30.2722,-28.7356],[30.2855,-28.7386],[30.2879,-28.728],[30.2815,-28.7229],[30.275,-28.708],[30.2812,-28.6995],[30.296,-28.7108],[30.2938,-28.7168],[30.3007,-28.7273],[30.3045,-28.7431],[30.3299,-28.749],[30.3303,-28.7693],[30.3427,-28.7673],[30.3647,-28.775],[30.3713,-28.7734],[30.3948,-28.775],[30.4189,-28.7732],[30.4245,-28.7768],[30.4253,-28.7955],[30.4382,-28.804],[30.4439,-28.8013],[30.4384,-28.7907],[30.4423,-28.7871],[30.4555,-28.7904],[30.4587,-28.7987],[30.4679,-28.7986],[30.4755,-28.7917],[30.4736,-28.7716],[30.463,-28.7656],[30.4531,-28.7647],[30.4459,-28.7551],[30.4812,-28.7559],[30.4875,-28.7602],[30.4915,-28.7767],[30.4986,-28.7729],[30.5139,-28.7758],[30.5265,-28.7611],[30.5482,-28.7613],[30.5618,-28.7576],[30.5654,-28.7612],[30.566,-28.7856],[30.5575,-28.7926],[30.557,-28.8002],[30.5503,-28.8064],[30.536,-28.8099],[30.5209,-28.8061],[30.5126,-28.8108],[30.5119,-28.8178],[30.5231,-28.8283],[30.5076,-28.8524],[30.5004,-28.8487],[30.4893,-28.8509],[30.4804,-28.8592],[30.4886,-28.8565],[30.5001,-28.8647],[30.5087,-28.8615],[30.5179,-28.8668],[30.5279,-28.8652],[30.5407,-28.874],[30.5534,-28.8888],[30.5404,-28.9099],[30.5576,-28.9153],[30.5648,-28.927],[30.5777,-28.9324],[30.5964,-28.9347],[30.5934,-28.944],[30.5996,-28.9465],[30.6053,-28.9346],[30.6017,-28.9278],[30.6077,-28.9138],[30.5937,-28.9068],[30.588,-28.9101],[30.5748,-28.9022],[30.5654,-28.891],[30.5727,-28.8839],[30.5579,-28.8794],[30.5559,-28.8637],[30.5621,-28.8582],[30.5573,-28.8465],[30.5511,-28.8448],[30.5405,-28.8344],[30.5361,-28.8243],[30.5466,-28.8201],[30.5575,-28.8272],[30.5694,-28.8206],[30.578,-28.8205],[30.5851,-28.8059],[30.5742,-28.8021],[30.5714,-28.7901],[30.5907,-28.7932],[30.5937,-28.7801],[30.5877,-28.7674],[30.5786,-28.7576],[30.5681,-28.7518],[30.5551,-28.7488],[30.5131,-28.7504],[30.5118,-28.7694],[30.5012,-28.7684],[30.4949,-28.7545],[30.4796,-28.7448],[30.4539,-28.7467],[30.4418,-28.7402],[30.4363,-28.7433],[30.3751,-28.739],[30.3571,-28.7316],[30.3519,-28.7404],[30.3426,-28.7318],[30.3251,-28.7278],[30.3168,-28.7139],[30.3251,-28.6989],[30.3504,-28.6961],[30.3479,-28.6871],[30.32,-28.668],[30.3202,-28.6634],[30.305,-28.6583],[30.296,-28.6655]]]},"properties":{"tmax":41.50795434,"brucode":"Sb1","tmin":-3.40000001,"bru_clean":"Sb1","tmean":19.38636372,"map":704.44318182}},
{"type":"Feature","geometry":{"type":"Polygon","coordinates":[[[30.168,-28.6784],[30.1566,-28.6688],[30.1558,-28.6799],[30.168,-28.6784]]]},"properties":{"tmax":39.59999847,"brucode":"Yd12","tmin":-4.80000019,"bru_clean":"Yd12","tmean":18.10000038,"map":714}},
{"type":"Feature","geometry":{"type":"Polygon","coordinates":[[[29.1796,-28.7469],[29.1652,-28.7486],[29.1495,-28.7417],[29.1439,-28.7315],[29.1258,-28.7541],[29.1138,-28.7519],[29.1215,-28.739],[29.1044,-28.7349],[29.1012,-28.7294],[29.1126,-28.7213],[29.1082,-28.7139],[29.1103,-28.6865],[29.0891,-28.6716],[29.0894,-28.6806],[29.0985,-28.6936],[29.0989,-28.7044],[29.0878,-28.7163],[29.0861,-28.7391],[29.0791,-28.7362],[29.0767,-28.7236],[29.0637,-28.7216],[29.0688,-28.7066],[29.0732,-28.7027],[29.0577,-28.6929],[29.038,-28.6924],[29.0297,-28.6836],[29.0244,-28.6885],[29.0137,-28.6895],[29.0063,-28.7099],[29.01,-28.7182],[29.0032,-28.7447],[29.0094,-28.7392],[29.0106,-28.7262],[29.0206,-28.7148],[29.0144,-28.7061],[29.0247,-28.6978],[29.0412,-28.7006],[29.0464,-28.705],[29.0578,-28.7002],[29.0629,-28.7032],[29.0578,-28.7147],[29.0488,-28.7211],[29.0545,-28.7318],[29.046,-28.7455],[29.0569,-28.7449],[29.065,-28.738],[29.0746,-28.738],[29.0858,-28.7475],[29.0935,-28.74],[29.1051,-28.7461],[29.1015,-28.7573],[29.1184,-28.7656],[29.1306,-28.7632],[29.1383,-28.7548],[29.1427,-28.7648],[29.1409,-28.7809],[29.1571,-28.7882],[29.1513,-28.7951],[29.1301,-28.7864],[29.1229,-28.7759],[29.0992,-28.7698],[29.084,-28.7635],[29.0755,-28.7656],[29.0737,-28.7812],[29.0891,-28.7957],[29.0839,-28.8016],[29.07,-28.7991],[29.0637,-28.8016],[29.0548,-28.7903],[29.0487,-28.7895],[29.0324,-28.7734],[29.0259,-28.789],[29.0142,-28.7834],[29.0074,-28.7893],[29.0169,-28.7991],[29.0037,-28.8065],[29.0203,-28.8156],[29.0338,-28.816],[29.0258,-28.8267],[29.0138,-28.8275],[29.0248,-28.8393],[29.0365,-28.8386],[29.045,-28.8258],[29.0525,-28.8257],[29.0679,-28.8325],[29.0858,-28.8318],[29.0859,-28.8395],[29.0942,-28.8445],[29.0888,-28.863],[29.0791,-28.8655],[29.0927,-28.8746],[29.1046,-28.8686],[29.1191,-28.8313],[29.1303,-28.8339],[29.1271,-28.848],[29.1379,-28.8632],[29.1445,-28.8515],[29.1599,-28.8379],[29.1798,-28.8351],[29.187,-28.8418],[29.1858,-28.8511],[29.1957,-28.8707],[29.2084,-28.8609],[29.2175,-28.8621],[29.2274,-28.8618],[29.242,-28.8486],[29.2417,-28.8314],[29.25,-28.8183],[29.2584,-28.8266],[29.2577,-28.8366],[29.2527,-28.8458],[29.2565,-28.843],[29.2634,-28.8378],[29.2662,-28.827],[29.2616,-28.8174],[29.268,-28.8147],[29.2693,-28.7988],[29.2476,-28.8125],[29.2342,-28.8289],[29.2341,-28.8389],[29.2197,-28.8427],[29.218,-28.8267],[29.2101,-28.8165],[29.1913,-28.815],[29.1741,-28.8209],[29.1512,-28.8163],[29.1521,-28.8249],[29.1445,-28.8279],[29.1419,-28.8167],[29.1146,-28.8172],[29.1022,-28.8209],[29.0905,-28.8208],[29.0669,-28.8169],[29.0733,-28.8115],[29.0971,-28.8166],[29.1126,-28.8063],[29.1137,-28.7987],[29.1069,-28.7911],[29.1193,-28.7883],[29.1229,-28.8006],[29.1375,-28.8008],[29.1523,-28.8042],[29.1805,-28.8055],[29.1921,-28.7985],[29.2007,-28.7896],[29.2141,-28.7859],[29.1855,-28.7891],[29.1701,-28.7829],[29.155,-28.7836],[29.1548,-28.7743],[29.1635,-28.7686],[29.1608,-28.7624],[29.1693,-28.7536],[29.1772,-28.7556],[29.1796,-28.7469]]]},"properties":{"tmax":37.9519233,"brucode":"Yd9","tmin":-6.07115382,"bru_clean":"Yd9","tmean":16.86730766,"map":1080.19230769}},
{"type":"Feature","geometry":{"type":"Polygon","coordinates":[[[31.4898,-28.6838],[31.4909,-28.6934],[31.5143,-28.6966],[31.5313,-28.7063],[31.5262,-28.6918],[31.5339,-28.6877],[31.5434,-28.7044],[31.5541,-28.7033],[31.5584,-28.6964],[31.5594,-28.685],[31.548,-28.6848],[31.5503,-28.6949],[31.544,-28.7006],[31.5378,-28.6868],[31.5383,-28.6791],[31.5319,-28.6721],[31.5214,-28.6768],[31.5247,-28.6855],[31.5173,-28.6928],[31.4898,-28.6838]]]},"properties":{"tmax":40.13043462,"brucode":"Vb7d","tmin":1.34673913,"bru_clean":"Vb7","tmean":19.25760864,"map":964.85869565}},
{"type":"Feature","geometry":{"type":"Polygon","coordinates":[[[30.7148,-28.7341],[30.7085,-28.738],[30.6935,-28.7369],[30.6676,-28.748],[30.6489,-28.7395],[30.6286,-28.7396],[30.6034,-28.7429],[30.5945,-28.7415],[30.5681,-28.7518],[30.5786,-28.7576],[30.5877,-28.7674],[30.5937,-28.7801],[30.5907,-28.7932],[30.5714,-28.7901],[30.5742,-28.8021],[30.5851,-28.8059],[30.578,-28.8205],[30.5694,-28.8206],[30.5575,-28.8272],[30.5466,-28.8201],[30.5361,-28.8243],[30.5405,-28.8344],[30.5511,-28.8448],[30.5573,-28.8465],[30.5621,-28.8582],[30.5559,-28.8637],[30.5579,-28.8794],[30.5727,-28.8839],[30.5654,-28.891],[30.5748,-28.9022],[30.5895,-28.8997],[30.5753,-28.8911],[30.5887,-28.8872],[30.5834,-28.8679],[30.585,-28.851],[30.5923,-28.8439],[30.5973,-28.8326],[30.5862,-28.821],[30.5948,-28.8164],[30.6001,-28.8037],[30.6093,-28.809],[30.6095,-28.8173],[30.6199,-28.8204],[30.636,-28.8438],[30.6447,-28.8439],[30.6515,-28.8639],[30.667,-28.8523],[30.6687,-28.8466],[30.6803,-28.8455],[30.6873,-28.8661],[30.6995,-28.8683],[30.6983,-28.8533],[30.7047,-28.8466],[30.6828,-28.838],[30.6719,-28.8375],[30.6684,-28.8266],[30.6766,-28.8196],[30.6764,-28.8074],[30.6719,-28.7923],[30.6629,-28.7877],[30.6664,-28.7792],[30.6795,-28.7838],[30.6886,-28.8136],[30.6876,-28.8291],[30.7002,-28.8339],[30.7001,-28.825],[30.7107,-28.8218],[30.7238,-28.8244],[30.7333,-28.8214],[30.7568,-28.8461],[30.7662,-28.8387],[30.7622,-28.8232],[30.7705,-28.8136],[30.7624,-28.7909],[30.754,-28.7776],[30.7588,-28.7715],[30.7745,-28.7801],[30.7718,-28.794],[30.788,-28.797],[30.7826,-28.7851],[30.7832,-28.7649],[30.7781,-28.7572],[30.778,-28.7444],[30.8075,-28.7449],[30.8078,-28.7513],[30.7958,-28.7562],[30.7857,-28.7715],[30.7917,-28.7932],[30.798,-28.7869],[30.819,-28.7867],[30.8261,-28.7842],[30.84,-28.7759],[30.8433,-28.7719],[30.8566,-28.777],[30.8711,-28.7662],[30.8677,-28.756],[30.8669,-28.7463],[30.8564,-28.7386],[30.8551,-28.7303],[30.8441,-28.7253],[30.8447,-28.7452],[30.8553,-28.7639],[30.8453,-28.7651],[30.836,-28.7574],[30.8396,-28.7511],[30.8353,-28.7266],[30.8131,-28.7263],[30.8143,-28.7186],[30.8296,-28.7166],[30.8364,-28.7076],[30.8267,-28.7028],[30.7953,-28.7092],[30.7607,-28.7047],[30.7571,-28.7137],[30.7366,-28.7031],[30.7309,-28.7069],[30.7113,-28.7065],[30.7048,-28.6989],[30.6974,-28.6878],[30.685,-28.6806],[30.6764,-28.688],[30.6894,-28.6964],[30.6979,-28.7155],[30.7159,-28.7195],[30.7318,-28.7155],[30.733,-28.7204],[30.7192,-28.7254],[30.7148,-28.7341]]]},"properties":{"tmax":39.41428574,"brucode":"STb2","tmin":-2.56938776,"bru_clean":"STb2","tmean":18.71428571,"map":681.65979381}},
{"type":"Feature","geometry":{"type":"Polygon","coordinates":[[[32.0022,-28.6889],[31.9917,-28.6831],[31.9681,-28.6948],[31.9501,-28.7016],[31.9496,-28.71],[31.9413,-28.7182],[31.9426,-28.737],[31.9334,-28.7482],[31.9105,-28.7598],[31.8961,-28.7732],[31.8945,-28.7919],[31.9042,-28.7907],[31.9063,-28.7774],[31.919,-28.7737],[31.9242,-28.7774],[31.9146,-28.7876],[31.9118,-28.7958],[31.9029,-28.7992],[31.9033,-28.8064],[31.8919,-28.806],[31.8846,-28.8215],[31.8866,-28.839],[31.9083,-28.8272],[31.918,-28.8191],[31.9292,-28.797],[31.9264,-28.7876],[31.9365,-28.7756],[31.9485,-28.7702],[31.952,-28.7614],[31.9647,-28.7463],[31.9689,-28.7323],[31.9855,-28.724],[31.9987,-28.694],[32.0019,-28.6912],[32.0022,-28.6889]]]},"properties":{"tmax":42.22500038,"brucode":"Za7","tmin":3.69999997,"bru_clean":"Za7","tmean":21.58125019,"map":1097.1875}},
{"type":"Feature","geometry":{"type":"Polygon","coordinates":[[[31.5584,-28.6964],[31.5541,-28.7033],[31.5434,-28.7044],[31.5339,-28.6877],[31.5262,-28.6918],[31.5313,-28.7063],[31.5143,-28.6966],[31.4909,-28.6934],[31.4898,-28.6838],[31.4845,-28.6855],[31.4781,-28.685],[31.4921,-28.7146],[31.5014,-28.7222],[31.497,-28.7296],[31.4528,-28.7396],[31.4633,-28.7475],[31.4477,-28.7512],[31.4403,-28.7392],[31.446,-28.7322],[31.4373,-28.728],[31.4264,-28.7435],[31.4225,-28.7324],[31.4132,-28.7239],[31.4024,-28.7288],[31.4097,-28.7356],[31.4222,-28.7557],[31.4099,-28.7603],[31.4133,-28.7634],[31.4342,-28.7561],[31.4565,-28.759],[31.4707,-28.7507],[31.4713,-28.7417],[31.5104,-28.7257],[31.5124,-28.718],[31.5234,-28.7185],[31.5485,-28.71],[31.5831,-28.7023],[31.5848,-28.6986],[31.559,-28.6998],[31.5584,-28.6964]]]},"properties":{"tmax":42.02727231,"brucode":"Ua3","tmin":-0.00909091,"bru_clean":"Ua3","tmean":20.50909077,"map":772.41666667}},
{"type":"Feature","geometry":{"type":"Polygon","coordinates":[[[32.0019,-28.6912],[31.9987,-28.694],[31.9855,-28.724],[31.9689,-28.7323],[31.9647,-28.7463],[31.952,-28.7614],[31.9485,-28.7702],[31.9365,-28.7756],[31.9264,-28.7876],[31.9292,-28.797],[31.918,-28.8191],[31.9083,-28.8272],[31.8866,-28.839],[31.8722,-28.8389],[31.864,-28.8454],[31.8807,-28.8502],[31.9028,-28.8508],[31.9103,-28.8478],[31.9188,-28.8384],[31.9333,-28.8283],[31.9372,-28.8155],[31.9566,-28.8078],[31.9712,-28.8151],[31.9758,-28.8259],[31.9876,-28.8272],[31.9866,-28.8345],[32.0015,-28.8407],[32.0121,-28.8546],[32.0293,-28.847],[32.014,-28.8405],[31.9991,-28.8246],[32.0064,-28.8173],[32.0315,-28.8212],[32.0365,-28.8123],[32.0296,-28.8074],[32.0378,-28.7916],[32.0501,-28.7917],[32.0682,-28.7985],[32.0806,-28.7931],[32.0911,-28.7941],[32.085,-28.7761],[32.1071,-28.7735],[32.1128,-28.7619],[32.1239,-28.7706],[32.1292,-28.7673],[32.1211,-28.7577],[32.1296,-28.7542],[32.1339,-28.737],[32.1441,-28.7287],[32.1433,-28.7119],[32.1297,-28.7298],[32.1086,-28.745],[32.0915,-28.7485],[32.0835,-28.7467],[32.0693,-28.7507],[32.0759,-28.7594],[32.0702,-28.773],[32.0553,-28.7687],[32.0338,-28.7742],[32.0154,-28.7759],[32.0013,-28.7809],[31.9916,-28.7791],[31.9755,-28.7819],[31.9634,-28.7746],[31.9683,-28.7657],[31.9748,-28.7648],[31.9826,-28.7541],[31.9803,-28.7462],[31.9921,-28.7311],[31.9994,-28.7179],[31.997,-28.7073],[32.0026,-28.6993],[32.0019,-28.6912]]]},"properties":{"tmax":41.70810813,"brucode":"Za8a","tmin":4.83783782,"bru_clean":"Za8","tmean":21.74324309,"map":1165.02439024}},
{"type":"Feature","geometry":{"type":"Polygon","coordinates":[[[31.0411,-28.7155],[31.0339,-28.7193],[31.0578,-28.7343],[31.0752,-28.7294],[31.0706,-28.7404],[31.0841,-28.7454],[31.1077,-28.7434],[31.1209,-28.7461],[31.1192,-28.7516],[31.1368,-28.7536],[31.1689,-28.762],[31.2012,-28.7534],[31.1984,-28.7441],[31.1889,-28.7372],[31.1819,-28.7463],[31.173,-28.7427],[31.1775,-28.7355],[31.1746,-28.7174],[31.1566,-28.7032],[31.1442,-28.7041],[31.1202,-28.7013],[31.1172,-28.6959],[31.1049,-28.6969],[31.0955,-28.707],[31.0755,-28.7063],[31.0647,-28.7139],[31.0596,-28.7238],[31.0519,-28.7249],[31.0411,-28.7155]]]},"properties":{"tmax":38.80000008,"brucode":"Zc3","tmin":-1.21111111,"bru_clean":"Zc3","tmean":17.77777767,"map":1104.05555556}},
{"type":"Feature","geometry":{"type":"Polygon","coordinates":[[[30.9295,-28.6943],[30.9215,-28.6951],[30.9121,-28.6964],[30.9072,-28.7064],[30.893,-28.7133],[30.8732,-28.715],[30.8665,-28.7115],[30.843,-28.7143],[30.8353,-28.7266],[30.8396,-28.7511],[30.836,-28.7574],[30.8462,-28.7587],[30.8404,-28.7422],[30.8404,-28.7234],[30.8562,-28.7252],[30.8641,-28.735],[30.8726,-28.7311],[30.8768,-28.7196],[30.8886,-28.716],[30.912,-28.7164],[30.9245,-28.7229],[30.9296,-28.7152],[30.9482,-28.7151],[30.9465,-28.707],[30.9295,-28.6943]]]},"properties":{"tmax":37.91666794,"brucode":"Wc18","tmin":0.45,"bru_clean":"Wc18","tmean":18.76666609,"map":1033.83333333}},
{"type":"Feature","geometry":{"type":"Polygon","coordinates":[[[31.6344,-28.7039],[31.6311,-28.71],[31.6148,-28.7149],[31.6008,-28.7132],[31.5919,-28.719],[31.5937,-28.7279],[31.5849,-28.7352],[31.5795,-28.7299],[31.5747,-28.7149],[31.5831,-28.7023],[31.5485,-28.71],[31.5234,-28.7185],[31.5124,-28.718],[31.5104,-28.7257],[31.4713,-28.7417],[31.4707,-28.7507],[31.4565,-28.759],[31.4342,-28.7561],[31.4133,-28.7634],[31.4099,-28.7603],[31.3919,-28.7643],[31.3739,-28.763],[31.3671,-28.7662],[31.3523,-28.7653],[31.3419,-28.7586],[31.3365,-28.7496],[31.3418,-28.7333],[31.3377,-28.7193],[31.3285,-28.7127],[31.3224,-28.7176],[31.2937,-28.7141],[31.3054,-28.7262],[31.3088,-28.7211],[31.3315,-28.7216],[31.3384,-28.7364],[31.3302,-28.7434],[31.3219,-28.7426],[31.3114,-28.7521],[31.3316,-28.7541],[31.3327,-28.7762],[31.3251,-28.7816],[31.3179,-28.8009],[31.3339,-28.792],[31.3347,-28.7828],[31.3424,-28.7764],[31.3583,-28.7899],[31.3724,-28.7851],[31.3829,-28.7772],[31.391,-28.7795],[31.392,-28.7931],[31.4016,-28.797],[31.4059,-28.8043],[31.4123,-28.792],[31.4244,-28.8045],[31.4177,-28.8165],[31.4297,-28.8153],[31.4292,-28.7985],[31.4346,-28.7968],[31.4432,-28.7854],[31.4573,-28.8059],[31.4724,-28.8133],[31.4849,-28.8119],[31.4908,-28.8267],[31.5081,-28.8264],[31.5122,-28.8315],[31.5236,-28.8263],[31.5262,-28.8193],[31.5289,-28.8004],[31.5445,-28.7978],[31.5717,-28.7878],[31.5822,-28.787],[31.5946,-28.7933],[31.603,-28.7931],[31.6126,-28.7845],[31.6129,-28.7736],[31.6072,-28.7591],[31.6167,-28.753],[31.6315,-28.7586],[31.6425,-28.7585],[31.642,-28.7492],[31.6362,-28.7327],[31.6402,-28.7157],[31.6344,-28.7039]]]},"properties":{"tmax":41.56567166,"brucode":"TUa3","tmin":0.9761194,"bru_clean":"TUa3","tmean":20.46567165,"map":851.44117647}},
{"type":"Feature","geometry":{"type":"Polygon","coordinates":[[[29.615,-28.7004],[29.6057,-28.6973],[29.5869,-28.7002],[29.5766,-28.7069],[29.561,-28.7059],[29.5768,-28.7215],[29.585,-28.717],[29.602,-28.7233],[29.6092,-28.7371],[29.6205,-28.7436],[29.642,-28.7458],[29.6454,-28.7421],[29.6397,-28.7299],[29.6174,-28.7272],[29.5992,-28.7172],[29.615,-28.7004]]]},"properties":{"tmax":39.22000046,"brucode":"TUc4","tmin":-5.88000002,"bru_clean":"TUc4","tmean":17.78000031,"map":736.2}},
{"type":"Feature","geometry":{"type":"Polygon","coordinates":[[[29.5454,-28.7757],[29.5592,-28.7834],[29.5771,-28.8011],[29.5915,-28.8076],[29.5887,-28.8307],[29.5921,-28.8378],[29.6077,-28.8458],[29.6162,-28.8586],[29.6164,-28.8649],[29.6243,-28.8719],[29.6101,-28.8838],[29.6014,-28.897],[29.6009,-28.9027],[29.5826,-28.9132],[29.569,-28.9255],[29.573,-28.9407],[29.5677,-28.9607],[29.5757,-28.9736],[29.5888,-28.9659],[29.5981,-28.9669],[29.6046,-28.9786],[29.6215,-28.9867],[29.6264,-28.979],[29.6358,-28.9809],[29.636,-28.9967],[29.6555,-28.9987],[29.6556,-29.0072],[29.6401,-29.0097],[29.6326,-29.02],[29.6326,-29.0261],[29.6516,-29.0291],[29.6588,-29.0169],[29.6665,-29.0185],[29.682,-29.0114],[29.6843,-29.0023],[29.6946,-29.0013],[29.7041,-29.0051],[29.7088,-29.0165],[29.7216,-29.0329],[29.7304,-29.0401],[29.7468,-29.0252],[29.7628,-29.0283],[29.7698,-29.0325],[29.78,-29.0292],[29.7802,-29.0184],[29.7698,-29.0091],[29.7691,-29],[29.7626,-28.9889],[29.7762,-28.9836],[29.7841,-28.9771],[29.7917,-28.9857],[29.8008,-28.9704],[29.8095,-28.9786],[29.816,-28.9924],[29.8349,-28.9806],[29.8431,-28.9847],[29.8518,-28.9749],[29.8495,-28.9695],[29.8542,-28.9547],[29.853,-28.9414],[29.8471,-28.9331],[29.8344,-28.9256],[29.8295,-28.9079],[29.8158,-28.8874],[29.7949,-28.8725],[29.7906,-28.8628],[29.8041,-28.8502],[29.8095,-28.8488],[29.8156,-28.8369],[29.8132,-28.8079],[29.8264,-28.8061],[29.8444,-28.8076],[29.8497,-28.7944],[29.8469,-28.7854],[29.8573,-28.7724],[29.8766,-28.7625],[29.8687,-28.7596],[29.8531,-28.7424],[29.8517,-28.7238],[29.8582,-28.7144],[29.8526,-28.702],[29.8412,-28.7036],[29.832,-28.698],[29.8279,-28.7048],[29.8199,-28.7055],[29.8061,-28.6984],[29.7902,-28.7038],[29.7886,-28.7111],[29.7783,-28.7157],[29.7778,-28.7227],[29.7668,-28.7251],[29.7652,-28.7339],[29.7418,-28.7309],[29.73,-28.7332],[29.7187,-28.7299],[29.7028,-28.7372],[29.689,-28.7381],[29.6845,-28.7428],[29.6627,-28.7462],[29.6587,-28.7409],[29.6449,-28.7533],[29.6196,-28.7525],[29.6091,-28.7469],[29.5925,-28.7594],[29.592,-28.7476],[29.5745,-28.751],[29.5702,-28.7657],[29.5655,-28.7701],[29.547,-28.7676],[29.5454,-28.7757]]]},"properties":{"tmax":38.70708327,"brucode":"TUc6","tmin":-6.27874999,"bru_clean":"TUc6","tmean":17.36333341,"map":723.28991597}},
{"type":"Feature","geometry":{"type":"Polygon","coordinates":[[[30.2549,-28.7464],[30.2589,-28.743],[30.2852,-28.7417],[30.2994,-28.7522],[30.3038,-28.7452],[30.3158,-28.7492],[30.3042,-28.761],[30.3142,-28.7706],[30.3272,-28.7768],[30.3205,-28.7848],[30.3382,-28.7997],[30.3449,-28.7937],[30.338,-28.7873],[30.3464,-28.7778],[30.3541,-28.7791],[30.3594,-28.7866],[30.3708,-28.781],[30.3766,-28.792],[30.3844,-28.7915],[30.3909,-28.7975],[30.4029,-28.7814],[30.409,-28.7773],[30.4194,-28.7921],[30.4196,-28.8032],[30.4323,-28.8044],[30.4338,-28.8121],[30.4137,-28.8216],[30.4097,-28.8262],[30.416,-28.8376],[30.4193,-28.8439],[30.4311,-28.8476],[30.4322,-28.8569],[30.4087,-28.8457],[30.415,-28.8652],[30.4106,-28.8751],[30.4143,-28.8832],[30.403,-28.8873],[30.3847,-28.8768],[30.3803,-28.8864],[30.3704,-28.8981],[30.3884,-28.9066],[30.3959,-28.8992],[30.404,-28.9114],[30.4191,-28.9027],[30.4352,-28.899],[30.441,-28.8846],[30.4415,-28.8696],[30.4482,-28.8678],[30.4637,-28.8559],[30.4804,-28.8592],[30.4893,-28.8509],[30.5004,-28.8487],[30.5076,-28.8524],[30.5231,-28.8283],[30.5119,-28.8178],[30.5126,-28.8108],[30.5209,-28.8061],[30.536,-28.8099],[30.5503,-28.8064],[30.557,-28.8002],[30.5575,-28.7926],[30.566,-28.7856],[30.5654,-28.7612],[30.5618,-28.7576],[30.5482,-28.7613],[30.5265,-28.7611],[30.5139,-28.7758],[30.4986,-28.7729],[30.4915,-28.7767],[30.4875,-28.7602],[30.4812,-28.7559],[30.4459,-28.7551],[30.4531,-28.7647],[30.463,-28.7656],[30.4736,-28.7716],[30.4755,-28.7917],[30.4679,-28.7986],[30.4587,-28.7987],[30.4555,-28.7904],[30.4423,-28.7871],[30.4384,-28.7907],[30.4439,-28.8013],[30.4382,-28.804],[30.4253,-28.7955],[30.4245,-28.7768],[30.4189,-28.7732],[30.3948,-28.775],[30.3713,-28.7734],[30.3647,-28.775],[30.3427,-28.7673],[30.3303,-28.7693],[30.3299,-28.749],[30.3045,-28.7431],[30.3007,-28.7273],[30.2938,-28.7168],[30.296,-28.7108],[30.2812,-28.6995],[30.275,-28.708],[30.2815,-28.7229],[30.2879,-28.728],[30.2855,-28.7386],[30.2722,-28.7356],[30.2507,-28.7384],[30.2505,-28.7499],[30.2463,-28.7546],[30.2549,-28.7464]]]},"properties":{"tmax":41.79130455,"brucode":"STb1","tmin":-3.30869567,"bru_clean":"STb1","tmean":19.21304346,"map":709.47826087}},
{"type":"Feature","geometry":{"type":"Polygon","coordinates":[[[28.8995,-28.7058],[28.8913,-28.7465],[28.8815,-28.7516],[28.8852,-28.7594],[28.8748,-28.7677],[28.8768,-28.7731],[28.8875,-28.7741],[28.9033,-28.7594],[28.9114,-28.7602],[28.915,-28.7687],[28.9329,-28.7752],[28.9443,-28.7829],[28.9382,-28.7938],[28.9495,-28.8032],[28.9229,-28.8121],[28.9251,-28.8171],[28.9487,-28.8289],[28.9459,-28.8445],[28.9531,-28.8516],[28.9393,-28.8599],[28.9487,-28.8684],[28.9628,-28.871],[28.9589,-28.878],[28.9646,-28.8873],[28.9743,-28.8912],[28.9744,-28.9071],[28.9792,-28.9133],[28.991,-28.9141],[28.9938,-28.905],[29.012,-28.8974],[29.0111,-28.8841],[29.0193,-28.8832],[29.0288,-28.8877],[29.0288,-28.8971],[29.0395,-28.9063],[29.0413,-28.9144],[29.0629,-28.9154],[29.0729,-28.9222],[29.0764,-28.9311],[29.0977,-28.9403],[29.1015,-28.948],[29.1115,-28.9525],[29.1281,-28.9647],[29.1244,-28.9796],[29.1344,-28.9844],[29.1508,-28.9875],[29.1579,-29.0014],[29.1774,-29.0026],[29.1849,-29.0124],[29.1996,-29.0144],[29.2152,-29.0254],[29.2123,-29.0357],[29.2161,-29.0486],[29.2259,-29.0493],[29.2282,-29.0628],[29.2357,-29.0704],[29.2529,-29.082],[29.2588,-29.0903],[29.2794,-29.0754],[29.3081,-29.0764],[29.3261,-29.097],[29.3383,-29.1071],[29.3562,-29.1272],[29.3573,-29.1344],[29.3441,-29.1541],[29.3485,-29.1609],[29.3441,-29.1785],[29.3453,-29.1885],[29.3659,-29.2052],[29.3797,-29.202],[29.3983,-29.2064],[29.409,-29.2121],[29.4137,-29.2202],[29.4071,-29.2284],[29.4158,-29.2317],[29.4237,-29.2403],[29.4265,-29.2501],[29.4185,-29.258],[29.4374,-29.2644],[29.4408,-29.2737],[29.4365,-29.286],[29.4429,-29.3008],[29.4384,-29.3094],[29.4513,-29.3208],[29.4554,-29.3413],[29.4659,-29.3481],[29.4795,-29.3453],[29.4938,-29.35],[29.5055,-29.349],[29.5196,-29.358],[29.5244,-29.3709],[29.5292,-29.3741],[29.5266,-29.3584],[29.5155,-29.349],[29.5143,-29.3394],[29.5007,-29.3389],[29.492,-29.3353],[29.4915,-29.3276],[29.4766,-29.3326],[29.4687,-29.3297],[29.4602,-29.3091],[29.4604,-29.299],[29.4555,-29.2933],[29.4555,-29.2822],[29.4666,-29.2712],[29.4538,-29.2661],[29.4523,-29.2606],[29.4397,-29.2506],[29.4397,-29.2381],[29.4327,-29.2316],[29.4358,-29.2187],[29.4285,-29.2023],[29.4127,-29.1937],[29.4038,-29.197],[29.3892,-29.1903],[29.3726,-29.1778],[29.3822,-29.1708],[29.3769,-29.1636],[29.3614,-29.1638],[29.3653,-29.1502],[29.3735,-29.142],[29.381,-29.1241],[29.368,-29.1231],[29.3641,-29.1163],[29.353,-29.1094],[29.3541,-29.1021],[29.3639,-29.0888],[29.3774,-29.0828],[29.3642,-29.0713],[29.3659,-29.0674],[29.355,-29.0558],[29.3356,-29.0674],[29.3283,-29.0529],[29.3218,-29.0544],[29.3004,-29.0505],[29.2927,-29.0536],[29.2702,-29.0564],[29.2598,-29.0529],[29.2571,-29.0589],[29.2434,-29.0563],[29.2383,-29.059],[29.2322,-29.0281],[29.2251,-29.0256],[29.208,-29.0034],[29.1903,-29.0033],[29.1834,-28.9974],[29.1752,-28.9989],[29.1719,-28.9884],[29.1428,-28.9755],[29.1241,-28.9566],[29.123,-28.9512],[29.1397,-28.9489],[29.1402,-28.9419],[29.1329,-28.9299],[29.1381,-28.9186],[29.1209,-28.926],[29.1237,-28.9394],[29.1119,-28.9374],[29.1066,-28.9422],[29.0894,-28.9309],[29.084,-28.9239],[29.0864,-28.9149],[29.0715,-28.9124],[29.0658,-28.9026],[29.0581,-28.9088],[29.0424,-28.902],[29.0504,-28.8944],[29.0364,-28.8833],[29.0422,-28.8743],[29.041,-28.8656],[29.0309,-28.8687],[29.0276,-28.8807],[29.0186,-28.8725],[29.0065,-28.8782],[29.0042,-28.8856],[28.9922,-28.8783],[28.9767,-28.8795],[28.9776,-28.867],[28.9608,-28.8586],[28.9652,-28.8429],[28.9606,-28.8276],[28.9532,-28.8135],[28.9597,-28.8052],[28.9677,-28.785],[28.9552,-28.7782],[28.9436,-28.7653],[28.9405,-28.7489],[28.9323,-28.7467],[28.9167,-28.7549],[28.9108,-28.748],[28.9061,-28.7208],[28.9084,-28.7138],[28.8995,-28.7058]]]},"properties":{"tmax":30.98285721,"brucode":"Zf1","tmin":-11.36428568,"bru_clean":"Zf1","tmean":10.23285713,"map":1468.4057971}},
{"type":"Feature","geometry":{"type":"Polygon","coordinates":[[[30.9465,-28.707],[30.9482,-28.7151],[30.9296,-28.7152],[30.9245,-28.7229],[30.912,-28.7164],[30.8886,-28.716],[30.8768,-28.7196],[30.8726,-28.7311],[30.8641,-28.735],[30.8562,-28.7252],[30.8404,-28.7234],[30.8404,-28.7422],[30.8462,-28.7587],[30.836,-28.7574],[30.8453,-28.7651],[30.8553,-28.7639],[30.8447,-28.7452],[30.8441,-28.7253],[30.8551,-28.7303],[30.8564,-28.7386],[30.8669,-28.7463],[30.8677,-28.756],[30.8747,-28.762],[30.8946,-28.7576],[30.9127,-28.7729],[30.9211,-28.7639],[30.9322,-28.769],[30.9279,-28.7773],[30.9192,-28.7807],[30.9176,-28.7912],[30.9254,-28.7916],[30.9363,-28.7837],[30.9482,-28.7858],[30.9602,-28.7695],[30.9585,-28.7619],[30.9665,-28.7563],[30.9739,-28.762],[30.9685,-28.7761],[30.9815,-28.7784],[30.9909,-28.7757],[30.9961,-28.786],[30.993,-28.8044],[31.0007,-28.8078],[31.0033,-28.8219],[30.997,-28.8315],[31.0171,-28.8256],[31.0136,-28.8134],[31.0251,-28.8042],[31.0291,-28.7947],[31.0396,-28.7977],[31.051,-28.7949],[31.0474,-28.8075],[31.0588,-28.8107],[31.0721,-28.8052],[31.0623,-28.7906],[31.0464,-28.786],[31.0556,-28.7776],[31.0646,-28.7743],[31.0544,-28.7657],[31.0604,-28.7541],[31.0494,-28.7526],[31.0426,-28.7437],[31.0245,-28.7434],[31.0063,-28.739],[31.0047,-28.731],[30.9967,-28.7195],[30.9787,-28.7118],[30.9465,-28.707]]]},"properties":{"tmax":38.50500031,"brucode":"Vb5","tmin":1.455,"bru_clean":"Vb5","tmean":19.33250017,"map":1023.175}},
{"type":"Feature","geometry":{"type":"Polygon","coordinates":[[[31.216,-28.9533],[31.1897,-28.9572],[31.1773,-28.9471],[31.1677,-28.9569],[31.1507,-28.9534],[31.1439,-28.9413],[31.142,-28.9295],[31.1288,-28.9323],[31.1217,-28.9274],[31.1166,-28.9153],[31.1102,-28.9117],[31.1099,-28.8999],[31.116,-28.8844],[31.1235,-28.89],[31.1311,-28.8862],[31.1221,-28.8784],[31.1377,-28.867],[31.1425,-28.8508],[31.1561,-28.8532],[31.1714,-28.8489],[31.1811,-28.8389],[31.1617,-28.8365],[31.1554,-28.8265],[31.1566,-28.8179],[31.1398,-28.8099],[31.1202,-28.8112],[31.13,-28.7976],[31.1146,-28.7949],[31.1257,-28.7773],[31.1259,-28.7661],[31.0936,-28.7739],[31.1075,-28.7853],[31.103,-28.7946],[31.0909,-28.7998],[31.0793,-28.7903],[31.0646,-28.7848],[31.0691,-28.7761],[31.0759,-28.7767],[31.088,-28.7653],[31.0751,-28.7611],[31.0701,-28.7672],[31.0611,-28.7626],[31.0646,-28.7496],[31.0543,-28.7381],[31.0382,-28.7342],[31.031,-28.7367],[31.0228,-28.7237],[31.0116,-28.7301],[30.9995,-28.718],[30.9787,-28.7118],[30.9967,-28.7195],[31.0047,-28.731],[31.0063,-28.739],[31.0245,-28.7434],[31.0426,-28.7437],[31.0494,-28.7526],[31.0604,-28.7541],[31.0544,-28.7657],[31.0646,-28.7743],[31.0556,-28.7776],[31.0464,-28.786],[31.0623,-28.7906],[31.0721,-28.8052],[31.0588,-28.8107],[31.0474,-28.8075],[31.051,-28.7949],[31.0396,-28.7977],[31.0291,-28.7947],[31.0251,-28.8042],[31.0136,-28.8134],[31.0171,-28.8256],[30.997,-28.8315],[31.0033,-28.8219],[31.0007,-28.8078],[30.993,-28.8044],[30.9961,-28.786],[30.9909,-28.7757],[30.9815,-28.7784],[30.9685,-28.7761],[30.9739,-28.762],[30.9665,-28.7563],[30.9585,-28.7619],[30.9602,-28.7695],[30.9482,-28.7858],[30.9363,-28.7837],[30.9254,-28.7916],[30.9176,-28.7912],[30.9192,-28.7807],[30.9279,-28.7773],[30.9322,-28.769],[30.9211,-28.7639],[30.9127,-28.7729],[30.8946,-28.7576],[30.8747,-28.762],[30.8677,-28.756],[30.8711,-28.7662],[30.8566,-28.777],[30.8433,-28.7719],[30.84,-28.7759],[30.8348,-28.7921],[30.8522,-28.7813],[30.8608,-28.7854],[30.8555,-28.7967],[30.8582,-28.8074],[30.8466,-28.8148],[30.8407,-28.8364],[30.8664,-28.8042],[30.8593,-28.7968],[30.8642,-28.7836],[30.8764,-28.7719],[30.8851,-28.7711],[30.8964,-28.7834],[30.9001,-28.8027],[30.8896,-28.8146],[30.8916,-28.8226],[30.8818,-28.8306],[30.8749,-28.8495],[30.881,-28.8683],[30.892,-28.8614],[30.9095,-28.8655],[30.92,-28.8592],[30.9305,-28.8585],[30.9363,-28.8675],[30.9245,-28.8796],[30.9381,-28.8816],[30.944,-28.875],[30.9534,-28.8776],[30.9504,-28.8864],[30.9296,-28.886],[30.9221,-28.8882],[30.9227,-28.8977],[30.9155,-28.9085],[30.9021,-28.9198],[30.9081,-28.9266],[30.9185,-28.911],[30.9297,-28.9114],[30.932,-28.9038],[30.9413,-28.8951],[30.9447,-28.9075],[30.9546,-28.9025],[30.9637,-28.8864],[30.9849,-28.8837],[31.0047,-28.8839],[31.0128,-28.8889],[31.0109,-28.9045],[30.9903,-28.9021],[30.9837,-28.9134],[30.9886,-28.9209],[31.0022,-28.9303],[31.009,-28.9271],[31.0214,-28.9346],[31.0256,-28.9442],[31.0238,-28.9539],[31.0399,-28.9623],[31.0259,-28.972],[31.0194,-28.9712],[31.0108,-28.9621],[30.9963,-28.9613],[30.9878,-28.9572],[30.9818,-28.9608],[30.9726,-28.9427],[30.9666,-28.9452],[30.9795,-28.9647],[30.9869,-28.962],[30.9913,-28.9695],[30.9828,-28.9757],[30.9669,-28.9769],[30.9571,-28.9879],[30.9712,-28.9877],[30.9777,-28.9818],[30.9969,-28.9843],[30.9982,-29.0098],[30.9963,-29.0183],[30.9884,-29.0231],[31.0009,-29.0229],[31.0016,-29.0099],[31.0188,-29.0099],[31.0151,-28.9925],[31.0312,-28.9898],[31.0457,-29.0036],[31.0566,-28.9913],[31.0689,-29.002],[31.0814,-28.9944],[31.0853,-28.9989],[31.0961,-28.9939],[31.102,-28.9829],[31.0972,-28.9761],[31.104,-28.9623],[31.1159,-28.9597],[31.1193,-28.9715],[31.1308,-28.9728],[31.1574,-28.9705],[31.1794,-28.9651],[31.185,-28.9695],[31.2118,-28.9587],[31.216,-28.9533]],[[30.9543,-28.7963],[30.9771,-28.8017],[30.97,-28.8088],[30.9692,-28.8184],[30.9608,-28.8293],[30.9605,-28.8415],[30.9664,-28.8554],[30.9745,-28.8601],[30.9767,-28.8716],[30.9495,-28.869],[30.9381,-28.8601],[30.9442,-28.8518],[30.9433,-28.8363],[30.9385,-28.8284],[30.9451,-28.8232],[30.9506,-28.8084],[30.9451,-28.7995],[30.9543,-28.7963]]]},"properties":{"tmax":39.41140944,"brucode":"Ta2","tmin":2.95100672,"bru_clean":"Ta2","tmean":19.81946306,"map":893.82993197}},
{"type":"Feature","geometry":{"type":"Polygon","coordinates":[[[29.9366,-28.7399],[29.9318,-28.7303],[29.9182,-28.7156],[29.8974,-28.7117],[29.8932,-28.7146],[29.8632,-28.711],[29.8582,-28.7144],[29.8517,-28.7238],[29.8531,-28.7424],[29.8687,-28.7596],[29.8766,-28.7625],[29.8573,-28.7724],[29.8469,-28.7854],[29.8497,-28.7944],[29.8444,-28.8076],[29.8264,-28.8061],[29.8132,-28.8079],[29.8156,-28.8369],[29.8095,-28.8488],[29.8041,-28.8502],[29.7906,-28.8628],[29.7949,-28.8725],[29.8158,-28.8874],[29.8295,-28.9079],[29.8344,-28.9256],[29.8471,-28.9331],[29.853,-28.9414],[29.8542,-28.9547],[29.8758,-28.942],[29.8649,-28.9285],[29.8716,-28.9248],[29.888,-28.9291],[29.8983,-28.9127],[29.9139,-28.9285],[29.9019,-28.9328],[29.8967,-28.9418],[29.877,-28.947],[29.8616,-28.9569],[29.8695,-28.9674],[29.8861,-28.9691],[29.8889,-28.9624],[29.9005,-28.9728],[29.8907,-28.98],[29.9015,-29.0039],[29.8765,-29.0131],[29.8788,-29.0179],[29.873,-29.0313],[29.8639,-29.0327],[29.8531,-29.0409],[29.8535,-29.0435],[29.8692,-29.0474],[29.8766,-29.0385],[29.8892,-29.0418],[29.9034,-29.0257],[29.9138,-29.0351],[29.9192,-29.0211],[29.9308,-29.018],[29.937,-29.0219],[29.9427,-29.0463],[29.939,-29.0664],[29.9449,-29.0652],[29.9585,-29.0745],[29.9612,-29.0634],[29.9699,-29.0649],[29.9753,-29.0717],[29.9916,-29.0748],[30,-29.0892],[30.0115,-29.0785],[30.0208,-29.0803],[30.0297,-29.0706],[30.0171,-29.0594],[30.0159,-29.0506],[30.0068,-29.0509],[30.0019,-29.0423],[30.0038,-29.0337],[29.9866,-29.0311],[29.9899,-29.0205],[29.9968,-29.0118],[30.0033,-29.0162],[30.0101,-29.0101],[30.0056,-28.9975],[29.9921,-28.9906],[29.9901,-28.983],[29.9938,-28.9728],[29.98,-28.9704],[29.9806,-28.9563],[29.9685,-28.9594],[29.9622,-28.9541],[29.9488,-28.9534],[29.9458,-28.9421],[29.9641,-28.9262],[29.9758,-28.9274],[29.9873,-28.9157],[29.9913,-28.9059],[29.9878,-28.8972],[29.9938,-28.8893],[29.9929,-28.8775],[29.9811,-28.8709],[29.9809,-28.858],[29.9894,-28.8611],[29.9956,-28.8566],[29.9912,-28.8467],[30.0063,-28.8496],[30.026,-28.839],[30.0263,-28.8384],[30.0229,-28.8284],[30.0162,-28.8247],[30.0111,-28.8092],[30.0114,-28.7958],[29.9837,-28.8027],[29.9751,-28.7947],[29.9695,-28.7998],[29.9734,-28.8198],[29.9536,-28.816],[29.9474,-28.8084],[29.958,-28.7996],[29.9616,-28.7859],[29.953,-28.7827],[29.9467,-28.7895],[29.9491,-28.7959],[29.9318,-28.7986],[29.9229,-28.8029],[29.9124,-28.7983],[29.9156,-28.7876],[29.9263,-28.7825],[29.9171,-28.7764],[29.9139,-28.7675],[29.9286,-28.7651],[29.9252,-28.757],[29.9138,-28.7513],[29.9071,-28.7419],[29.9166,-28.7336],[29.9366,-28.7399]]]},"properties":{"tmax":38.65732489,"brucode":"Tc3","tmin":-5.57388536,"bru_clean":"Tc3","tmean":17.48343944,"map":710.56129032}},
{"type":"Feature","geometry":{"type":"Polygon","coordinates":[[[31.6402,-28.7157],[31.6362,-28.7327],[31.642,-28.7492],[31.6425,-28.7585],[31.6315,-28.7586],[31.6167,-28.753],[31.6072,-28.7591],[31.6129,-28.7736],[31.6126,-28.7845],[31.603,-28.7931],[31.5946,-28.7933],[31.5822,-28.787],[31.5717,-28.7878],[31.5445,-28.7978],[31.5289,-28.8004],[31.5262,-28.8193],[31.5342,-28.8114],[31.5428,-28.8178],[31.5348,-28.823],[31.532,-28.8323],[31.5394,-28.8367],[31.5463,-28.8308],[31.5523,-28.8413],[31.567,-28.8591],[31.5786,-28.8624],[31.5839,-28.8521],[31.6144,-28.8486],[31.6459,-28.8322],[31.6851,-28.822],[31.7,-28.8127],[31.7357,-28.8119],[31.7501,-28.8031],[31.7563,-28.7948],[31.7656,-28.7746],[31.7543,-28.7702],[31.76,-28.7586],[31.7503,-28.7593],[31.7381,-28.7464],[31.7281,-28.7422],[31.706,-28.7491],[31.6926,-28.7477],[31.6801,-28.7298],[31.6576,-28.7203],[31.6489,-28.7126],[31.6402,-28.7157]]]},"properties":{"tmax":41.55084733,"brucode":"Wa2","tmin":0.4440678,"bru_clean":"Wa2","tmean":20.72203387,"map":965.69491525}},
{"type":"Feature","geometry":{"type":"Polygon","coordinates":[[[30.5932,-28.7141],[30.598,-28.723],[30.6007,-28.7373],[30.5945,-28.7415],[30.6034,-28.7429],[30.6286,-28.7396],[30.6489,-28.7395],[30.6676,-28.748],[30.6935,-28.7369],[30.7085,-28.738],[30.7148,-28.7341],[30.7118,-28.7232],[30.6996,-28.7184],[30.6955,-28.7297],[30.6727,-28.7394],[30.6646,-28.7386],[30.6531,-28.7226],[30.6418,-28.7173],[30.6306,-28.718],[30.6196,-28.7351],[30.6083,-28.7344],[30.6042,-28.726],[30.5932,-28.7141]]]},"properties":{"tmax":40.10000102,"brucode":"Sa2","tmin":0.50000001,"bru_clean":"Sa2","tmean":20.16666667,"map":608}},
{"type":"Feature","geometry":{"type":"Polygon","coordinates":[[[29.1126,-28.7213],[29.1012,-28.7294],[29.1044,-28.7349],[29.1215,-28.739],[29.1138,-28.7519],[29.1258,-28.7541],[29.1439,-28.7315],[29.1495,-28.7417],[29.1652,-28.7486],[29.1796,-28.7469],[29.168,-28.7407],[29.1585,-28.7242],[29.1598,-28.7142],[29.1448,-28.7182],[29.1312,-28.7273],[29.1126,-28.7213]]]},"properties":{"tmax":38.61346142,"brucode":"Yc6b","tmin":-6.00384617,"bru_clean":"Yc6","tmean":17.53653853,"map":978.78846154}},
{"type":"Feature","geometry":{"type":"Polygon","coordinates":[[[30.7622,-28.8232],[30.7715,-28.8304],[30.7809,-28.8187],[30.7902,-28.8157],[30.8109,-28.7924],[30.8261,-28.7842],[30.819,-28.7867],[30.798,-28.7869],[30.7917,-28.7932],[30.7857,-28.7715],[30.7958,-28.7562],[30.8078,-28.7513],[30.8075,-28.7449],[30.778,-28.7444],[30.7781,-28.7572],[30.7832,-28.7649],[30.7826,-28.7851],[30.788,-28.797],[30.7718,-28.794],[30.7745,-28.7801],[30.7588,-28.7715],[30.754,-28.7776],[30.7624,-28.7909],[30.7705,-28.8136],[30.7622,-28.8232]]]},"properties":{"tmax":38.18750048,"brucode":"Uc13","tmin":-2.38749999,"bru_clean":"Uc13","tmean":18.14999986,"map":741.5}},
{"type":"Feature","geometry":{"type":"Polygon","coordinates":[[[30.2779,-28.783],[30.2935,-28.7995],[30.2893,-28.8051],[30.2915,-28.8238],[30.2966,-28.834],[30.2859,-28.8418],[30.2656,-28.8383],[30.254,-28.8238],[30.251,-28.8307],[30.251,-28.8502],[30.2537,-28.8715],[30.2442,-28.885],[30.2435,-28.8954],[30.2316,-28.9075],[30.2282,-28.919],[30.2518,-28.9216],[30.2651,-28.914],[30.3049,-28.9134],[30.3085,-28.9152],[30.3074,-28.9057],[30.3285,-28.8937],[30.3491,-28.8877],[30.3595,-28.8793],[30.3636,-28.8698],[30.3632,-28.8588],[30.3744,-28.8527],[30.3806,-28.841],[30.3884,-28.8422],[30.3966,-28.8351],[30.416,-28.8376],[30.4097,-28.8262],[30.4137,-28.8216],[30.4338,-28.8121],[30.4323,-28.8044],[30.4196,-28.8032],[30.4194,-28.7921],[30.409,-28.7773],[30.4029,-28.7814],[30.3909,-28.7975],[30.3844,-28.7915],[30.3766,-28.792],[30.3708,-28.781],[30.3594,-28.7866],[30.3541,-28.7791],[30.3464,-28.7778],[30.338,-28.7873],[30.3449,-28.7937],[30.3382,-28.7997],[30.3205,-28.7848],[30.3272,-28.7768],[30.3142,-28.7706],[30.3042,-28.761],[30.3158,-28.7492],[30.3038,-28.7452],[30.2994,-28.7522],[30.2852,-28.7417],[30.2589,-28.743],[30.2549,-28.7464],[30.2632,-28.7485],[30.2756,-28.7574],[30.2713,-28.7674],[30.2779,-28.783]]]},"properties":{"tmax":40.3833334,"brucode":"Tc7","tmin":-5.02833332,"bru_clean":"Tc7","tmean":17.95999997,"map":703.06666667}},
{"type":"Feature","geometry":{"type":"Polygon","coordinates":[[[29.4886,-28.7523],[29.4795,-28.7706],[29.4705,-28.7742],[29.4678,-28.7882],[29.4591,-28.7925],[29.4258,-28.7838],[29.4158,-28.7781],[29.3995,-28.7774],[29.403,-28.771],[29.4213,-28.7674],[29.431,-28.7718],[29.4379,-28.7602],[29.445,-28.7718],[29.4589,-28.7765],[29.4602,-28.7675],[29.4709,-28.7576],[29.4683,-28.7502],[29.4545,-28.754],[29.4424,-28.7485],[29.4051,-28.7467],[29.3932,-28.7485],[29.4021,-28.7561],[29.3965,-28.7792],[29.3889,-28.779],[29.3834,-28.7886],[29.3738,-28.792],[29.3598,-28.7903],[29.3552,-28.7972],[29.3359,-28.7969],[29.3274,-28.8017],[29.3268,-28.8204],[29.3417,-28.8114],[29.3581,-28.8137],[29.366,-28.8083],[29.3721,-28.7982],[29.3859,-28.7942],[29.4114,-28.7911],[29.4174,-28.7935],[29.4265,-28.8083],[29.4463,-28.812],[29.4582,-28.805],[29.4656,-28.8092],[29.4794,-28.8051],[29.4816,-28.7971],[29.4747,-28.7837],[29.4845,-28.7815],[29.5002,-28.7641],[29.4994,-28.7519],[29.4886,-28.7523]]]},"properties":{"tmax":40.56428582,"brucode":"Wc13","tmin":-5.00714285,"bru_clean":"Wc13","tmean":18.25714275,"map":767.07142857}},
{"type":"Feature","geometry":{"type":"Polygon","coordinates":[[[29.4683,-28.7502],[29.4709,-28.7576],[29.4602,-28.7675],[29.4589,-28.7765],[29.445,-28.7718],[29.4379,-28.7602],[29.431,-28.7718],[29.4213,-28.7674],[29.403,-28.771],[29.3995,-28.7774],[29.4158,-28.7781],[29.4258,-28.7838],[29.4591,-28.7925],[29.4678,-28.7882],[29.4705,-28.7742],[29.4795,-28.7706],[29.4886,-28.7523],[29.4683,-28.7502]]]},"properties":{"tmax":40.70000076,"brucode":"Vc12","tmin":-5.17500007,"bru_clean":"Vc12","tmean":18.35000038,"map":733.25}},
{"type":"Feature","geometry":{"type":"Polygon","coordinates":[[[31.8722,-28.8389],[31.8866,-28.839],[31.8846,-28.8215],[31.8919,-28.806],[31.9033,-28.8064],[31.9029,-28.7992],[31.9118,-28.7958],[31.9146,-28.7876],[31.9242,-28.7774],[31.919,-28.7737],[31.9063,-28.7774],[31.9042,-28.7907],[31.8945,-28.7919],[31.8829,-28.7952],[31.8718,-28.8119],[31.8834,-28.814],[31.8647,-28.8241],[31.8703,-28.8277],[31.8722,-28.8389]]]},"properties":{"tmax":42.07999954,"brucode":"Za6","tmin":3.37999997,"bru_clean":"Za6","tmean":21.62000046,"map":1136.4}},
{"type":"Feature","geometry":{"type":"Polygon","coordinates":[[[29.5002,-28.7641],[29.4845,-28.7815],[29.4747,-28.7837],[29.4816,-28.7971],[29.4794,-28.8051],[29.4656,-28.8092],[29.4734,-28.8139],[29.4659,-28.8201],[29.4485,-28.8203],[29.4499,-28.829],[29.4391,-28.8285],[29.4218,-28.8353],[29.3976,-28.8417],[29.4085,-28.8465],[29.4372,-28.853],[29.4465,-28.8504],[29.4483,-28.8706],[29.464,-28.8678],[29.4793,-28.874],[29.4858,-28.8592],[29.5001,-28.8542],[29.5169,-28.8588],[29.5295,-28.8581],[29.5273,-28.8686],[29.519,-28.8746],[29.5064,-28.8894],[29.4971,-28.8909],[29.4992,-28.9108],[29.5154,-28.9136],[29.5268,-28.8936],[29.5347,-28.9003],[29.534,-28.9109],[29.5425,-28.917],[29.5466,-28.9265],[29.5395,-28.9341],[29.5322,-28.9339],[29.5265,-28.948],[29.5354,-28.9567],[29.553,-28.9551],[29.5677,-28.9607],[29.573,-28.9407],[29.569,-28.9255],[29.5826,-28.9132],[29.6009,-28.9027],[29.6014,-28.897],[29.6101,-28.8838],[29.6243,-28.8719],[29.6164,-28.8649],[29.6162,-28.8586],[29.6077,-28.8458],[29.5921,-28.8378],[29.5887,-28.8307],[29.5915,-28.8076],[29.5771,-28.8011],[29.5592,-28.7834],[29.5454,-28.7757],[29.5343,-28.7814],[29.5223,-28.7792],[29.5158,-28.7727],[29.5002,-28.7641]]]},"properties":{"tmax":40.8492537,"brucode":"UVc2","tmin":-6.17313432,"bru_clean":"UVc2","tmean":18.1552237,"map":736.98507463}},
{"type":"Feature","geometry":{"type":"Polygon","coordinates":[[[31.7583,-28.8051],[31.7582,-28.8097],[31.7993,-28.8204],[31.8221,-28.8225],[31.8264,-28.8269],[31.8416,-28.831],[31.8427,-28.8441],[31.8527,-28.8429],[31.8571,-28.8514],[31.864,-28.8454],[31.8722,-28.8389],[31.8553,-28.8291],[31.8608,-28.8178],[31.8626,-28.8053],[31.8497,-28.8007],[31.8447,-28.7951],[31.8353,-28.8022],[31.8221,-28.7888],[31.8254,-28.7719],[31.815,-28.7659],[31.8089,-28.7752],[31.8201,-28.7929],[31.8151,-28.7967],[31.8222,-28.8065],[31.8179,-28.813],[31.8088,-28.8094],[31.7974,-28.8107],[31.7583,-28.8051]]]},"properties":{"tmax":41.9000001,"brucode":"Ya5","tmin":3.23749998,"bru_clean":"Ya5","tmean":21.53749967,"map":1112.125}},
{"type":"Feature","geometry":{"type":"Polygon","coordinates":[[[30.0863,-28.8669],[30.079,-28.8914],[30.0721,-28.8945],[30.0586,-28.8881],[30.0548,-28.9087],[30.0464,-28.9097],[30.0301,-28.8984],[30.0274,-28.8872],[30.0402,-28.8811],[30.0419,-28.8664],[30.0351,-28.8596],[30.0333,-28.8483],[30.0263,-28.8384],[30.026,-28.839],[30.0298,-28.8605],[30.0374,-28.8768],[30.0256,-28.8812],[30.0149,-28.8813],[29.9997,-28.8893],[29.9938,-28.8893],[29.9878,-28.8972],[29.9913,-28.9059],[29.9873,-28.9157],[29.9758,-28.9274],[29.9641,-28.9262],[29.9458,-28.9421],[29.9488,-28.9534],[29.9622,-28.9541],[29.9592,-28.9456],[29.9655,-28.9393],[29.9761,-28.9408],[29.9865,-28.928],[29.9931,-28.9318],[29.9999,-28.9253],[29.9904,-28.9203],[29.9989,-28.9019],[30.0051,-28.899],[30.0183,-28.9081],[30.02,-28.924],[30.0265,-28.9368],[30.0281,-28.9489],[30.0377,-28.9581],[30.0261,-28.9611],[30.0148,-28.9684],[30.0153,-28.9784],[30.0087,-28.981],[30.0091,-28.9943],[30.0056,-28.9975],[30.0101,-29.0101],[30.0253,-29.0089],[30.0259,-28.9987],[30.022,-28.9908],[30.0274,-28.9819],[30.0558,-28.9902],[30.0535,-29.0014],[30.0477,-29.0031],[30.0513,-29.0141],[30.0367,-29.0217],[30.0357,-29.0319],[30.061,-29.0449],[30.0764,-29.048],[30.0779,-29.0397],[30.0874,-29.0299],[30.0965,-29.0364],[30.11,-29.0407],[30.1131,-29.029],[30.1089,-29.015],[30.1313,-29.0201],[30.1469,-28.9918],[30.1366,-28.9805],[30.1447,-28.9752],[30.1486,-28.987],[30.1573,-28.996],[30.1672,-28.9888],[30.17,-28.9799],[30.1913,-28.9709],[30.2014,-28.9765],[30.2063,-28.9677],[30.1985,-28.9596],[30.1977,-28.9508],[30.2129,-28.9558],[30.2189,-28.9512],[30.2171,-28.9271],[30.227,-28.8976],[30.2442,-28.885],[30.2537,-28.8715],[30.251,-28.8502],[30.251,-28.8307],[30.254,-28.8238],[30.2656,-28.8383],[30.2859,-28.8418],[30.2966,-28.834],[30.2915,-28.8238],[30.2893,-28.8051],[30.2935,-28.7995],[30.2779,-28.783],[30.2724,-28.7962],[30.2608,-28.7972],[30.2601,-28.79],[30.2412,-28.7892],[30.2299,-28.7805],[30.2184,-28.7768],[30.2101,-28.778],[30.1937,-28.7889],[30.1805,-28.8049],[30.175,-28.8163],[30.1814,-28.8236],[30.191,-28.826],[30.1901,-28.8337],[30.1729,-28.8272],[30.1714,-28.8478],[30.1596,-28.8526],[30.1467,-28.8518],[30.1458,-28.8628],[30.1532,-28.8679],[30.15,-28.874],[30.1329,-28.8738],[30.1193,-28.8703],[30.1163,-28.8584],[30.0974,-28.8669],[30.0863,-28.8669]]]},"properties":{"tmax":39.42868211,"brucode":"Tc4","tmin":-6.24263569,"bru_clean":"Tc4","tmean":17.50775192,"map":704.3}},
{"type":"Feature","geometry":{"type":"Polygon","coordinates":[[[30.8261,-28.7842],[30.8273,-28.7876],[30.8131,-28.8076],[30.8186,-28.8133],[30.8048,-28.8231],[30.7959,-28.8197],[30.7886,-28.8239],[30.7965,-28.8385],[30.7863,-28.845],[30.7877,-28.8506],[30.7766,-28.8554],[30.7759,-28.8634],[30.7826,-28.8666],[30.7908,-28.8625],[30.8009,-28.8642],[30.7963,-28.8726],[30.7821,-28.8731],[30.7824,-28.8849],[30.7757,-28.8951],[30.7706,-28.9117],[30.7824,-28.9123],[30.7826,-28.8985],[30.8005,-28.9048],[30.801,-28.9335],[30.8186,-28.9204],[30.8189,-28.9053],[30.8337,-28.9009],[30.8414,-28.9058],[30.8497,-28.9046],[30.8579,-28.8833],[30.8576,-28.8711],[30.8637,-28.8705],[30.8681,-28.8821],[30.8673,-28.8983],[30.8767,-28.8978],[30.8833,-28.8855],[30.8965,-28.8851],[30.8856,-28.906],[30.8902,-28.9131],[30.8867,-28.9204],[30.8682,-28.9206],[30.8587,-28.9262],[30.8841,-28.9393],[30.8899,-28.9378],[30.9017,-28.9536],[30.9128,-28.9509],[30.918,-28.9388],[30.93,-28.926],[30.9364,-28.9309],[30.9479,-28.9259],[30.9556,-28.9344],[30.9547,-28.9498],[30.9508,-28.956],[30.9332,-28.9537],[30.924,-28.9582],[30.9257,-28.986],[30.9105,-28.9991],[30.9306,-28.996],[30.9483,-28.9981],[30.9681,-29.0045],[30.9757,-29.0129],[30.9884,-29.0231],[30.9963,-29.0183],[30.9982,-29.0098],[30.9969,-28.9843],[30.9777,-28.9818],[30.9712,-28.9877],[30.9571,-28.9879],[30.9669,-28.9769],[30.9828,-28.9757],[30.9913,-28.9695],[30.9869,-28.962],[30.9795,-28.9647],[30.9666,-28.9452],[30.9726,-28.9427],[30.9818,-28.9608],[30.9878,-28.9572],[30.9963,-28.9613],[31.0108,-28.9621],[31.0194,-28.9712],[31.0259,-28.972],[31.0399,-28.9623],[31.0238,-28.9539],[31.0256,-28.9442],[31.0214,-28.9346],[31.009,-28.9271],[31.0022,-28.9303],[30.9886,-28.9209],[30.9837,-28.9134],[30.9903,-28.9021],[31.0109,-28.9045],[31.0128,-28.8889],[31.0047,-28.8839],[30.9849,-28.8837],[30.9637,-28.8864],[30.9546,-28.9025],[30.9447,-28.9075],[30.9413,-28.8951],[30.932,-28.9038],[30.9297,-28.9114],[30.9185,-28.911],[30.9081,-28.9266],[30.9021,-28.9198],[30.9155,-28.9085],[30.9227,-28.8977],[30.9221,-28.8882],[30.9296,-28.886],[30.9504,-28.8864],[30.9534,-28.8776],[30.944,-28.875],[30.9381,-28.8816],[30.9245,-28.8796],[30.9363,-28.8675],[30.9305,-28.8585],[30.92,-28.8592],[30.9095,-28.8655],[30.892,-28.8614],[30.881,-28.8683],[30.8749,-28.8495],[30.8818,-28.8306],[30.8916,-28.8226],[30.8896,-28.8146],[30.9001,-28.8027],[30.8964,-28.7834],[30.8851,-28.7711],[30.8764,-28.7719],[30.8642,-28.7836],[30.8593,-28.7968],[30.8664,-28.8042],[30.8407,-28.8364],[30.8466,-28.8148],[30.8582,-28.8074],[30.8555,-28.7967],[30.8608,-28.7854],[30.8522,-28.7813],[30.8348,-28.7921],[30.84,-28.7759],[30.8261,-28.7842]]]},"properties":{"tmax":38.72962966,"brucode":"TUb5a","tmin":0.49259259,"bru_clean":"TUb5","tmean":18.69629634,"map":777.59036145}},
{"type":"Feature","geometry":{"type":"Polygon","coordinates":[[[30.5404,-28.9099],[30.5238,-28.9088],[30.512,-28.9042],[30.4873,-28.9137],[30.4847,-28.9243],[30.4666,-28.9244],[30.4539,-28.9308],[30.449,-28.9234],[30.4366,-28.9232],[30.4355,-28.9286],[30.4432,-28.9372],[30.4284,-28.9436],[30.4281,-28.9329],[30.4201,-28.9348],[30.4157,-28.927],[30.4081,-28.9274],[30.4051,-28.944],[30.409,-28.9489],[30.4255,-28.957],[30.4338,-28.9734],[30.445,-28.9823],[30.4332,-28.9849],[30.4152,-28.9805],[30.4096,-28.9863],[30.3995,-28.9842],[30.3998,-28.9987],[30.3898,-29],[30.3882,-29.0092],[30.4054,-29.0183],[30.4047,-29.0292],[30.4134,-29.0331],[30.4211,-29.043],[30.425,-29.0604],[30.4378,-29.0719],[30.4394,-29.0619],[30.4638,-29.0502],[30.4664,-29.0384],[30.4578,-29.0286],[30.4458,-29.0276],[30.4304,-29.0049],[30.4252,-28.9906],[30.4341,-28.992],[30.4332,-29.0013],[30.438,-29.0084],[30.457,-29.0139],[30.4715,-29.0084],[30.472,-29.0158],[30.4895,-29.0032],[30.4892,-28.9991],[30.4687,-28.9948],[30.4675,-28.9901],[30.4549,-28.9849],[30.4742,-28.9769],[30.4615,-28.9603],[30.4484,-28.9536],[30.4532,-28.9406],[30.458,-28.937],[30.4664,-28.9563],[30.4997,-28.9462],[30.5068,-28.9302],[30.5263,-28.931],[30.5293,-28.9379],[30.5291,-28.9516],[30.5349,-28.9591],[30.55,-28.9659],[30.5539,-28.9616],[30.5378,-28.9491],[30.5374,-28.9422],[30.5511,-28.9316],[30.5454,-28.9217],[30.5603,-28.9237],[30.5645,-28.9329],[30.5594,-28.9498],[30.5746,-28.9547],[30.5839,-28.9652],[30.5945,-28.9578],[30.5995,-28.963],[30.6148,-28.9641],[30.6189,-28.9452],[30.6305,-28.9371],[30.6392,-28.9358],[30.6513,-28.9284],[30.6524,-28.9185],[30.6361,-28.9105],[30.6383,-28.8937],[30.6398,-28.8819],[30.6289,-28.8766],[30.6212,-28.8872],[30.6065,-28.8778],[30.5992,-28.8821],[30.5907,-28.8756],[30.596,-28.8634],[30.5903,-28.8592],[30.5978,-28.8465],[30.6141,-28.834],[30.6189,-28.8428],[30.6358,-28.852],[30.6392,-28.8757],[30.669,-28.8961],[30.6786,-28.8927],[30.6803,-28.9035],[30.6713,-28.9123],[30.6818,-28.9213],[30.6944,-28.9231],[30.706,-28.9286],[30.7126,-28.922],[30.7264,-28.9208],[30.7351,-28.9282],[30.7506,-28.9178],[30.7411,-28.9136],[30.7416,-28.8833],[30.7534,-28.8688],[30.7424,-28.8652],[30.7435,-28.8547],[30.7337,-28.8479],[30.7219,-28.8486],[30.7111,-28.8386],[30.7118,-28.8258],[30.7252,-28.8306],[30.7407,-28.8428],[30.7527,-28.8588],[30.761,-28.8587],[30.7719,-28.8422],[30.7715,-28.8304],[30.7622,-28.8232],[30.7662,-28.8387],[30.7568,-28.8461],[30.7333,-28.8214],[30.7238,-28.8244],[30.7107,-28.8218],[30.7001,-28.825],[30.7002,-28.8339],[30.6876,-28.8291],[30.6886,-28.8136],[30.6795,-28.7838],[30.6664,-28.7792],[30.6629,-28.7877],[30.6719,-28.7923],[30.6764,-28.8074],[30.6766,-28.8196],[30.6684,-28.8266],[30.6719,-28.8375],[30.6828,-28.838],[30.7047,-28.8466],[30.6983,-28.8533],[30.6995,-28.8683],[30.6873,-28.8661],[30.6803,-28.8455],[30.6687,-28.8466],[30.667,-28.8523],[30.6515,-28.8639],[30.6447,-28.8439],[30.636,-28.8438],[30.6199,-28.8204],[30.6095,-28.8173],[30.6093,-28.809],[30.6001,-28.8037],[30.5948,-28.8164],[30.5862,-28.821],[30.5973,-28.8326],[30.5923,-28.8439],[30.585,-28.851],[30.5834,-28.8679],[30.5887,-28.8872],[30.5753,-28.8911],[30.5895,-28.8997],[30.5748,-28.9022],[30.588,-28.9101],[30.5937,-28.9068],[30.6077,-28.9138],[30.6017,-28.9278],[30.6053,-28.9346],[30.5996,-28.9465],[30.5934,-28.944],[30.5964,-28.9347],[30.5777,-28.9324],[30.5648,-28.927],[30.5576,-28.9153],[30.5404,-28.9099]]]},"properties":{"tmax":39.20842104,"brucode":"Tc6c","tmin":-5.56210527,"bru_clean":"Tc6","tmean":17.1473685,"map":780.82105263}},
{"type":"Feature","geometry":{"type":"Polygon","coordinates":[[[31.3392,-28.8038],[31.343,-28.8144],[31.3365,-28.823],[31.3614,-28.8423],[31.3697,-28.8403],[31.3756,-28.8537],[31.4033,-28.8534],[31.409,-28.8466],[31.4207,-28.8446],[31.4568,-28.8541],[31.4783,-28.8583],[31.4736,-28.8456],[31.4651,-28.8478],[31.4598,-28.8355],[31.4477,-28.8423],[31.434,-28.8393],[31.4336,-28.8331],[31.4438,-28.8194],[31.432,-28.8204],[31.4286,-28.8393],[31.4151,-28.8379],[31.4177,-28.8165],[31.4244,-28.8045],[31.4123,-28.792],[31.4059,-28.8043],[31.4115,-28.8053],[31.3961,-28.8234],[31.3881,-28.8297],[31.3878,-28.8078],[31.3942,-28.7981],[31.392,-28.7931],[31.391,-28.7795],[31.3803,-28.7862],[31.3565,-28.7948],[31.3447,-28.7945],[31.3392,-28.8038]]]},"properties":{"tmax":39.61052684,"brucode":"Yb4","tmin":2.12631579,"bru_clean":"Yb4","tmean":19.21052622,"map":982.55555556}},
{"type":"Feature","geometry":{"type":"Polygon","coordinates":[[[29.2174,-28.7952],[29.1963,-28.8015],[29.1921,-28.7985],[29.1805,-28.8055],[29.1523,-28.8042],[29.1375,-28.8008],[29.1229,-28.8006],[29.1193,-28.7883],[29.1069,-28.7911],[29.1137,-28.7987],[29.1126,-28.8063],[29.0971,-28.8166],[29.0733,-28.8115],[29.0669,-28.8169],[29.0905,-28.8208],[29.1022,-28.8209],[29.1146,-28.8172],[29.1419,-28.8167],[29.1445,-28.8279],[29.1521,-28.8249],[29.1512,-28.8163],[29.1741,-28.8209],[29.1913,-28.815],[29.2101,-28.8165],[29.218,-28.8267],[29.2197,-28.8427],[29.2341,-28.8389],[29.2342,-28.8289],[29.2476,-28.8125],[29.2693,-28.7988],[29.268,-28.8147],[29.2616,-28.8174],[29.2662,-28.827],[29.2634,-28.8378],[29.2565,-28.843],[29.2634,-28.8435],[29.2678,-28.8298],[29.2786,-28.8217],[29.2885,-28.8252],[29.2938,-28.8149],[29.2835,-28.8098],[29.2791,-28.7964],[29.2832,-28.7843],[29.2732,-28.7808],[29.2707,-28.79],[29.2579,-28.7886],[29.2491,-28.7914],[29.248,-28.7991],[29.2391,-28.7989],[29.2237,-28.8065],[29.2174,-28.7952]]]},"properties":{"tmax":38.61346142,"brucode":"Yc6c","tmin":-6.00384617,"bru_clean":"Yc6","tmean":17.53653853,"map":978.78846154}},
{"type":"Feature","geometry":{"type":"Polygon","coordinates":[[[30.7715,-28.8304],[30.7719,-28.8422],[30.761,-28.8587],[30.7612,-28.868],[30.767,-28.8712],[30.7575,-28.8904],[30.763,-28.9106],[30.7816,-28.9282],[30.7882,-28.9412],[30.803,-28.9403],[30.8113,-28.9315],[30.8318,-28.9379],[30.8404,-28.9463],[30.8439,-28.9557],[30.8604,-28.9534],[30.8668,-28.9435],[30.8729,-28.9509],[30.8594,-28.9588],[30.8765,-28.9636],[30.8887,-28.9513],[30.8843,-28.9458],[30.8899,-28.9378],[30.8841,-28.9393],[30.8587,-28.9262],[30.8682,-28.9206],[30.8867,-28.9204],[30.8902,-28.9131],[30.8856,-28.906],[30.8965,-28.8851],[30.8833,-28.8855],[30.8767,-28.8978],[30.8673,-28.8983],[30.8681,-28.8821],[30.8637,-28.8705],[30.8576,-28.8711],[30.8579,-28.8833],[30.8497,-28.9046],[30.8414,-28.9058],[30.8337,-28.9009],[30.8189,-28.9053],[30.8186,-28.9204],[30.801,-28.9335],[30.8005,-28.9048],[30.7826,-28.8985],[30.7824,-28.9123],[30.7706,-28.9117],[30.7757,-28.8951],[30.7824,-28.8849],[30.7821,-28.8731],[30.7963,-28.8726],[30.8009,-28.8642],[30.7908,-28.8625],[30.7826,-28.8666],[30.7759,-28.8634],[30.7766,-28.8554],[30.7877,-28.8506],[30.7863,-28.845],[30.7965,-28.8385],[30.7886,-28.8239],[30.7959,-28.8197],[30.8048,-28.8231],[30.8186,-28.8133],[30.8131,-28.8076],[30.8273,-28.7876],[30.8261,-28.7842],[30.8109,-28.7924],[30.7902,-28.8157],[30.7809,-28.8187],[30.7715,-28.8304]]]},"properties":{"tmax":37.52307701,"brucode":"VWc3","tmin":-3.59230769,"bru_clean":"VWc3","tmean":17.18846152,"map":775.125}},
{"type":"Feature","geometry":{"type":"Polygon","coordinates":[[[31.4177,-28.8165],[31.4151,-28.8379],[31.4286,-28.8393],[31.432,-28.8204],[31.4438,-28.8194],[31.4336,-28.8331],[31.434,-28.8393],[31.4477,-28.8423],[31.4598,-28.8355],[31.4651,-28.8478],[31.4736,-28.8456],[31.4829,-28.8408],[31.4849,-28.8119],[31.4724,-28.8133],[31.4573,-28.8059],[31.4432,-28.7854],[31.4346,-28.7968],[31.4292,-28.7985],[31.4297,-28.8153],[31.4177,-28.8165]]]},"properties":{"tmax":40.13043462,"brucode":"Vb7c","tmin":1.34673913,"bru_clean":"Vb7","tmean":19.25760864,"map":964.85869565}},
{"type":"Feature","geometry":{"type":"Polygon","coordinates":[[[29.3581,-28.8137],[29.3614,-28.8191],[29.3591,-28.8307],[29.3676,-28.8297],[29.3661,-28.8454],[29.3566,-28.8447],[29.3292,-28.8552],[29.3349,-28.8691],[29.336,-28.8846],[29.3499,-28.8974],[29.3683,-28.93],[29.3866,-28.9313],[29.4071,-28.9304],[29.4138,-28.9254],[29.4168,-28.9208],[29.4139,-28.8996],[29.4234,-28.8895],[29.4372,-28.8906],[29.4492,-28.8988],[29.4493,-28.9052],[29.4418,-28.9133],[29.4409,-28.9206],[29.4545,-28.9054],[29.4505,-28.8875],[29.4536,-28.8808],[29.4417,-28.8762],[29.4483,-28.8706],[29.4465,-28.8504],[29.4372,-28.853],[29.4085,-28.8465],[29.3976,-28.8417],[29.4218,-28.8353],[29.4391,-28.8285],[29.4499,-28.829],[29.4485,-28.8203],[29.4659,-28.8201],[29.4734,-28.8139],[29.4656,-28.8092],[29.4582,-28.805],[29.4463,-28.812],[29.4265,-28.8083],[29.4174,-28.7935],[29.4114,-28.7911],[29.3859,-28.7942],[29.3721,-28.7982],[29.366,-28.8083],[29.3581,-28.8137]]]},"properties":{"tmax":40.54750004,"brucode":"Xc8","tmin":-4.205,"bru_clean":"Xc8","tmean":18.49750013,"map":877.4}},
{"type":"Feature","geometry":{"type":"Polygon","coordinates":[[[30.9543,-28.7963],[30.9451,-28.7995],[30.9506,-28.8084],[30.9451,-28.8232],[30.9385,-28.8284],[30.9433,-28.8363],[30.9442,-28.8518],[30.9381,-28.8601],[30.9495,-28.869],[30.9767,-28.8716],[30.9745,-28.8601],[30.9664,-28.8554],[30.9605,-28.8415],[30.9608,-28.8293],[30.9692,-28.8184],[30.97,-28.8088],[30.9771,-28.8017],[30.9543,-28.7963]]]},"properties":{"tmax":38.72962966,"brucode":"TUb5b","tmin":0.49259259,"bru_clean":"TUb5","tmean":18.69629634,"map":777.59036145}},
{"type":"Feature","geometry":{"type":"Polygon","coordinates":[[[31.392,-28.7931],[31.3942,-28.7981],[31.3878,-28.8078],[31.3881,-28.8297],[31.3961,-28.8234],[31.4115,-28.8053],[31.4059,-28.8043],[31.4016,-28.797],[31.392,-28.7931]]]},"properties":{"tmax":40.13043462,"brucode":"Vb7b","tmin":1.34673913,"bru_clean":"Vb7","tmean":19.25760864,"map":964.85869565}},
{"type":"Feature","geometry":{"type":"Polygon","coordinates":[[[31.7501,-28.8031],[31.7357,-28.8119],[31.7,-28.8127],[31.6851,-28.822],[31.6459,-28.8322],[31.6144,-28.8486],[31.5839,-28.8521],[31.5786,-28.8624],[31.567,-28.8591],[31.5523,-28.8413],[31.5463,-28.8308],[31.5394,-28.8367],[31.532,-28.8323],[31.5348,-28.823],[31.5428,-28.8178],[31.5342,-28.8114],[31.5262,-28.8193],[31.5236,-28.8263],[31.5122,-28.8315],[31.5081,-28.8264],[31.4908,-28.8267],[31.4849,-28.8119],[31.4829,-28.8408],[31.4736,-28.8456],[31.4783,-28.8583],[31.4921,-28.8629],[31.4921,-28.8718],[31.5027,-28.8819],[31.5102,-28.8958],[31.4953,-28.8998],[31.4758,-28.9002],[31.4797,-28.9116],[31.4612,-28.9176],[31.4509,-28.911],[31.4324,-28.9163],[31.4263,-28.9135],[31.4093,-28.9161],[31.3942,-28.9287],[31.3885,-28.9372],[31.375,-28.9293],[31.3644,-28.9329],[31.3638,-28.9106],[31.3513,-28.9094],[31.3424,-28.9169],[31.3419,-28.9258],[31.3494,-28.9318],[31.3549,-28.9492],[31.345,-28.9456],[31.3428,-28.9338],[31.3363,-28.9297],[31.3241,-28.9348],[31.3224,-28.9407],[31.3056,-28.943],[31.3065,-28.952],[31.3188,-28.955],[31.3246,-28.968],[31.3098,-28.9651],[31.2824,-28.9697],[31.2865,-28.9779],[31.2981,-28.972],[31.311,-28.9743],[31.3078,-28.9846],[31.3199,-28.9822],[31.3234,-28.9893],[31.3346,-28.9801],[31.3481,-28.9876],[31.3523,-28.9775],[31.3593,-28.9727],[31.3698,-28.9748],[31.3806,-28.9864],[31.3945,-28.9789],[31.3932,-28.9895],[31.3818,-28.9903],[31.3733,-28.9975],[31.3668,-28.9966],[31.3621,-29.0068],[31.3495,-29.0072],[31.3559,-29.0169],[31.3525,-29.0308],[31.3273,-29.0543],[31.3167,-29.0626],[31.3286,-29.0687],[31.3454,-29.0684],[31.3525,-29.0714],[31.354,-29.0858],[31.3697,-29.0862],[31.3711,-29.0905],[31.4022,-29.0779],[31.4155,-29.0784],[31.4432,-29.0742],[31.4556,-29.0677],[31.4768,-29.069],[31.4743,-29.0609],[31.4601,-29.0483],[31.472,-29.0462],[31.4765,-29.0404],[31.4679,-29.0169],[31.4722,-29.0067],[31.4632,-29.0039],[31.4663,-28.9916],[31.4807,-28.9859],[31.4915,-28.9848],[31.5135,-28.9711],[31.5262,-28.9596],[31.5172,-28.9386],[31.527,-28.9404],[31.5352,-28.9535],[31.5489,-28.945],[31.5655,-28.9251],[31.5781,-28.9336],[31.5903,-28.9254],[31.6177,-28.9205],[31.6552,-28.9199],[31.6568,-28.9009],[31.66,-28.8966],[31.6786,-28.9068],[31.6967,-28.8973],[31.7096,-28.8978],[31.7346,-28.8878],[31.7436,-28.8788],[31.7305,-28.8622],[31.7254,-28.8612],[31.6964,-28.8651],[31.6773,-28.8649],[31.6613,-28.8671],[31.657,-28.8721],[31.6459,-28.8661],[31.6246,-28.8674],[31.6129,-28.8585],[31.6372,-28.8452],[31.654,-28.844],[31.6627,-28.8336],[31.6785,-28.8323],[31.701,-28.8227],[31.7424,-28.8291],[31.7357,-28.8541],[31.7472,-28.8514],[31.7537,-28.8413],[31.7601,-28.8479],[31.7707,-28.8422],[31.7966,-28.8395],[31.7991,-28.8433],[31.8247,-28.847],[31.8427,-28.8441],[31.8416,-28.831],[31.8264,-28.8269],[31.8221,-28.8225],[31.7993,-28.8204],[31.7582,-28.8097],[31.7583,-28.8051],[31.7501,-28.8031]]]},"properties":{"tmax":41.54347831,"brucode":"Ya3","tmin":2.43913043,"bru_clean":"Ya3","tmean":20.62919254,"map":1017.19753086}},
{"type":"Feature","geometry":{"type":"Polygon","coordinates":[[[32.0651,-28.8038],[32.0554,-28.8078],[32.0446,-28.8241],[32.0418,-28.8382],[32.0534,-28.8436],[32.0721,-28.8265],[32.0895,-28.8136],[32.0651,-28.8038]]]},"properties":{"tmax":41.70810813,"brucode":"Za8b","tmin":4.83783782,"bru_clean":"Za8","tmean":21.74324309,"map":1165.02439024}},
{"type":"Feature","geometry":{"type":"Polygon","coordinates":[[[31.2677,-28.9255],[31.2884,-28.9172],[31.2926,-28.9228],[31.3102,-28.9201],[31.3115,-28.9147],[31.3289,-28.9145],[31.3424,-28.9169],[31.3513,-28.9094],[31.3638,-28.9106],[31.3644,-28.9329],[31.375,-28.9293],[31.3885,-28.9372],[31.3942,-28.9287],[31.4093,-28.9161],[31.4263,-28.9135],[31.4324,-28.9163],[31.4509,-28.911],[31.4612,-28.9176],[31.4797,-28.9116],[31.4758,-28.9002],[31.4953,-28.8998],[31.5102,-28.8958],[31.5027,-28.8819],[31.4921,-28.8718],[31.4921,-28.8629],[31.4783,-28.8583],[31.4568,-28.8541],[31.4207,-28.8446],[31.409,-28.8466],[31.4033,-28.8534],[31.3756,-28.8537],[31.3697,-28.8403],[31.3614,-28.8423],[31.3365,-28.823],[31.343,-28.8144],[31.3392,-28.8038],[31.3328,-28.8058],[31.3216,-28.8174],[31.3224,-28.832],[31.3175,-28.8379],[31.304,-28.8436],[31.3004,-28.8511],[31.2784,-28.8436],[31.2749,-28.8551],[31.2748,-28.8733],[31.2657,-28.8785],[31.2646,-28.8952],[31.2723,-28.9054],[31.2677,-28.9255]]]},"properties":{"tmax":39.47321415,"brucode":"Zb1","tmin":1.65535714,"bru_clean":"Zb1","tmean":18.99642859,"map":1037.30357143}},
{"type":"Feature","geometry":{"type":"Polygon","coordinates":[[[31.864,-28.8454],[31.8571,-28.8514],[31.8552,-28.8598],[31.8423,-28.8724],[31.8332,-28.8707],[31.8235,-28.8759],[31.7872,-28.9077],[31.787,-28.9129],[31.7741,-28.927],[31.7536,-28.9288],[31.7635,-28.9419],[31.7429,-28.9469],[31.7358,-28.9557],[31.7331,-28.9716],[31.7236,-28.9787],[31.7076,-28.975],[31.7302,-28.9604],[31.7235,-28.9539],[31.6997,-28.9677],[31.6923,-28.9684],[31.6854,-28.9989],[31.6758,-29.0149],[31.6626,-29.0205],[31.6511,-29.0288],[31.6398,-29.0516],[31.6244,-29.0661],[31.6074,-29.0879],[31.6119,-29.0964],[31.6061,-29.1042],[31.5934,-29.1103],[31.5812,-29.1122],[31.5738,-29.1288],[31.557,-29.1369],[31.5431,-29.1553],[31.5251,-29.1715],[31.5122,-29.1906],[31.4994,-29.1955],[31.4904,-29.2129],[31.4646,-29.2273],[31.4496,-29.2503],[31.4449,-29.2643],[31.4431,-29.2797],[31.4535,-29.2676],[31.4804,-29.2473],[31.491,-29.23],[31.5044,-29.2237],[31.5425,-29.1905],[31.56,-29.1776],[31.5938,-29.139],[31.6085,-29.1239],[31.6267,-29.1002],[31.6444,-29.0819],[31.6594,-29.0711],[31.6771,-29.0509],[31.7018,-29.0301],[31.7372,-28.9899],[31.7569,-28.9712],[31.7749,-28.9603],[31.8203,-28.9436],[31.8423,-28.9415],[31.8844,-28.9262],[31.9185,-28.9175],[31.9408,-28.9055],[31.9624,-28.8996],[32.0042,-28.8822],[32.0293,-28.8654],[32.0481,-28.848],[32.0395,-28.8438],[32.0293,-28.847],[32.0121,-28.8546],[32.0015,-28.8407],[31.9866,-28.8345],[31.9876,-28.8272],[31.9758,-28.8259],[31.9712,-28.8151],[31.9566,-28.8078],[31.9372,-28.8155],[31.9333,-28.8283],[31.9188,-28.8384],[31.9103,-28.8478],[31.9028,-28.8508],[31.8807,-28.8502],[31.864,-28.8454]]]},"properties":{"tmax":42.34600014,"brucode":"Za5","tmin":3.378,"bru_clean":"Za5","tmean":21.71999992,"map":1232.0952381}},
{"type":"Feature","geometry":{"type":"Polygon","coordinates":[[[29.2975,-28.9559],[29.289,-28.9461],[29.2858,-28.9315],[29.2901,-28.9204],[29.3036,-28.9093],[29.3138,-28.9148],[29.3197,-28.9111],[29.3265,-28.9207],[29.3363,-28.9222],[29.3434,-28.9331],[29.3498,-28.9311],[29.3486,-28.9147],[29.338,-28.9011],[29.3365,-28.8938],[29.3181,-28.8917],[29.3167,-28.8843],[29.3261,-28.8815],[29.3284,-28.8713],[29.3349,-28.8691],[29.3292,-28.8552],[29.3566,-28.8447],[29.3661,-28.8454],[29.3676,-28.8297],[29.3591,-28.8307],[29.3614,-28.8191],[29.3581,-28.8137],[29.3417,-28.8114],[29.3268,-28.8204],[29.3326,-28.8234],[29.3214,-28.8329],[29.3156,-28.8289],[29.2885,-28.8252],[29.2786,-28.8217],[29.2678,-28.8298],[29.2634,-28.8435],[29.2565,-28.843],[29.2527,-28.8458],[29.2647,-28.858],[29.2584,-28.8722],[29.2656,-28.8794],[29.2634,-28.8861],[29.2492,-28.894],[29.2356,-28.8979],[29.2375,-28.9074],[29.2477,-28.9042],[29.2709,-28.9062],[29.2654,-28.9177],[29.2505,-28.9201],[29.2417,-28.929],[29.2405,-28.9356],[29.2474,-28.9498],[29.2672,-28.9446],[29.2741,-28.9469],[29.2838,-28.963],[29.2975,-28.9559]]]},"properties":{"tmax":39.13235328,"brucode":"XYc1","tmin":-4.59705877,"bru_clean":"XYc1","tmean":17.78823527,"map":981.32352941}},
{"type":"Feature","geometry":{"type":"Polygon","coordinates":[[[29.2474,-28.9498],[29.2405,-28.9356],[29.2417,-28.929],[29.2505,-28.9201],[29.2654,-28.9177],[29.2709,-28.9062],[29.2477,-28.9042],[29.2375,-28.9074],[29.2356,-28.8979],[29.2492,-28.894],[29.2634,-28.8861],[29.2656,-28.8794],[29.2584,-28.8722],[29.2647,-28.858],[29.2527,-28.8458],[29.2577,-28.8366],[29.2584,-28.8266],[29.25,-28.8183],[29.2417,-28.8314],[29.242,-28.8486],[29.2274,-28.8618],[29.2175,-28.8621],[29.2339,-28.8658],[29.2164,-28.8795],[29.2113,-28.9044],[29.2158,-28.9118],[29.2166,-28.9251],[29.2051,-28.9317],[29.1922,-28.9296],[29.1932,-28.9406],[29.1853,-28.9554],[29.1981,-28.9526],[29.2237,-28.9509],[29.2429,-28.9571],[29.2474,-28.9498]]]},"properties":{"tmax":36.88333363,"brucode":"Zd4","tmin":-4.46111107,"bru_clean":"Zd4","tmean":16.66111114,"map":1102.42105263}},
{"type":"Feature","geometry":{"type":"Polygon","coordinates":[[[31.7305,-28.8622],[31.7357,-28.8541],[31.7424,-28.8291],[31.701,-28.8227],[31.6785,-28.8323],[31.6627,-28.8336],[31.654,-28.844],[31.6372,-28.8452],[31.6129,-28.8585],[31.6246,-28.8674],[31.6459,-28.8661],[31.657,-28.8721],[31.6613,-28.8671],[31.6773,-28.8649],[31.6964,-28.8651],[31.7254,-28.8612],[31.7305,-28.8622]]]},"properties":{"tmax":41.29285731,"brucode":"Za2","tmin":0.74285714,"bru_clean":"Za2","tmean":20.75714302,"map":1084.07142857}},
{"type":"Feature","geometry":{"type":"Polygon","coordinates":[[[30.7506,-28.9178],[30.762,-28.9291],[30.7736,-28.9268],[30.7791,-28.9388],[30.7656,-28.9463],[30.7584,-28.9422],[30.7468,-28.9521],[30.7266,-28.9569],[30.7127,-28.9612],[30.7041,-28.9726],[30.6936,-28.9721],[30.6891,-28.993],[30.6902,-28.9996],[30.6766,-29.0046],[30.6779,-29.0215],[30.6749,-29.0244],[30.6677,-29.0346],[30.6754,-29.0492],[30.6846,-29.0462],[30.6818,-29.0384],[30.6867,-29.0167],[30.6931,-29.0069],[30.703,-29.0163],[30.7198,-29.0161],[30.7154,-29.028],[30.7177,-29.0383],[30.7023,-29.034],[30.6962,-29.0387],[30.7031,-29.0516],[30.7141,-29.0483],[30.7381,-29.0518],[30.7442,-29.0577],[30.743,-29.0705],[30.7551,-29.08],[30.755,-29.0953],[30.7483,-29.0999],[30.7641,-29.1008],[30.7708,-29.0852],[30.7793,-29.0782],[30.775,-29.055],[30.7701,-29.0428],[30.7784,-29.0364],[30.7809,-29.0287],[30.7706,-29.0258],[30.7718,-29.0135],[30.7805,-28.9975],[30.7988,-28.999],[30.8095,-28.9935],[30.8029,-28.9878],[30.8296,-28.9655],[30.835,-28.9551],[30.846,-28.968],[30.8594,-28.9588],[30.8729,-28.9509],[30.8668,-28.9435],[30.8604,-28.9534],[30.8439,-28.9557],[30.8404,-28.9463],[30.8318,-28.9379],[30.8113,-28.9315],[30.803,-28.9403],[30.7882,-28.9412],[30.7816,-28.9282],[30.763,-28.9106],[30.7575,-28.8904],[30.767,-28.8712],[30.7612,-28.868],[30.761,-28.8587],[30.7527,-28.8588],[30.7407,-28.8428],[30.7252,-28.8306],[30.7118,-28.8258],[30.7111,-28.8386],[30.7219,-28.8486],[30.7337,-28.8479],[30.7435,-28.8547],[30.7424,-28.8652],[30.7534,-28.8688],[30.7416,-28.8833],[30.7411,-28.9136],[30.7506,-28.9178]]]},"properties":{"tmax":37.39787244,"brucode":"WXc7","tmin":-6.85957455,"bru_clean":"WXc7","tmean":16.23617034,"map":807.80851064}},
{"type":"Feature","geometry":{"type":"Polygon","coordinates":[[[30.6383,-28.8937],[30.6547,-28.892],[30.6557,-28.908],[30.6713,-28.9123],[30.6803,-28.9035],[30.6786,-28.8927],[30.669,-28.8961],[30.6392,-28.8757],[30.6358,-28.852],[30.6189,-28.8428],[30.6141,-28.834],[30.5978,-28.8465],[30.5903,-28.8592],[30.596,-28.8634],[30.5907,-28.8756],[30.5992,-28.8821],[30.6065,-28.8778],[30.6212,-28.8872],[30.6289,-28.8766],[30.6398,-28.8819],[30.6383,-28.8937]],[[30.6321,-28.8561],[30.6363,-28.8715],[30.624,-28.8756],[30.603,-28.8703],[30.6099,-28.8613],[30.6185,-28.8569],[30.6321,-28.8561]]]},"properties":{"tmax":38.45714297,"brucode":"VWc2","tmin":-7.14285707,"bru_clean":"VWc2","tmean":16.5142855,"map":707.28571429}},
{"type":"Feature","geometry":{"type":"Polygon","coordinates":[[[31.8427,-28.8441],[31.8247,-28.847],[31.7991,-28.8433],[31.7966,-28.8395],[31.7707,-28.8422],[31.7601,-28.8479],[31.7537,-28.8413],[31.7472,-28.8514],[31.7357,-28.8541],[31.7305,-28.8622],[31.7436,-28.8788],[31.7346,-28.8878],[31.7096,-28.8978],[31.6967,-28.8973],[31.6786,-28.9068],[31.66,-28.8966],[31.6568,-28.9009],[31.6552,-28.9199],[31.6663,-28.9395],[31.6759,-28.9392],[31.6762,-28.9471],[31.6924,-28.9403],[31.7051,-28.9381],[31.7232,-28.9386],[31.7316,-28.9305],[31.7536,-28.9288],[31.7741,-28.927],[31.787,-28.9129],[31.7872,-28.9077],[31.8235,-28.8759],[31.8332,-28.8707],[31.8423,-28.8724],[31.8552,-28.8598],[31.8571,-28.8514],[31.8527,-28.8429],[31.8427,-28.8441]]]},"properties":{"tmax":42.07368419,"brucode":"Za4","tmin":2.54736842,"bru_clean":"Za4","tmean":21.62894776,"map":1134.81578947}},
{"type":"Feature","geometry":{"type":"Polygon","coordinates":[[[30.416,-28.8376],[30.3966,-28.8351],[30.3884,-28.8422],[30.3806,-28.841],[30.3744,-28.8527],[30.3632,-28.8588],[30.3636,-28.8698],[30.3595,-28.8793],[30.3491,-28.8877],[30.3285,-28.8937],[30.3074,-28.9057],[30.3085,-28.9152],[30.3256,-28.916],[30.3148,-28.9274],[30.3233,-28.943],[30.3157,-28.9453],[30.3011,-28.9397],[30.291,-28.9329],[30.2625,-28.9398],[30.2501,-28.939],[30.2315,-28.9435],[30.2274,-28.9578],[30.2355,-28.9581],[30.2418,-28.9501],[30.265,-28.9623],[30.2757,-28.9545],[30.283,-28.9754],[30.2891,-28.9726],[30.2961,-28.9814],[30.2885,-28.9984],[30.2726,-28.9919],[30.2723,-29.0033],[30.2772,-29.0065],[30.275,-29.0208],[30.289,-29.0158],[30.3035,-29.006],[30.3232,-29.0189],[30.3306,-29.03],[30.3466,-29.0234],[30.3492,-29.019],[30.3556,-29.0127],[30.3674,-29.0115],[30.3609,-29.0066],[30.3731,-28.9791],[30.3677,-28.9738],[30.3546,-28.9732],[30.3466,-28.967],[30.3509,-28.9577],[30.3665,-28.9588],[30.3714,-28.9516],[30.3652,-28.94],[30.381,-28.9296],[30.388,-28.9216],[30.3804,-28.915],[30.3884,-28.9066],[30.3704,-28.8981],[30.3803,-28.8864],[30.3847,-28.8768],[30.403,-28.8873],[30.4143,-28.8832],[30.4106,-28.8751],[30.415,-28.8652],[30.4087,-28.8457],[30.4322,-28.8569],[30.4311,-28.8476],[30.4193,-28.8439],[30.416,-28.8376]]]},"properties":{"tmax":40.44444453,"brucode":"Tc5","tmin":-4.32222223,"bru_clean":"Tc5","tmean":18.04888874,"map":742}},
{"type":"Feature","geometry":{"type":"Polygon","coordinates":[[[30.0274,-28.8872],[30.0301,-28.8984],[30.0464,-28.9097],[30.0548,-28.9087],[30.0586,-28.8881],[30.0721,-28.8945],[30.079,-28.8914],[30.0863,-28.8669],[30.0914,-28.8607],[30.1028,-28.8584],[30.1094,-28.8525],[30.1288,-28.8548],[30.1456,-28.8436],[30.1368,-28.836],[30.1274,-28.8365],[30.1135,-28.848],[30.0964,-28.85],[30.0771,-28.8373],[30.0648,-28.8373],[30.0565,-28.8409],[30.0459,-28.855],[30.0505,-28.869],[30.0451,-28.8833],[30.0274,-28.8872]]]},"properties":{"tmax":40.49999971,"brucode":"Tb4","tmin":-6.06153848,"bru_clean":"Tb4","tmean":18.50000015,"map":715.83333333}},
{"type":"Feature","geometry":{"type":"Polygon","coordinates":[[[29.9938,-28.8893],[29.9997,-28.8893],[30.0149,-28.8813],[30.0256,-28.8812],[30.0374,-28.8768],[30.0298,-28.8605],[30.026,-28.839],[30.0063,-28.8496],[29.9912,-28.8467],[29.9956,-28.8566],[29.9894,-28.8611],[29.9809,-28.858],[29.9811,-28.8709],[29.9929,-28.8775],[29.9938,-28.8893]]]},"properties":{"tmax":38.60500011,"brucode":"Uc7a","tmin":-6.04000001,"bru_clean":"Uc7","tmean":17.32000017,"map":693.85}},
{"type":"Feature","geometry":{"type":"Polygon","coordinates":[[[29.4483,-28.8706],[29.4417,-28.8762],[29.4536,-28.8808],[29.4505,-28.8875],[29.4545,-28.9054],[29.4409,-28.9206],[29.4377,-28.9309],[29.4484,-28.9293],[29.4586,-28.9324],[29.4615,-28.9241],[29.477,-28.9227],[29.4773,-28.9425],[29.4811,-28.9493],[29.4907,-28.9515],[29.4978,-28.9651],[29.5128,-28.9546],[29.5108,-28.9431],[29.5032,-28.9322],[29.5272,-28.9275],[29.5261,-28.913],[29.5154,-28.9136],[29.4992,-28.9108],[29.4971,-28.8909],[29.5064,-28.8894],[29.519,-28.8746],[29.5273,-28.8686],[29.5295,-28.8581],[29.5169,-28.8588],[29.5001,-28.8542],[29.4858,-28.8592],[29.4793,-28.874],[29.464,-28.8678],[29.4483,-28.8706]]]},"properties":{"tmax":40.79375005,"brucode":"WXc6","tmin":-5.99374998,"bru_clean":"WXc6","tmean":18.34375024,"map":755.3125}},
{"type":"Feature","geometry":{"type":"Polygon","coordinates":[[[30.6321,-28.8561],[30.6185,-28.8569],[30.6099,-28.8613],[30.603,-28.8703],[30.624,-28.8756],[30.6363,-28.8715],[30.6321,-28.8561]]]},"properties":{"tmax":38.14999962,"brucode":"Xd3","tmin":-7.25,"bru_clean":"Xd3","tmean":16.34999943,"map":725.5}},
{"type":"Feature","geometry":{"type":"Polygon","coordinates":[[[30.4804,-28.8592],[30.4637,-28.8559],[30.4482,-28.8678],[30.4415,-28.8696],[30.441,-28.8846],[30.4352,-28.899],[30.4191,-28.9027],[30.404,-28.9114],[30.4019,-28.9146],[30.4184,-28.9217],[30.4418,-28.9037],[30.454,-28.8901],[30.4646,-28.8739],[30.4828,-28.8756],[30.4967,-28.8734],[30.5001,-28.8647],[30.4886,-28.8565],[30.4804,-28.8592]]]},"properties":{"tmax":42.04000015,"brucode":"Sb2","tmin":-3.14000001,"bru_clean":"Sb2","tmean":19.17999992,"map":697.66666667}},
{"type":"Feature","geometry":{"type":"Polygon","coordinates":[[[30.5001,-28.8647],[30.4967,-28.8734],[30.4828,-28.8756],[30.4646,-28.8739],[30.454,-28.8901],[30.4418,-28.9037],[30.4184,-28.9217],[30.4019,-28.9146],[30.3986,-28.9366],[30.391,-28.945],[30.3947,-28.9516],[30.389,-28.9718],[30.3981,-28.9793],[30.3909,-28.9944],[30.3783,-28.993],[30.3696,-28.9885],[30.37,-29.0143],[30.3693,-29.0187],[30.3508,-29.0412],[30.3583,-29.0495],[30.359,-29.0623],[30.3614,-29.0511],[30.3768,-29.0506],[30.3639,-29.0324],[30.3703,-29.0283],[30.3794,-29.0313],[30.3887,-29.0271],[30.3796,-29.0145],[30.3759,-28.9999],[30.3898,-29],[30.3998,-28.9987],[30.3995,-28.9842],[30.4096,-28.9863],[30.4152,-28.9805],[30.4332,-28.9849],[30.445,-28.9823],[30.4338,-28.9734],[30.4255,-28.957],[30.409,-28.9489],[30.4051,-28.944],[30.4081,-28.9274],[30.4157,-28.927],[30.4201,-28.9348],[30.4281,-28.9329],[30.4284,-28.9436],[30.4432,-28.9372],[30.4355,-28.9286],[30.4366,-28.9232],[30.449,-28.9234],[30.4539,-28.9308],[30.4666,-28.9244],[30.4847,-28.9243],[30.4873,-28.9137],[30.512,-28.9042],[30.5238,-28.9088],[30.5404,-28.9099],[30.5534,-28.8888],[30.5407,-28.874],[30.5279,-28.8652],[30.5179,-28.8668],[30.5087,-28.8615],[30.5001,-28.8647]]]},"properties":{"tmax":41.42500019,"brucode":"Tb6","tmin":-4.37857143,"bru_clean":"Tb6","tmean":18.59285702,"map":769.86206897}},
{"type":"Feature","geometry":{"type":"Polygon","coordinates":[[[29.3547,-28.9756],[29.3576,-28.9809],[29.3794,-28.9778],[29.3768,-28.9869],[29.3977,-28.9913],[29.4187,-28.9862],[29.4237,-28.9894],[29.4208,-28.9836],[29.3914,-28.969],[29.3736,-28.9701],[29.3768,-28.9617],[29.3915,-28.9614],[29.4006,-28.9537],[29.4146,-28.9493],[29.4099,-28.9318],[29.4138,-28.9254],[29.4071,-28.9304],[29.3866,-28.9313],[29.3683,-28.93],[29.3499,-28.8974],[29.336,-28.8846],[29.3349,-28.8691],[29.3284,-28.8713],[29.3261,-28.8815],[29.3167,-28.8843],[29.3181,-28.8917],[29.3365,-28.8938],[29.338,-28.9011],[29.3486,-28.9147],[29.3498,-28.9311],[29.3434,-28.9331],[29.3363,-28.9222],[29.3265,-28.9207],[29.3197,-28.9111],[29.3138,-28.9148],[29.3036,-28.9093],[29.2901,-28.9204],[29.2858,-28.9315],[29.289,-28.9461],[29.2975,-28.9559],[29.2992,-28.9452],[29.3132,-28.9366],[29.2989,-28.9325],[29.3005,-28.9256],[29.3132,-28.9235],[29.3287,-28.9357],[29.331,-28.9484],[29.3365,-28.9563],[29.3487,-28.9566],[29.3547,-28.9756]]]},"properties":{"tmax":38.23157883,"brucode":"Yd10","tmin":-4.35789465,"bru_clean":"Yd10","tmean":17.10000013,"map":1215.26315789}},
{"type":"Feature","geometry":{"type":"Polygon","coordinates":[[[31.1235,-28.89],[31.116,-28.8844],[31.1099,-28.8999],[31.1102,-28.9117],[31.1166,-28.9153],[31.1217,-28.9274],[31.1288,-28.9323],[31.142,-28.9295],[31.1439,-28.9413],[31.1507,-28.9534],[31.1677,-28.9569],[31.1773,-28.9471],[31.1897,-28.9572],[31.216,-28.9533],[31.2061,-28.9463],[31.1973,-28.9509],[31.1922,-28.9411],[31.1776,-28.9375],[31.1811,-28.9208],[31.1682,-28.8996],[31.1542,-28.9107],[31.145,-28.907],[31.1327,-28.908],[31.1364,-28.8975],[31.1235,-28.89]]]},"properties":{"tmax":40.19210554,"brucode":"VWa2a","tmin":4.24210527,"bru_clean":"VWa2","tmean":20.16052638,"map":972.14634146}},
{"type":"Feature","geometry":{"type":"Polygon","coordinates":[[[30.2442,-28.885],[30.227,-28.8976],[30.2171,-28.9271],[30.2315,-28.9435],[30.2501,-28.939],[30.2625,-28.9398],[30.291,-28.9329],[30.3011,-28.9397],[30.3157,-28.9453],[30.3233,-28.943],[30.3148,-28.9274],[30.3256,-28.916],[30.3085,-28.9152],[30.3049,-28.9134],[30.2651,-28.914],[30.2518,-28.9216],[30.2282,-28.919],[30.2316,-28.9075],[30.2435,-28.8954],[30.2442,-28.885]]]},"properties":{"tmax":37.97941163,"brucode":"TUc7b","tmin":-6.47352944,"bru_clean":"TUc7","tmean":16.27058834,"map":666.11764706}},
{"type":"Feature","geometry":{"type":"Polygon","coordinates":[[[29.4039,-29.0242],[29.4242,-29.0341],[29.4329,-29.0359],[29.4388,-29.0474],[29.4568,-29.0412],[29.453,-29.0542],[29.4631,-29.0649],[29.4878,-29.0607],[29.4905,-29.0519],[29.4991,-29.0471],[29.5018,-29.0625],[29.4887,-29.0686],[29.4929,-29.0798],[29.4916,-29.0944],[29.5043,-29.0837],[29.5121,-29.0842],[29.5174,-29.1008],[29.525,-29.0918],[29.5329,-29.0907],[29.538,-29.0804],[29.5399,-29.0622],[29.535,-29.0576],[29.5249,-29.0707],[29.5093,-29.0694],[29.5275,-29.0559],[29.5303,-29.0492],[29.5168,-29.0468],[29.5223,-29.0344],[29.5154,-29.0304],[29.5138,-29.0149],[29.5209,-28.9892],[29.5336,-28.9846],[29.5323,-28.9766],[29.5243,-28.9702],[29.5055,-28.9736],[29.4978,-28.9651],[29.4907,-28.9515],[29.4811,-28.9493],[29.4773,-28.9425],[29.477,-28.9227],[29.4615,-28.9241],[29.4586,-28.9324],[29.4484,-28.9293],[29.4377,-28.9309],[29.4409,-28.9206],[29.4418,-28.9133],[29.4493,-28.9052],[29.4492,-28.8988],[29.4372,-28.8906],[29.4234,-28.8895],[29.4139,-28.8996],[29.4168,-28.9208],[29.4138,-28.9254],[29.4099,-28.9318],[29.4146,-28.9493],[29.4006,-28.9537],[29.3915,-28.9614],[29.3768,-28.9617],[29.3736,-28.9701],[29.3914,-28.969],[29.4208,-28.9836],[29.4237,-28.9894],[29.4207,-28.9978],[29.41,-29.0031],[29.4077,-29.0103],[29.4257,-29.0142],[29.4186,-29.0278],[29.412,-29.0218],[29.4039,-29.0242]]]},"properties":{"tmax":39.43888876,"brucode":"Yc7","tmin":-5.57962962,"bru_clean":"Yc7","tmean":17.69259257,"map":940.25925926}},
{"type":"Feature","geometry":{"type":"Polygon","coordinates":[[[30.6713,-28.9123],[30.6557,-28.908],[30.6547,-28.892],[30.6383,-28.8937],[30.6361,-28.9105],[30.6524,-28.9185],[30.6513,-28.9284],[30.6392,-28.9358],[30.6305,-28.9371],[30.6189,-28.9452],[30.6148,-28.9641],[30.5995,-28.963],[30.5945,-28.9578],[30.5839,-28.9652],[30.5882,-28.9675],[30.5949,-28.9628],[30.6027,-28.9686],[30.6162,-28.9717],[30.623,-28.9685],[30.626,-28.9558],[30.6441,-28.9528],[30.6512,-28.9453],[30.6601,-28.9555],[30.6663,-28.9571],[30.6685,-28.9316],[30.6745,-28.9235],[30.6857,-28.9326],[30.7021,-28.931],[30.6976,-28.9398],[30.7074,-28.9462],[30.7135,-28.9547],[30.7266,-28.9569],[30.7468,-28.9521],[30.7584,-28.9422],[30.7656,-28.9463],[30.7791,-28.9388],[30.7736,-28.9268],[30.762,-28.9291],[30.7506,-28.9178],[30.7351,-28.9282],[30.7264,-28.9208],[30.7126,-28.922],[30.706,-28.9286],[30.6944,-28.9231],[30.6818,-28.9213],[30.6713,-28.9123]]]},"properties":{"tmax":37.81250024,"brucode":"TUc10","tmin":-7.48750013,"bru_clean":"TUc10","tmean":16.10625023,"map":754.94444444}},
{"type":"Feature","geometry":{"type":"Polygon","coordinates":[[[29.5677,-28.9607],[29.553,-28.9551],[29.5354,-28.9567],[29.5265,-28.948],[29.5322,-28.9339],[29.5395,-28.9341],[29.5466,-28.9265],[29.5425,-28.917],[29.534,-28.9109],[29.5347,-28.9003],[29.5268,-28.8936],[29.5154,-28.9136],[29.5261,-28.913],[29.5272,-28.9275],[29.5032,-28.9322],[29.5108,-28.9431],[29.5128,-28.9546],[29.4978,-28.9651],[29.5055,-28.9736],[29.5243,-28.9702],[29.5323,-28.9766],[29.5336,-28.9846],[29.5209,-28.9892],[29.5138,-29.0149],[29.5154,-29.0304],[29.5223,-29.0344],[29.5168,-29.0468],[29.5303,-29.0492],[29.5275,-29.0559],[29.5093,-29.0694],[29.5249,-29.0707],[29.535,-29.0576],[29.5399,-29.0622],[29.5563,-29.0697],[29.5618,-29.0669],[29.5668,-29.0834],[29.579,-29.077],[29.5856,-29.0701],[29.5816,-29.059],[29.5841,-29.0365],[29.5895,-29.0271],[29.605,-29.013],[29.5965,-29.0062],[29.6199,-29.0025],[29.6122,-28.9949],[29.6046,-28.9786],[29.5981,-28.9669],[29.5888,-28.9659],[29.5757,-28.9736],[29.5677,-28.9607]]]},"properties":{"tmax":38.12777763,"brucode":"Wc14","tmin":-7.62222221,"bru_clean":"Wc14","tmean":16.79166659,"map":951.05555556}},
{"type":"Feature","geometry":{"type":"Polygon","coordinates":[[[30.0056,-28.9975],[30.0091,-28.9943],[30.0087,-28.981],[30.0153,-28.9784],[30.0148,-28.9684],[30.0261,-28.9611],[30.0377,-28.9581],[30.0281,-28.9489],[30.0265,-28.9368],[30.02,-28.924],[30.0183,-28.9081],[30.0051,-28.899],[29.9989,-28.9019],[29.9904,-28.9203],[29.9999,-28.9253],[29.9931,-28.9318],[29.9865,-28.928],[29.9761,-28.9408],[29.9655,-28.9393],[29.9592,-28.9456],[29.9622,-28.9541],[29.9685,-28.9594],[29.9806,-28.9563],[29.98,-28.9704],[29.9938,-28.9728],[29.9901,-28.983],[29.9921,-28.9906],[30.0056,-28.9975]]]},"properties":{"tmax":38.60500011,"brucode":"Uc7b","tmin":-6.04000001,"bru_clean":"Uc7","tmean":17.32000017,"map":693.85}},
{"type":"Feature","geometry":{"type":"Polygon","coordinates":[[[30.3884,-28.9066],[30.3804,-28.915],[30.388,-28.9216],[30.381,-28.9296],[30.3652,-28.94],[30.3714,-28.9516],[30.3665,-28.9588],[30.3509,-28.9577],[30.3466,-28.967],[30.3546,-28.9732],[30.3677,-28.9738],[30.3731,-28.9791],[30.3609,-29.0066],[30.3674,-29.0115],[30.37,-29.0143],[30.3696,-28.9885],[30.3783,-28.993],[30.3909,-28.9944],[30.3981,-28.9793],[30.389,-28.9718],[30.3947,-28.9516],[30.391,-28.945],[30.3986,-28.9366],[30.4019,-28.9146],[30.404,-28.9114],[30.3959,-28.8992],[30.3884,-28.9066]]]},"properties":{"tmax":41.3714289,"brucode":"Tb5","tmin":-3.45714286,"bru_clean":"Tb5","tmean":18.81428555,"map":715.875}},
{"type":"Feature","geometry":{"type":"Polygon","coordinates":[[[31.4155,-29.0784],[31.4257,-29.0881],[31.4238,-29.0947],[31.443,-29.0955],[31.451,-29.0911],[31.4639,-29.0998],[31.4742,-29.1017],[31.4899,-29.0956],[31.4984,-29.0995],[31.4922,-29.1072],[31.4946,-29.1129],[31.5051,-29.1143],[31.5243,-29.1091],[31.5433,-29.0942],[31.5456,-29.0835],[31.5735,-29.0678],[31.5727,-29.0629],[31.5829,-29.0369],[31.5913,-29.0249],[31.5941,-29.0159],[31.6038,-29.0038],[31.6146,-29.0001],[31.6223,-28.9905],[31.6243,-28.9784],[31.6382,-28.9622],[31.6388,-28.9544],[31.6499,-28.9505],[31.6708,-28.951],[31.6762,-28.9471],[31.6759,-28.9392],[31.6663,-28.9395],[31.6552,-28.9199],[31.6177,-28.9205],[31.5903,-28.9254],[31.5781,-28.9336],[31.5655,-28.9251],[31.5489,-28.945],[31.5352,-28.9535],[31.527,-28.9404],[31.5172,-28.9386],[31.5262,-28.9596],[31.5135,-28.9711],[31.4915,-28.9848],[31.4807,-28.9859],[31.4663,-28.9916],[31.4632,-29.0039],[31.4722,-29.0067],[31.4679,-29.0169],[31.4765,-29.0404],[31.472,-29.0462],[31.4601,-29.0483],[31.4743,-29.0609],[31.4768,-29.069],[31.4556,-29.0677],[31.4432,-29.0742],[31.4155,-29.0784]]]},"properties":{"tmax":43.44473703,"brucode":"Ya4","tmin":1.82631578,"bru_clean":"Ya4","tmean":21.62236879,"map":1015.81081081}},
{"type":"Feature","geometry":{"type":"Polygon","coordinates":[[[31.2448,-29.0458],[31.2326,-29.0596],[31.2391,-29.0673],[31.2502,-29.07],[31.2571,-29.0519],[31.2626,-29.0576],[31.2799,-29.0643],[31.2813,-29.074],[31.2659,-29.0896],[31.283,-29.0892],[31.2872,-29.0812],[31.3011,-29.077],[31.3091,-29.0662],[31.2931,-29.0572],[31.292,-29.0435],[31.2989,-29.0338],[31.3183,-29.0313],[31.3276,-29.045],[31.3273,-29.0543],[31.3525,-29.0308],[31.3559,-29.0169],[31.3495,-29.0072],[31.3621,-29.0068],[31.3668,-28.9966],[31.3733,-28.9975],[31.3818,-28.9903],[31.3932,-28.9895],[31.3945,-28.9789],[31.3806,-28.9864],[31.3698,-28.9748],[31.3593,-28.9727],[31.3523,-28.9775],[31.3481,-28.9876],[31.3346,-28.9801],[31.3234,-28.9893],[31.3199,-28.9822],[31.3078,-28.9846],[31.311,-28.9743],[31.2981,-28.972],[31.2865,-28.9779],[31.2824,-28.9697],[31.3098,-28.9651],[31.3246,-28.968],[31.3188,-28.955],[31.3065,-28.952],[31.3056,-28.943],[31.3224,-28.9407],[31.3241,-28.9348],[31.3363,-28.9297],[31.3428,-28.9338],[31.345,-28.9456],[31.3549,-28.9492],[31.3494,-28.9318],[31.3419,-28.9258],[31.3424,-28.9169],[31.3289,-28.9145],[31.3115,-28.9147],[31.3102,-28.9201],[31.2926,-28.9228],[31.2884,-28.9172],[31.2677,-28.9255],[31.2675,-28.933],[31.259,-28.9389],[31.2531,-28.936],[31.241,-28.9587],[31.2285,-28.961],[31.2252,-28.9675],[31.2147,-28.9745],[31.2061,-28.9891],[31.223,-28.9947],[31.2361,-28.9883],[31.2591,-28.9843],[31.2529,-28.9957],[31.2467,-28.9969],[31.2337,-29.0121],[31.2477,-29.0162],[31.2533,-29.0332],[31.2448,-29.0458]]]},"properties":{"tmax":40.06078451,"brucode":"Yb3","tmin":2.19411765,"bru_clean":"Yb3","tmean":19.45490198,"map":1005.75}},
{"type":"Feature","geometry":{"type":"Polygon","coordinates":[[[29.7698,-29.0325],[29.7724,-29.05],[29.7624,-29.0634],[29.7734,-29.0665],[29.7796,-29.0591],[29.7927,-29.0588],[29.8071,-29.0659],[29.8176,-29.0641],[29.8316,-29.0555],[29.8271,-29.0435],[29.8318,-29.039],[29.8412,-29.0467],[29.8531,-29.0409],[29.8639,-29.0327],[29.873,-29.0313],[29.8788,-29.0179],[29.8765,-29.0131],[29.9015,-29.0039],[29.8907,-28.98],[29.9005,-28.9728],[29.8889,-28.9624],[29.8861,-28.9691],[29.8695,-28.9674],[29.8616,-28.9569],[29.877,-28.947],[29.8967,-28.9418],[29.9019,-28.9328],[29.9139,-28.9285],[29.8983,-28.9127],[29.888,-28.9291],[29.8716,-28.9248],[29.8649,-28.9285],[29.8758,-28.942],[29.8542,-28.9547],[29.8495,-28.9695],[29.8518,-28.9749],[29.8431,-28.9847],[29.8349,-28.9806],[29.816,-28.9924],[29.8095,-28.9786],[29.8008,-28.9704],[29.7917,-28.9857],[29.7841,-28.9771],[29.7762,-28.9836],[29.7626,-28.9889],[29.7691,-29],[29.7698,-29.0091],[29.7802,-29.0184],[29.78,-29.0292],[29.7698,-29.0325]]]},"properties":{"tmax":36.70363624,"brucode":"Uc6a","tmin":-6.14181816,"bru_clean":"Uc6","tmean":16.12545457,"map":686.14285714}},
{"type":"Feature","geometry":{"type":"Polygon","coordinates":[[[30.7266,-28.9569],[30.7135,-28.9547],[30.7074,-28.9462],[30.6976,-28.9398],[30.7021,-28.931],[30.6857,-28.9326],[30.6745,-28.9235],[30.6685,-28.9316],[30.6663,-28.9571],[30.6758,-28.9596],[30.6828,-28.9671],[30.6936,-28.9721],[30.7041,-28.9726],[30.7127,-28.9612],[30.7266,-28.9569]]]},"properties":{"tmax":37.89999924,"brucode":"Wc17","tmin":-7.98000011,"bru_clean":"Wc17","tmean":15.91999989,"map":750.6}},
{"type":"Feature","geometry":{"type":"Polygon","coordinates":[[[30.8899,-28.9378],[30.8843,-28.9458],[30.8887,-28.9513],[30.8765,-28.9636],[30.8594,-28.9588],[30.846,-28.968],[30.835,-28.9551],[30.8296,-28.9655],[30.8029,-28.9878],[30.8095,-28.9935],[30.7988,-28.999],[30.8082,-29.0089],[30.8013,-29.0208],[30.7934,-29.0103],[30.7875,-29.0091],[30.7914,-29.0331],[30.7986,-29.0419],[30.7949,-29.0535],[30.7835,-29.0518],[30.775,-29.055],[30.7793,-29.0782],[30.7708,-29.0852],[30.7641,-29.1008],[30.7483,-29.0999],[30.7453,-29.1097],[30.7507,-29.1202],[30.7592,-29.119],[30.757,-29.1306],[30.7421,-29.1277],[30.7161,-29.1365],[30.7062,-29.1425],[30.7118,-29.153],[30.7003,-29.1604],[30.7142,-29.1669],[30.7229,-29.1613],[30.7386,-29.1634],[30.7439,-29.1696],[30.7552,-29.1692],[30.7734,-29.1755],[30.7745,-29.1714],[30.7539,-29.1499],[30.759,-29.1373],[30.7731,-29.1498],[30.7727,-29.1372],[30.7843,-29.1451],[30.7899,-29.1387],[30.809,-29.1475],[30.8267,-29.1453],[30.8245,-29.1522],[30.8476,-29.1547],[30.8398,-29.1444],[30.8426,-29.1329],[30.8305,-29.1347],[30.8259,-29.1261],[30.7921,-29.1257],[30.7846,-29.1163],[30.8019,-29.1093],[30.8124,-29.1133],[30.8364,-29.1082],[30.8381,-29.1024],[30.8295,-29.0921],[30.8095,-29.1008],[30.803,-29.0977],[30.8155,-29.0862],[30.8342,-29.0791],[30.8354,-29.0672],[30.8457,-29.0651],[30.8492,-29.0555],[30.8409,-29.0417],[30.8539,-29.0375],[30.8597,-29.021],[30.871,-29.0226],[30.8629,-29.0349],[30.8647,-29.0479],[30.8731,-29.0463],[30.8766,-29.0617],[30.8752,-29.068],[30.8955,-29.0768],[30.8982,-29.0848],[30.9081,-29.0933],[30.9103,-29.1002],[30.9237,-29.0876],[30.9541,-29.0967],[30.9698,-29.0981],[30.9736,-29.0932],[30.9856,-29.0924],[30.9947,-29.1064],[31.0063,-29.1073],[31.0058,-29.1235],[31.0127,-29.1442],[31.0073,-29.1582],[31.0133,-29.1695],[31.0244,-29.1437],[31.0103,-29.1279],[31.0197,-29.1164],[31.0295,-29.1342],[31.0379,-29.142],[31.0381,-29.1631],[31.0489,-29.158],[31.046,-29.1513],[31.055,-29.1314],[31.0475,-29.126],[31.0386,-29.1184],[31.0422,-29.1064],[31.0383,-29.1017],[31.0174,-29.1112],[31.0061,-29.0995],[31.0096,-29.0882],[31.0228,-29.0854],[31.0187,-29.0734],[30.998,-29.066],[30.9963,-29.056],[31.0253,-29.0631],[31.0278,-29.0516],[31.0163,-29.0507],[31.0035,-29.0425],[30.9979,-29.0354],[30.9862,-29.0356],[30.9749,-29.0265],[30.9578,-29.0322],[30.9559,-29.0166],[30.9667,-29.0109],[30.9757,-29.0129],[30.9681,-29.0045],[30.9483,-28.9981],[30.9306,-28.996],[30.9105,-28.9991],[30.9257,-28.986],[30.924,-28.9582],[30.9332,-28.9537],[30.9508,-28.956],[30.9547,-28.9498],[30.9556,-28.9344],[30.9479,-28.9259],[30.9364,-28.9309],[30.93,-28.926],[30.918,-28.9388],[30.9128,-28.9509],[30.9017,-28.9536],[30.8899,-28.9378]]]},"properties":{"tmax":37.72547182,"brucode":"Yc8","tmin":-2.84811321,"bru_clean":"Yc8","tmean":17.19433966,"map":910.6728972}},
{"type":"Feature","geometry":{"type":"Polygon","coordinates":[[[30.5263,-28.931],[30.5278,-28.9351],[30.5156,-28.9449],[30.5179,-28.9513],[30.5297,-28.9598],[30.5305,-28.9646],[30.5193,-28.9726],[30.5454,-28.9722],[30.5481,-28.9847],[30.5412,-28.994],[30.5655,-28.9935],[30.5783,-28.9841],[30.5882,-28.9675],[30.5839,-28.9652],[30.5746,-28.9547],[30.5594,-28.9498],[30.5645,-28.9329],[30.5603,-28.9237],[30.5454,-28.9217],[30.5511,-28.9316],[30.5374,-28.9422],[30.5378,-28.9491],[30.5539,-28.9616],[30.55,-28.9659],[30.5349,-28.9591],[30.5291,-28.9516],[30.5293,-28.9379],[30.5263,-28.931]]]},"properties":{"tmax":38.75000009,"brucode":"Uc10b","tmin":-5.44999997,"bru_clean":"Uc10","tmean":16.56097561,"map":815.8902439}},
{"type":"Feature","geometry":{"type":"Polygon","coordinates":[[[30.3898,-29],[30.3759,-28.9999],[30.3807,-29.0021],[30.3951,-29.0219],[30.4006,-29.0237],[30.3966,-29.035],[30.4198,-29.0533],[30.4227,-29.0675],[30.4295,-29.0793],[30.4219,-29.0872],[30.4094,-29.0824],[30.4085,-29.0567],[30.3979,-29.0506],[30.3928,-29.0611],[30.3727,-29.0648],[30.3748,-29.072],[30.3829,-29.0757],[30.3907,-29.0839],[30.3969,-29.0989],[30.3856,-29.0951],[30.3722,-29.0977],[30.3583,-29.0874],[30.3435,-29.083],[30.334,-29.0762],[30.3287,-29.083],[30.3436,-29.0909],[30.3578,-29.0909],[30.3635,-29.1036],[30.3917,-29.1043],[30.396,-29.1118],[30.383,-29.1168],[30.3651,-29.1159],[30.3507,-29.1042],[30.3414,-29.1226],[30.3374,-29.1113],[30.3197,-29.1104],[30.3202,-29.1029],[30.3046,-29.1056],[30.2936,-29.1126],[30.2892,-29.108],[30.2939,-29.0981],[30.3034,-29.0958],[30.3068,-29.0867],[30.3038,-29.0786],[30.3092,-29.0687],[30.3089,-29.0597],[30.2858,-29.0674],[30.2714,-29.0674],[30.2727,-29.0854],[30.2659,-29.0902],[30.269,-29.1013],[30.2613,-29.1048],[30.2555,-29.1157],[30.2697,-29.1172],[30.2723,-29.132],[30.2599,-29.1276],[30.2549,-29.1354],[30.2626,-29.1457],[30.2825,-29.1482],[30.2625,-29.1817],[30.2683,-29.1935],[30.2786,-29.1944],[30.2837,-29.2111],[30.293,-29.2115],[30.293,-29.2019],[30.318,-29.2033],[30.3256,-29.1974],[30.3165,-29.179],[30.3254,-29.1725],[30.3228,-29.1643],[30.3283,-29.1576],[30.3547,-29.1501],[30.3507,-29.1447],[30.349,-29.1291],[30.3637,-29.1203],[30.3788,-29.1292],[30.3717,-29.1386],[30.3792,-29.1353],[30.4062,-29.1303],[30.4086,-29.1183],[30.4164,-29.1105],[30.4362,-29.1168],[30.4411,-29.1075],[30.4519,-29.1112],[30.4621,-29.0959],[30.4732,-29.0964],[30.4736,-29.0886],[30.4893,-29.0814],[30.498,-29.0807],[30.4895,-29.0759],[30.4858,-29.0662],[30.4883,-29.0581],[30.4969,-29.0537],[30.4953,-29.0415],[30.5001,-29.0318],[30.4888,-29.0291],[30.492,-29.0184],[30.5008,-29.0202],[30.5045,-29.0053],[30.5072,-29.001],[30.4908,-28.992],[30.5012,-28.9814],[30.5017,-28.9682],[30.5077,-28.9624],[30.5092,-28.9462],[30.4997,-28.9462],[30.4664,-28.9563],[30.458,-28.937],[30.4532,-28.9406],[30.4484,-28.9536],[30.4615,-28.9603],[30.4742,-28.9769],[30.4549,-28.9849],[30.4675,-28.9901],[30.4687,-28.9948],[30.4892,-28.9991],[30.4895,-29.0032],[30.472,-29.0158],[30.4715,-29.0084],[30.457,-29.0139],[30.438,-29.0084],[30.4332,-29.0013],[30.4341,-28.992],[30.4252,-28.9906],[30.4304,-29.0049],[30.4458,-29.0276],[30.4578,-29.0286],[30.4664,-29.0384],[30.4638,-29.0502],[30.4394,-29.0619],[30.4378,-29.0719],[30.425,-29.0604],[30.4211,-29.043],[30.4134,-29.0331],[30.4047,-29.0292],[30.4054,-29.0183],[30.3882,-29.0092],[30.3898,-29]],[[30.2872,-29.1619],[30.2995,-29.1717],[30.2877,-29.1765],[30.2795,-29.1692],[30.2872,-29.1619]]]},"properties":{"tmax":38.75000009,"brucode":"Uc10a","tmin":-5.44999997,"bru_clean":"Uc10","tmean":16.56097561,"map":815.8902439}},
{"type":"Feature","geometry":{"type":"Polygon","coordinates":[[[30,-29.0892],[29.9882,-29.0817],[29.977,-29.0869],[29.9559,-29.0917],[29.9506,-29.0756],[29.9355,-29.0806],[29.9247,-29.0901],[29.9162,-29.0789],[29.9163,-29.0728],[29.9033,-29.0904],[29.9185,-29.0988],[29.9365,-29.0921],[29.9462,-29.1112],[29.9614,-29.1083],[29.9658,-29.0962],[29.9759,-29.0972],[29.9872,-29.0873],[29.9947,-29.0963],[30.0097,-29.1074],[30.0257,-29.1073],[30.0326,-29.1163],[30.0175,-29.1213],[30.0095,-29.1271],[30.0061,-29.1385],[30.012,-29.1437],[30.0345,-29.1367],[30.0391,-29.1306],[30.0495,-29.1298],[30.0572,-29.134],[30.0641,-29.1289],[30.0766,-29.1341],[30.0793,-29.1267],[30.0877,-29.121],[30.1044,-29.1207],[30.0981,-29.106],[30.1026,-29.099],[30.1192,-29.1033],[30.1304,-29.0983],[30.1416,-29.104],[30.1555,-29.1048],[30.1583,-29.0871],[30.1528,-29.0827],[30.1553,-29.0733],[30.1414,-29.0736],[30.147,-29.0543],[30.1606,-29.0389],[30.1796,-29.0426],[30.1906,-29.0591],[30.1971,-29.0437],[30.2186,-29.0408],[30.2244,-29.0285],[30.2136,-29.0209],[30.2174,-29.0156],[30.2341,-29.0041],[30.2381,-28.9832],[30.227,-28.9741],[30.2274,-28.9578],[30.2315,-28.9435],[30.2171,-28.9271],[30.2189,-28.9512],[30.2129,-28.9558],[30.1977,-28.9508],[30.1985,-28.9596],[30.2063,-28.9677],[30.2014,-28.9765],[30.1957,-28.9823],[30.1993,-28.9894],[30.196,-29.0021],[30.2033,-29.0095],[30.2008,-29.0211],[30.1811,-29.036],[30.1715,-29.023],[30.1559,-29.0221],[30.1548,-29.0285],[30.1418,-29.0411],[30.1377,-29.0378],[30.1238,-29.0388],[30.1173,-29.0488],[30.1296,-29.0542],[30.1284,-29.0628],[30.1108,-29.0787],[30.1036,-29.0751],[30.0985,-29.0655],[30.0906,-29.0691],[30.0895,-29.0766],[30.0757,-29.074],[30.0715,-29.054],[30.0653,-29.0541],[30.0264,-29.0356],[30.031,-29.0146],[30.0253,-29.0089],[30.0101,-29.0101],[30.0033,-29.0162],[29.9968,-29.0118],[29.9899,-29.0205],[29.9866,-29.0311],[30.0038,-29.0337],[30.0019,-29.0423],[30.0068,-29.0509],[30.0159,-29.0506],[30.0171,-29.0594],[30.0297,-29.0706],[30.0208,-29.0803],[30.0115,-29.0785],[30,-29.0892]]]},"properties":{"tmax":36.28653842,"brucode":"Ud1","tmin":-5.83653847,"bru_clean":"Ud1","tmean":15.60961545,"map":666.17307692}},
{"type":"Feature","geometry":{"type":"Polygon","coordinates":[[[31.7536,-28.9288],[31.7316,-28.9305],[31.7232,-28.9386],[31.7051,-28.9381],[31.6924,-28.9403],[31.6762,-28.9471],[31.6708,-28.951],[31.6499,-28.9505],[31.6388,-28.9544],[31.6382,-28.9622],[31.6243,-28.9784],[31.6223,-28.9905],[31.6146,-29.0001],[31.6038,-29.0038],[31.5941,-29.0159],[31.5913,-29.0249],[31.5829,-29.0369],[31.5727,-29.0629],[31.5735,-29.0678],[31.5456,-29.0835],[31.5433,-29.0942],[31.5243,-29.1091],[31.5365,-29.1197],[31.5531,-29.1183],[31.5684,-29.1133],[31.5812,-29.1122],[31.5934,-29.1103],[31.6061,-29.1042],[31.6119,-29.0964],[31.6074,-29.0879],[31.6244,-29.0661],[31.6398,-29.0516],[31.6511,-29.0288],[31.6626,-29.0205],[31.6758,-29.0149],[31.6854,-28.9989],[31.6923,-28.9684],[31.6997,-28.9677],[31.7235,-28.9539],[31.7302,-28.9604],[31.7076,-28.975],[31.7236,-28.9787],[31.7331,-28.9716],[31.7358,-28.9557],[31.7429,-28.9469],[31.7635,-28.9419],[31.7536,-28.9288]]]},"properties":{"tmax":43.21555557,"brucode":"Za3","tmin":1.45333335,"bru_clean":"Za3","tmean":21.68222275,"map":1138.84782609}},
{"type":"Feature","geometry":{"type":"Polygon","coordinates":[[[30.4997,-28.9462],[30.5092,-28.9462],[30.5077,-28.9624],[30.5017,-28.9682],[30.5012,-28.9814],[30.5035,-28.9709],[30.5158,-28.9784],[30.5236,-28.9785],[30.5274,-28.9919],[30.533,-28.9997],[30.5431,-29.0043],[30.5456,-28.9996],[30.5652,-28.998],[30.5691,-28.9919],[30.5995,-28.9883],[30.5991,-28.971],[30.6027,-28.9686],[30.5949,-28.9628],[30.5882,-28.9675],[30.5783,-28.9841],[30.5655,-28.9935],[30.5412,-28.994],[30.5481,-28.9847],[30.5454,-28.9722],[30.5193,-28.9726],[30.5305,-28.9646],[30.5297,-28.9598],[30.5179,-28.9513],[30.5156,-28.9449],[30.5278,-28.9351],[30.5263,-28.931],[30.5068,-28.9302],[30.4997,-28.9462]]]},"properties":{"tmax":39.02857208,"brucode":"UVc7","tmin":-7.45714297,"bru_clean":"UVc7","tmean":16.25714316,"map":739.83333333}},
{"type":"Feature","geometry":{"type":"Polygon","coordinates":[[[30.6936,-28.9721],[30.6828,-28.9671],[30.6758,-28.9596],[30.6663,-28.9571],[30.6601,-28.9555],[30.6512,-28.9453],[30.6441,-28.9528],[30.626,-28.9558],[30.623,-28.9685],[30.6162,-28.9717],[30.6027,-28.9686],[30.5991,-28.971],[30.5995,-28.9883],[30.5691,-28.9919],[30.5652,-28.998],[30.5456,-28.9996],[30.5431,-29.0043],[30.5483,-29.0113],[30.542,-29.0202],[30.5309,-29.0143],[30.5113,-29.013],[30.5045,-29.0053],[30.5008,-29.0202],[30.492,-29.0184],[30.4888,-29.0291],[30.5001,-29.0318],[30.4953,-29.0415],[30.4969,-29.0537],[30.4883,-29.0581],[30.4858,-29.0662],[30.4895,-29.0759],[30.498,-29.0807],[30.4921,-29.0916],[30.517,-29.0962],[30.5294,-29.102],[30.5348,-29.0836],[30.5477,-29.0737],[30.5518,-29.0632],[30.5604,-29.07],[30.5736,-29.0685],[30.5718,-29.0594],[30.5813,-29.0586],[30.6011,-29.047],[30.6146,-29.0265],[30.6254,-29.021],[30.6224,-29.0057],[30.646,-29.0156],[30.6498,-29.0258],[30.6634,-29.0309],[30.6749,-29.0244],[30.6779,-29.0215],[30.6766,-29.0046],[30.6902,-28.9996],[30.6891,-28.993],[30.6936,-28.9721]]]},"properties":{"tmax":38.42340437,"brucode":"XYc2","tmin":-7.66170223,"bru_clean":"XYc2","tmean":16.10425533,"map":886.34042553}},
{"type":"Feature","geometry":{"type":"Polygon","coordinates":[[[30.2274,-28.9578],[30.227,-28.9741],[30.2381,-28.9832],[30.2341,-29.0041],[30.2174,-29.0156],[30.2136,-29.0209],[30.2244,-29.0285],[30.2186,-29.0408],[30.1971,-29.0437],[30.1906,-29.0591],[30.1796,-29.0426],[30.1606,-29.0389],[30.147,-29.0543],[30.1414,-29.0736],[30.1553,-29.0733],[30.1528,-29.0827],[30.1583,-29.0871],[30.1555,-29.1048],[30.1416,-29.104],[30.1304,-29.0983],[30.1192,-29.1033],[30.1026,-29.099],[30.0981,-29.106],[30.1044,-29.1207],[30.0877,-29.121],[30.0793,-29.1267],[30.0766,-29.1341],[30.0895,-29.1342],[30.0936,-29.1457],[30.101,-29.1554],[30.1213,-29.1373],[30.1289,-29.1508],[30.1267,-29.1683],[30.1335,-29.1749],[30.1422,-29.1846],[30.1388,-29.194],[30.1431,-29.2002],[30.1579,-29.2032],[30.1653,-29.187],[30.17,-29.1856],[30.1779,-29.1723],[30.1614,-29.1695],[30.1618,-29.1648],[30.1747,-29.1577],[30.1848,-29.158],[30.1944,-29.1631],[30.2102,-29.1565],[30.2028,-29.1485],[30.2002,-29.1388],[30.2031,-29.1268],[30.1903,-29.1149],[30.1955,-29.0972],[30.2015,-29.0876],[30.2342,-29.0778],[30.2477,-29.0629],[30.2633,-29.0544],[30.2704,-29.0636],[30.2825,-29.0587],[30.2908,-29.0604],[30.2896,-29.0405],[30.2975,-29.0377],[30.3102,-29.0276],[30.322,-29.0324],[30.3461,-29.0326],[30.3521,-29.0249],[30.3492,-29.019],[30.3466,-29.0234],[30.3306,-29.03],[30.3232,-29.0189],[30.3035,-29.006],[30.289,-29.0158],[30.275,-29.0208],[30.2772,-29.0065],[30.2723,-29.0033],[30.2726,-28.9919],[30.2885,-28.9984],[30.2961,-28.9814],[30.2891,-28.9726],[30.283,-28.9754],[30.2757,-28.9545],[30.265,-28.9623],[30.2418,-28.9501],[30.2355,-28.9581],[30.2274,-28.9578]]]},"properties":{"tmax":37.47031254,"brucode":"Uc9","tmin":-3.94374999,"bru_clean":"Uc9","tmean":16.51718754,"map":720.4375}},
{"type":"Feature","geometry":{"type":"Polygon","coordinates":[[[31.2118,-28.9587],[31.185,-28.9695],[31.1794,-28.9651],[31.1574,-28.9705],[31.1308,-28.9728],[31.1313,-28.9831],[31.1503,-28.9825],[31.1425,-28.9923],[31.1276,-28.9856],[31.1198,-28.9987],[31.1349,-29.0242],[31.1475,-29.0325],[31.1649,-29.036],[31.1666,-29.0428],[31.1854,-29.0456],[31.1891,-29.0553],[31.1817,-29.0599],[31.1801,-29.0683],[31.1995,-29.0805],[31.2105,-29.0897],[31.2124,-29.1013],[31.2262,-29.1043],[31.2332,-29.0826],[31.2454,-29.0865],[31.263,-29.0776],[31.2601,-29.0892],[31.249,-29.0926],[31.2382,-29.1094],[31.2454,-29.1182],[31.2544,-29.117],[31.2444,-29.1106],[31.2489,-29.0999],[31.2659,-29.0896],[31.2813,-29.074],[31.2799,-29.0643],[31.2626,-29.0576],[31.2571,-29.0519],[31.2502,-29.07],[31.2391,-29.0673],[31.2326,-29.0596],[31.2448,-29.0458],[31.247,-29.0347],[31.244,-29.0273],[31.235,-29.0275],[31.2336,-29.0188],[31.213,-29.0132],[31.2023,-29.0185],[31.204,-29.0022],[31.1855,-29.0044],[31.1782,-28.9984],[31.1695,-29.0159],[31.1539,-29.0205],[31.1544,-29.0072],[31.1491,-28.9986],[31.1669,-28.9943],[31.1906,-28.9786],[31.2039,-28.9758],[31.2118,-28.9587]]]},"properties":{"tmax":40.19210554,"brucode":"VWa2b","tmin":4.24210527,"bru_clean":"VWa2","tmean":20.16052638,"map":972.14634146}},
{"type":"Feature","geometry":{"type":"Polygon","coordinates":[[[31.0188,-29.0099],[31.0291,-29.0063],[31.0425,-29.0099],[31.063,-29.008],[31.0698,-29.0164],[31.0719,-29.0264],[31.0567,-29.0282],[31.0535,-29.0359],[31.0776,-29.039],[31.0863,-29.0317],[31.1002,-29.0331],[31.1104,-29.0142],[31.1177,-29.0254],[31.1227,-29.0349],[31.1331,-29.0381],[31.1412,-29.0461],[31.151,-29.0495],[31.1723,-29.0522],[31.1696,-29.0741],[31.1564,-29.082],[31.1464,-29.0751],[31.1308,-29.0874],[31.1605,-29.0932],[31.1684,-29.091],[31.1746,-29.0829],[31.2,-29.088],[31.203,-29.1042],[31.1984,-29.1169],[31.2047,-29.1196],[31.2195,-29.1136],[31.2386,-29.1198],[31.2364,-29.1302],[31.2441,-29.1353],[31.2476,-29.1479],[31.2626,-29.1513],[31.2728,-29.1532],[31.28,-29.1613],[31.2762,-29.1712],[31.2757,-29.1868],[31.2932,-29.1785],[31.3079,-29.175],[31.3045,-29.1573],[31.2975,-29.1513],[31.3009,-29.1373],[31.2971,-29.1186],[31.2931,-29.113],[31.2544,-29.117],[31.2454,-29.1182],[31.2382,-29.1094],[31.249,-29.0926],[31.2601,-29.0892],[31.263,-29.0776],[31.2454,-29.0865],[31.2332,-29.0826],[31.2262,-29.1043],[31.2124,-29.1013],[31.2105,-29.0897],[31.1995,-29.0805],[31.1801,-29.0683],[31.1817,-29.0599],[31.1891,-29.0553],[31.1854,-29.0456],[31.1666,-29.0428],[31.1649,-29.036],[31.1475,-29.0325],[31.1349,-29.0242],[31.1198,-28.9987],[31.1276,-28.9856],[31.1425,-28.9923],[31.1503,-28.9825],[31.1313,-28.9831],[31.1308,-28.9728],[31.1193,-28.9715],[31.1159,-28.9597],[31.104,-28.9623],[31.0972,-28.9761],[31.102,-28.9829],[31.0961,-28.9939],[31.0853,-28.9989],[31.0814,-28.9944],[31.0689,-29.002],[31.0566,-28.9913],[31.0457,-29.0036],[31.0312,-28.9898],[31.0151,-28.9925],[31.0188,-29.0099]]]},"properties":{"tmax":40.43684217,"brucode":"Ua2","tmin":5.45263158,"bru_clean":"Ua2","tmean":20.52894738,"map":912.02857143}},
{"type":"Feature","geometry":{"type":"Polygon","coordinates":[[[30.5045,-29.0053],[30.5113,-29.013],[30.5309,-29.0143],[30.542,-29.0202],[30.5483,-29.0113],[30.5431,-29.0043],[30.533,-28.9997],[30.5274,-28.9919],[30.5236,-28.9785],[30.5158,-28.9784],[30.5035,-28.9709],[30.5012,-28.9814],[30.4908,-28.992],[30.5072,-29.001],[30.5045,-29.0053]]]},"properties":{"tmax":38.54999924,"brucode":"VWd1","tmin":-8.0999999,"bru_clean":"VWd1","tmean":15.5999999,"map":731}},
{"type":"Feature","geometry":{"type":"Polygon","coordinates":[[[30.0253,-29.0089],[30.031,-29.0146],[30.0264,-29.0356],[30.0653,-29.0541],[30.0715,-29.054],[30.0757,-29.074],[30.0895,-29.0766],[30.0906,-29.0691],[30.0985,-29.0655],[30.1036,-29.0751],[30.1108,-29.0787],[30.1284,-29.0628],[30.1296,-29.0542],[30.1173,-29.0488],[30.1238,-29.0388],[30.1377,-29.0378],[30.1418,-29.0411],[30.1548,-29.0285],[30.1559,-29.0221],[30.1715,-29.023],[30.1811,-29.036],[30.2008,-29.0211],[30.2033,-29.0095],[30.196,-29.0021],[30.1993,-28.9894],[30.1957,-28.9823],[30.2014,-28.9765],[30.1913,-28.9709],[30.17,-28.9799],[30.1672,-28.9888],[30.1573,-28.996],[30.1486,-28.987],[30.1447,-28.9752],[30.1366,-28.9805],[30.1469,-28.9918],[30.1313,-29.0201],[30.1089,-29.015],[30.1131,-29.029],[30.11,-29.0407],[30.0965,-29.0364],[30.0874,-29.0299],[30.0779,-29.0397],[30.0764,-29.048],[30.061,-29.0449],[30.0357,-29.0319],[30.0367,-29.0217],[30.0513,-29.0141],[30.0477,-29.0031],[30.0535,-29.0014],[30.0558,-28.9902],[30.0274,-28.9819],[30.022,-28.9908],[30.0259,-28.9987],[30.0253,-29.0089]]]},"properties":{"tmax":37.97941163,"brucode":"TUc7a","tmin":-6.47352944,"bru_clean":"TUc7","tmean":16.27058834,"map":666.11764706}},
{"type":"Feature","geometry":{"type":"Polygon","coordinates":[[[29.6359,-29.1765],[29.6384,-29.1786],[29.6562,-29.169],[29.6686,-29.1704],[29.6782,-29.1633],[29.6781,-29.158],[29.6993,-29.1576],[29.7009,-29.1353],[29.704,-29.1292],[29.6998,-29.1205],[29.725,-29.1115],[29.7289,-29.1159],[29.7384,-29.1122],[29.7435,-29.1015],[29.7567,-29.1015],[29.7699,-29.0918],[29.7862,-29.0904],[29.7905,-29.0872],[29.8104,-29.0851],[29.8055,-29.0767],[29.7966,-29.0827],[29.7813,-29.0827],[29.7315,-29.0923],[29.719,-29.1103],[29.6996,-29.1162],[29.7153,-29.0893],[29.7203,-29.0855],[29.7209,-29.0735],[29.7124,-29.0623],[29.7203,-29.0541],[29.738,-29.0624],[29.7444,-29.0491],[29.7649,-29.0485],[29.7563,-29.0395],[29.7628,-29.0283],[29.7468,-29.0252],[29.7304,-29.0401],[29.7216,-29.0329],[29.7088,-29.0165],[29.7041,-29.0051],[29.6946,-29.0013],[29.6843,-29.0023],[29.682,-29.0114],[29.6665,-29.0185],[29.6588,-29.0169],[29.6516,-29.0291],[29.6326,-29.0261],[29.6326,-29.02],[29.6401,-29.0097],[29.6556,-29.0072],[29.6555,-28.9987],[29.636,-28.9967],[29.6358,-28.9809],[29.6264,-28.979],[29.6215,-28.9867],[29.6046,-28.9786],[29.6122,-28.9949],[29.6199,-29.0025],[29.5965,-29.0062],[29.605,-29.013],[29.5895,-29.0271],[29.5841,-29.0365],[29.5816,-29.059],[29.5856,-29.0701],[29.579,-29.077],[29.5668,-29.0834],[29.5618,-29.0669],[29.5563,-29.0697],[29.5399,-29.0622],[29.538,-29.0804],[29.5329,-29.0907],[29.525,-29.0918],[29.5174,-29.1008],[29.5096,-29.1072],[29.5138,-29.1125],[29.5275,-29.1142],[29.5411,-29.1098],[29.5519,-29.1018],[29.553,-29.0891],[29.5704,-29.0965],[29.5783,-29.1082],[29.5786,-29.1156],[29.5536,-29.1074],[29.5456,-29.1143],[29.5564,-29.1233],[29.5446,-29.1271],[29.5534,-29.1467],[29.5671,-29.1468],[29.568,-29.156],[29.5826,-29.1614],[29.5917,-29.1588],[29.6081,-29.16],[29.616,-29.1773],[29.6359,-29.1765]]]},"properties":{"tmax":34.88297868,"brucode":"Yd11","tmin":-9.41702131,"bru_clean":"Yd11","tmean":14.325532,"map":855.96808511}},
{"type":"Feature","geometry":{"type":"Polygon","coordinates":[[[29.412,-29.0218],[29.4186,-29.0278],[29.4257,-29.0142],[29.4077,-29.0103],[29.41,-29.0031],[29.4207,-28.9978],[29.4237,-28.9894],[29.4187,-28.9862],[29.3977,-28.9913],[29.3768,-28.9869],[29.3794,-28.9778],[29.3576,-28.9809],[29.3547,-28.9756],[29.3581,-28.9858],[29.3735,-28.9948],[29.3861,-28.9988],[29.3933,-29.007],[29.412,-29.0218]]]},"properties":{"tmax":36.52500025,"brucode":"Zd5a","tmin":-6.725,"bru_clean":"Zd5","tmean":15.56249984,"map":1146.08333333}},
{"type":"Feature","geometry":{"type":"Polygon","coordinates":[[[30.775,-29.055],[30.7835,-29.0518],[30.7949,-29.0535],[30.7986,-29.0419],[30.7914,-29.0331],[30.7875,-29.0091],[30.7934,-29.0103],[30.8013,-29.0208],[30.8082,-29.0089],[30.7988,-28.999],[30.7805,-28.9975],[30.7718,-29.0135],[30.7706,-29.0258],[30.7809,-29.0287],[30.7784,-29.0364],[30.7701,-29.0428],[30.775,-29.055]]]},"properties":{"tmax":37.18571472,"brucode":"Vc22","tmin":-7.57142857,"bru_clean":"Vc22","tmean":16.21428571,"map":889.85714286}},
{"type":"Feature","geometry":{"type":"Polygon","coordinates":[[[30.359,-29.0623],[30.3707,-29.0768],[30.3829,-29.0757],[30.3748,-29.072],[30.3727,-29.0648],[30.3928,-29.0611],[30.3979,-29.0506],[30.4085,-29.0567],[30.4094,-29.0824],[30.4219,-29.0872],[30.4295,-29.0793],[30.4227,-29.0675],[30.4198,-29.0533],[30.3966,-29.035],[30.4006,-29.0237],[30.3951,-29.0219],[30.3807,-29.0021],[30.3759,-28.9999],[30.3796,-29.0145],[30.3887,-29.0271],[30.3794,-29.0313],[30.3703,-29.0283],[30.3639,-29.0324],[30.3768,-29.0506],[30.3614,-29.0511],[30.359,-29.0623]]]},"properties":{"tmax":39.20842104,"brucode":"Tc6b","tmin":-5.56210527,"bru_clean":"Tc6","tmean":17.1473685,"map":780.82105263}},
{"type":"Feature","geometry":{"type":"Polygon","coordinates":[[[30.6749,-29.0244],[30.6634,-29.0309],[30.6498,-29.0258],[30.646,-29.0156],[30.6224,-29.0057],[30.6254,-29.021],[30.6146,-29.0265],[30.6011,-29.047],[30.5813,-29.0586],[30.5718,-29.0594],[30.5736,-29.0685],[30.5604,-29.07],[30.5518,-29.0632],[30.5477,-29.0737],[30.543,-29.1021],[30.5519,-29.1129],[30.5719,-29.1166],[30.5644,-29.1403],[30.5821,-29.1394],[30.5961,-29.1457],[30.5975,-29.1374],[30.6057,-29.1315],[30.6078,-29.1237],[30.5994,-29.1202],[30.602,-29.1111],[30.5812,-29.1026],[30.5923,-29.0958],[30.5837,-29.0906],[30.589,-29.0846],[30.606,-29.0874],[30.6107,-29.0715],[30.6208,-29.0848],[30.6311,-29.0899],[30.6373,-29.0861],[30.6313,-29.0718],[30.6343,-29.054],[30.6303,-29.0403],[30.6425,-29.0235],[30.6562,-29.0365],[30.6532,-29.046],[30.6615,-29.0511],[30.6754,-29.0492],[30.6677,-29.0346],[30.6749,-29.0244]]]},"properties":{"tmax":38.93478261,"brucode":"Wc35","tmin":-7.35217389,"bru_clean":"Wc35","tmean":16.75652164,"map":844.13043478}},
{"type":"Feature","geometry":{"type":"Polygon","coordinates":[[[30.7846,-29.1163],[30.8076,-29.1195],[30.8338,-29.1168],[30.8379,-29.1138],[30.8659,-29.1144],[30.9082,-29.1428],[30.9029,-29.1478],[30.9263,-29.1576],[30.9363,-29.1511],[30.9649,-29.1646],[30.9845,-29.1676],[30.9861,-29.1846],[30.9958,-29.1887],[30.9941,-29.1737],[31.0015,-29.1752],[31.0205,-29.1917],[31.0323,-29.1864],[31.035,-29.1788],[31.0496,-29.1799],[31.0556,-29.1921],[31.0724,-29.1894],[31.0747,-29.1615],[31.0545,-29.1473],[31.0489,-29.158],[31.0381,-29.1631],[31.0379,-29.142],[31.0295,-29.1342],[31.0197,-29.1164],[31.0103,-29.1279],[31.0244,-29.1437],[31.0133,-29.1695],[31.0073,-29.1582],[31.0127,-29.1442],[31.0058,-29.1235],[31.0063,-29.1073],[30.9947,-29.1064],[30.9856,-29.0924],[30.9736,-29.0932],[30.9698,-29.0981],[30.9541,-29.0967],[30.9237,-29.0876],[30.9103,-29.1002],[30.9081,-29.0933],[30.8982,-29.0848],[30.8955,-29.0768],[30.8752,-29.068],[30.8766,-29.0617],[30.8731,-29.0463],[30.8647,-29.0479],[30.8629,-29.0349],[30.871,-29.0226],[30.8597,-29.021],[30.8539,-29.0375],[30.8409,-29.0417],[30.8492,-29.0555],[30.8457,-29.0651],[30.8354,-29.0672],[30.8342,-29.0791],[30.8155,-29.0862],[30.803,-29.0977],[30.8095,-29.1008],[30.8295,-29.0921],[30.8381,-29.1024],[30.8364,-29.1082],[30.8124,-29.1133],[30.8019,-29.1093],[30.7846,-29.1163]]]},"properties":{"tmax":38.87307703,"brucode":"Xb8","tmin":0.89038462,"bru_clean":"Xb8","tmean":18.5307692,"map":923.05769231}},
{"type":"Feature","geometry":{"type":"Polygon","coordinates":[[[30.9884,-29.0231],[30.9757,-29.0129],[30.9667,-29.0109],[30.9559,-29.0166],[30.9578,-29.0322],[30.9749,-29.0265],[30.9862,-29.0356],[30.9979,-29.0354],[31.0035,-29.0425],[31.0163,-29.0507],[31.0278,-29.0516],[31.0253,-29.0631],[30.9963,-29.056],[30.998,-29.066],[31.0187,-29.0734],[31.0228,-29.0854],[31.0096,-29.0882],[31.0061,-29.0995],[31.0174,-29.1112],[31.0383,-29.1017],[31.0422,-29.1064],[31.0386,-29.1184],[31.0475,-29.126],[31.0494,-29.1253],[31.0575,-29.1107],[31.0462,-29.0865],[31.0515,-29.0785],[31.0767,-29.0612],[31.0877,-29.0612],[31.0889,-29.0537],[31.1103,-29.0406],[31.1207,-29.0437],[31.1177,-29.0254],[31.1104,-29.0142],[31.1002,-29.0331],[31.0863,-29.0317],[31.0776,-29.039],[31.0535,-29.0359],[31.0567,-29.0282],[31.0719,-29.0264],[31.0698,-29.0164],[31.063,-29.008],[31.0425,-29.0099],[31.0291,-29.0063],[31.0188,-29.0099],[31.0016,-29.0099],[31.0009,-29.0229],[30.9884,-29.0231]]]},"properties":{"tmax":39.10000017,"brucode":"VWb7","tmin":3.49629631,"bru_clean":"VWb7","tmean":19.01481487,"map":909.11111111}},
{"type":"Feature","geometry":{"type":"Polygon","coordinates":[[[30.6754,-29.0492],[30.6615,-29.0511],[30.6532,-29.046],[30.6562,-29.0365],[30.6425,-29.0235],[30.6303,-29.0403],[30.6343,-29.054],[30.6313,-29.0718],[30.6373,-29.0861],[30.6311,-29.0899],[30.6344,-29.0973],[30.6572,-29.0901],[30.6804,-29.0854],[30.7004,-29.0996],[30.7023,-29.1039],[30.696,-29.1239],[30.7101,-29.1322],[30.7024,-29.1405],[30.7051,-29.147],[30.7003,-29.1604],[30.7118,-29.153],[30.7062,-29.1425],[30.7161,-29.1365],[30.7421,-29.1277],[30.757,-29.1306],[30.7592,-29.119],[30.7507,-29.1202],[30.7453,-29.1097],[30.7483,-29.0999],[30.755,-29.0953],[30.7551,-29.08],[30.743,-29.0705],[30.7442,-29.0577],[30.7381,-29.0518],[30.7141,-29.0483],[30.7031,-29.0516],[30.6962,-29.0387],[30.7023,-29.034],[30.7177,-29.0383],[30.7154,-29.028],[30.7198,-29.0161],[30.703,-29.0163],[30.6931,-29.0069],[30.6867,-29.0167],[30.6818,-29.0384],[30.6846,-29.0462],[30.6754,-29.0492]]]},"properties":{"tmax":38.64827584,"brucode":"VWc6","tmin":-6.86896554,"bru_clean":"VWc6","tmean":16.8310345,"map":873.55172414}},
{"type":"Feature","geometry":{"type":"Polygon","coordinates":[[[30.3492,-29.019],[30.3521,-29.0249],[30.3461,-29.0326],[30.322,-29.0324],[30.3102,-29.0276],[30.2975,-29.0377],[30.2896,-29.0405],[30.2908,-29.0604],[30.2825,-29.0587],[30.2704,-29.0636],[30.2714,-29.0674],[30.2858,-29.0674],[30.3089,-29.0597],[30.3092,-29.0687],[30.3038,-29.0786],[30.3068,-29.0867],[30.3034,-29.0958],[30.2939,-29.0981],[30.2892,-29.108],[30.2936,-29.1126],[30.3046,-29.1056],[30.3202,-29.1029],[30.3197,-29.1104],[30.3374,-29.1113],[30.3414,-29.1226],[30.3507,-29.1042],[30.3651,-29.1159],[30.383,-29.1168],[30.396,-29.1118],[30.3917,-29.1043],[30.3635,-29.1036],[30.3578,-29.0909],[30.3436,-29.0909],[30.3287,-29.083],[30.334,-29.0762],[30.3435,-29.083],[30.3426,-29.0756],[30.3307,-29.0641],[30.3373,-29.0533],[30.3508,-29.0412],[30.3693,-29.0187],[30.37,-29.0143],[30.3674,-29.0115],[30.3556,-29.0127],[30.3492,-29.019]]]},"properties":{"tmax":39.20842104,"brucode":"Tc6a","tmin":-5.56210527,"bru_clean":"Tc6","tmean":17.1473685,"map":780.82105263}},
{"type":"Feature","geometry":{"type":"Polygon","coordinates":[[[29.8535,-29.0435],[29.8466,-29.0526],[29.8371,-29.0514],[29.8352,-29.0714],[29.8204,-29.0702],[29.8145,-29.083],[29.8357,-29.0803],[29.846,-29.0895],[29.8741,-29.0853],[29.8835,-29.0953],[29.8828,-29.1055],[29.8936,-29.1019],[29.8967,-29.0949],[29.9048,-29.0759],[29.9163,-29.0728],[29.9162,-29.0789],[29.9247,-29.0901],[29.9355,-29.0806],[29.9506,-29.0756],[29.9559,-29.0917],[29.977,-29.0869],[29.9882,-29.0817],[30,-29.0892],[29.9916,-29.0748],[29.9753,-29.0717],[29.9699,-29.0649],[29.9612,-29.0634],[29.9585,-29.0745],[29.9449,-29.0652],[29.939,-29.0664],[29.9427,-29.0463],[29.937,-29.0219],[29.9308,-29.018],[29.9192,-29.0211],[29.9138,-29.0351],[29.9034,-29.0257],[29.8892,-29.0418],[29.8766,-29.0385],[29.8692,-29.0474],[29.8535,-29.0435]]]},"properties":{"tmax":36.70363624,"brucode":"Uc6b","tmin":-6.14181816,"bru_clean":"Uc6","tmean":16.12545457,"map":686.14285714}},
{"type":"Feature","geometry":{"type":"Polygon","coordinates":[[[29.5096,-29.1072],[29.5174,-29.1008],[29.5121,-29.0842],[29.5043,-29.0837],[29.4916,-29.0944],[29.4929,-29.0798],[29.4887,-29.0686],[29.5018,-29.0625],[29.4991,-29.0471],[29.4905,-29.0519],[29.4878,-29.0607],[29.4631,-29.0649],[29.453,-29.0542],[29.4568,-29.0412],[29.4388,-29.0474],[29.4329,-29.0359],[29.4242,-29.0341],[29.4039,-29.0242],[29.3941,-29.0237],[29.3956,-29.036],[29.3864,-29.0394],[29.385,-29.0526],[29.3997,-29.0524],[29.4032,-29.0557],[29.426,-29.0526],[29.445,-29.0641],[29.4275,-29.0726],[29.4171,-29.0714],[29.4141,-29.0776],[29.4334,-29.0791],[29.4492,-29.0842],[29.462,-29.0919],[29.463,-29.0981],[29.4514,-29.1086],[29.4432,-29.1108],[29.4187,-29.1068],[29.4283,-29.1174],[29.4365,-29.1398],[29.4489,-29.1274],[29.4666,-29.1262],[29.4924,-29.1198],[29.4912,-29.113],[29.5004,-29.1062],[29.5096,-29.1072]]]},"properties":{"tmax":36.52500025,"brucode":"Zd5b","tmin":-6.725,"bru_clean":"Zd5","tmean":15.56249984,"map":1146.08333333}},
{"type":"Feature","geometry":{"type":"Polygon","coordinates":[[[31.1177,-29.0254],[31.1207,-29.0437],[31.1103,-29.0406],[31.0889,-29.0537],[31.0877,-29.0612],[31.0767,-29.0612],[31.0515,-29.0785],[31.0462,-29.0865],[31.0575,-29.1107],[31.0494,-29.1253],[31.0635,-29.1201],[31.0694,-29.1237],[31.0927,-29.1114],[31.1028,-29.1089],[31.1125,-29.1114],[31.1074,-29.1192],[31.1095,-29.1379],[31.1038,-29.1506],[31.1382,-29.1585],[31.1461,-29.1527],[31.1419,-29.1385],[31.1585,-29.1321],[31.1611,-29.1391],[31.1745,-29.1325],[31.1839,-29.1312],[31.1888,-29.1383],[31.1853,-29.1498],[31.1784,-29.1488],[31.1632,-29.1719],[31.1665,-29.1824],[31.1763,-29.1726],[31.189,-29.1648],[31.1902,-29.1554],[31.2009,-29.1571],[31.1996,-29.1649],[31.2188,-29.1605],[31.2206,-29.171],[31.229,-29.1631],[31.2471,-29.1672],[31.2545,-29.1566],[31.2626,-29.1513],[31.2476,-29.1479],[31.2441,-29.1353],[31.2364,-29.1302],[31.2386,-29.1198],[31.2195,-29.1136],[31.2047,-29.1196],[31.1984,-29.1169],[31.203,-29.1042],[31.2,-29.088],[31.1746,-29.0829],[31.1684,-29.091],[31.1605,-29.0932],[31.1308,-29.0874],[31.1464,-29.0751],[31.1564,-29.082],[31.1696,-29.0741],[31.1723,-29.0522],[31.151,-29.0495],[31.1412,-29.0461],[31.1331,-29.0381],[31.1227,-29.0349],[31.1177,-29.0254]]]},"properties":{"tmax":40.06041646,"brucode":"VWa6","tmin":5.43958331,"bru_clean":"VWa6","tmean":19.88541667,"map":957.20833333}},
{"type":"Feature","geometry":{"type":"Polygon","coordinates":[[[29.7628,-29.0283],[29.7563,-29.0395],[29.7649,-29.0485],[29.7444,-29.0491],[29.738,-29.0624],[29.7203,-29.0541],[29.7124,-29.0623],[29.7209,-29.0735],[29.7203,-29.0855],[29.7153,-29.0893],[29.6996,-29.1162],[29.719,-29.1103],[29.7315,-29.0923],[29.7813,-29.0827],[29.7966,-29.0827],[29.8055,-29.0767],[29.8104,-29.0851],[29.7905,-29.0872],[29.7862,-29.0904],[29.7699,-29.0918],[29.7567,-29.1015],[29.7435,-29.1015],[29.7384,-29.1122],[29.7289,-29.1159],[29.73,-29.1207],[29.7492,-29.1178],[29.7565,-29.1307],[29.7543,-29.1504],[29.7594,-29.1602],[29.7532,-29.1686],[29.7392,-29.1623],[29.7513,-29.1828],[29.7578,-29.1718],[29.7665,-29.1671],[29.7905,-29.175],[29.8066,-29.1621],[29.8168,-29.1458],[29.8077,-29.1388],[29.8152,-29.1312],[29.8372,-29.1341],[29.8345,-29.1467],[29.8418,-29.1518],[29.8452,-29.1364],[29.8375,-29.1173],[29.8388,-29.0971],[29.846,-29.0895],[29.8357,-29.0803],[29.8145,-29.083],[29.8176,-29.0641],[29.8071,-29.0659],[29.7927,-29.0588],[29.7796,-29.0591],[29.7734,-29.0665],[29.7624,-29.0634],[29.7724,-29.05],[29.7698,-29.0325],[29.7628,-29.0283]]]},"properties":{"tmax":35.46764722,"brucode":"Vc24a","tmin":-7.9029412,"bru_clean":"Vc24","tmean":14.96176478,"map":790.42857143}},
{"type":"Feature","geometry":{"type":"Polygon","coordinates":[[[31.3273,-29.0543],[31.3276,-29.045],[31.3183,-29.0313],[31.2989,-29.0338],[31.292,-29.0435],[31.2931,-29.0572],[31.3091,-29.0662],[31.3011,-29.077],[31.2872,-29.0812],[31.283,-29.0892],[31.2659,-29.0896],[31.2489,-29.0999],[31.2444,-29.1106],[31.2544,-29.117],[31.2931,-29.113],[31.2971,-29.1186],[31.3009,-29.1373],[31.2975,-29.1513],[31.3045,-29.1573],[31.3079,-29.175],[31.2932,-29.1785],[31.2757,-29.1868],[31.2762,-29.1712],[31.28,-29.1613],[31.2728,-29.1532],[31.2626,-29.1513],[31.2545,-29.1566],[31.2471,-29.1672],[31.229,-29.1631],[31.2206,-29.171],[31.2195,-29.1773],[31.2027,-29.1854],[31.2134,-29.1977],[31.2193,-29.1864],[31.2407,-29.1768],[31.2507,-29.1793],[31.2385,-29.1945],[31.2529,-29.1917],[31.2622,-29.2015],[31.2666,-29.1949],[31.2752,-29.1929],[31.2899,-29.1971],[31.2898,-29.1883],[31.305,-29.1938],[31.3106,-29.2094],[31.3209,-29.2093],[31.3298,-29.1933],[31.3348,-29.1741],[31.3424,-29.1747],[31.3505,-29.1639],[31.3492,-29.1513],[31.3568,-29.1434],[31.3753,-29.1385],[31.3773,-29.1239],[31.3642,-29.1282],[31.3579,-29.1168],[31.3387,-29.1287],[31.3423,-29.1107],[31.3518,-29.0983],[31.354,-29.0858],[31.3525,-29.0714],[31.3454,-29.0684],[31.3286,-29.0687],[31.3167,-29.0626],[31.3273,-29.0543]]]},"properties":{"tmax":41.27142857,"brucode":"Wa10","tmin":5.05999999,"bru_clean":"Wa10","tmean":20.72571422,"map":985.97222222}},
{"type":"Feature","geometry":{"type":"Polygon","coordinates":[[[30.3508,-29.0412],[30.3373,-29.0533],[30.3307,-29.0641],[30.3426,-29.0756],[30.3435,-29.083],[30.3583,-29.0874],[30.3722,-29.0977],[30.3856,-29.0951],[30.3969,-29.0989],[30.3907,-29.0839],[30.3829,-29.0757],[30.3707,-29.0768],[30.359,-29.0623],[30.3583,-29.0495],[30.3508,-29.0412]]]},"properties":{"tmax":39.19999949,"brucode":"Tc11","tmin":-3.94999997,"bru_clean":"Tc11","tmean":17.13333352,"map":934.83333333}},
{"type":"Feature","geometry":{"type":"Polygon","coordinates":[[[30.2714,-29.0674],[30.2704,-29.0636],[30.2633,-29.0544],[30.2477,-29.0629],[30.2342,-29.0778],[30.2015,-29.0876],[30.1955,-29.0972],[30.1903,-29.1149],[30.2031,-29.1268],[30.2002,-29.1388],[30.2028,-29.1485],[30.2102,-29.1565],[30.1944,-29.1631],[30.208,-29.1699],[30.2204,-29.17],[30.2485,-29.1619],[30.2486,-29.1476],[30.2555,-29.1157],[30.2613,-29.1048],[30.269,-29.1013],[30.2659,-29.0902],[30.2727,-29.0854],[30.2714,-29.0674]]]},"properties":{"tmax":37.70999985,"brucode":"Tc10","tmin":-3.48499999,"bru_clean":"Tc10","tmean":16.66000023,"map":822.55}},
{"type":"Feature","geometry":{"type":"Polygon","coordinates":[[[30.2555,-29.1157],[30.2486,-29.1476],[30.2485,-29.1619],[30.2204,-29.17],[30.208,-29.1699],[30.1944,-29.1631],[30.1848,-29.158],[30.1747,-29.1577],[30.1618,-29.1648],[30.1614,-29.1695],[30.1779,-29.1723],[30.17,-29.1856],[30.1653,-29.187],[30.1579,-29.2032],[30.1431,-29.2002],[30.1388,-29.194],[30.1422,-29.1846],[30.1335,-29.1749],[30.1266,-29.1937],[30.1118,-29.1962],[30.0979,-29.2083],[30.0956,-29.2181],[30.084,-29.2355],[30.0742,-29.2302],[30.0695,-29.2226],[30.0423,-29.2402],[30.0242,-29.2378],[30.0119,-29.2437],[30.0045,-29.24],[30.0003,-29.2058],[30.0203,-29.2048],[30.0218,-29.1918],[30.0271,-29.1809],[30.0359,-29.1801],[30.0478,-29.1897],[30.0495,-29.1795],[30.0625,-29.1761],[30.0748,-29.1835],[30.0932,-29.1825],[30.0956,-29.1764],[30.0854,-29.1709],[30.0799,-29.1622],[30.0855,-29.158],[30.101,-29.1554],[30.0936,-29.1457],[30.0895,-29.1342],[30.0766,-29.1341],[30.0641,-29.1289],[30.0572,-29.134],[30.0495,-29.1298],[30.0391,-29.1306],[30.0345,-29.1367],[30.012,-29.1437],[30.0061,-29.1385],[30.0095,-29.1271],[30.0175,-29.1213],[30.0326,-29.1163],[30.0257,-29.1073],[30.0097,-29.1074],[29.9947,-29.0963],[29.9872,-29.0873],[29.9759,-29.0972],[29.9658,-29.0962],[29.9614,-29.1083],[29.9462,-29.1112],[29.9365,-29.0921],[29.9185,-29.0988],[29.9033,-29.0904],[29.9163,-29.0728],[29.9048,-29.0759],[29.8967,-29.0949],[29.9083,-29.0965],[29.9152,-29.1114],[29.9081,-29.1222],[29.8973,-29.1297],[29.8808,-29.1226],[29.8773,-29.131],[29.8645,-29.1253],[29.87,-29.1183],[29.8635,-29.1096],[29.8658,-29.1188],[29.8501,-29.1199],[29.8551,-29.1286],[29.868,-29.1319],[29.8646,-29.1452],[29.8746,-29.1461],[29.8918,-29.1398],[29.9029,-29.1431],[29.9096,-29.1293],[29.9245,-29.125],[29.9243,-29.1123],[29.9339,-29.1133],[29.9302,-29.1304],[29.9166,-29.1367],[29.9045,-29.1458],[29.8971,-29.1556],[29.8984,-29.1909],[29.8917,-29.1996],[29.8907,-29.2098],[29.8838,-29.2179],[29.8745,-29.2144],[29.8733,-29.226],[29.8985,-29.2411],[29.9203,-29.2387],[29.9223,-29.2538],[29.9172,-29.2614],[29.9008,-29.2677],[29.8928,-29.2794],[29.8851,-29.2971],[29.8707,-29.305],[29.8791,-29.3149],[29.8674,-29.3368],[29.8643,-29.3488],[29.8478,-29.3561],[29.8644,-29.3687],[29.8877,-29.3538],[29.9157,-29.356],[29.9059,-29.3831],[29.9237,-29.3772],[29.9308,-29.3631],[29.9346,-29.3452],[29.9412,-29.3552],[29.9504,-29.3587],[29.9552,-29.351],[29.9595,-29.3326],[29.9689,-29.3125],[29.9864,-29.3173],[30.0013,-29.3053],[30.0059,-29.2957],[29.9963,-29.2913],[29.999,-29.2659],[30.0116,-29.258],[30.0218,-29.258],[30.0323,-29.266],[30.0419,-29.258],[30.0689,-29.2859],[30.0723,-29.2862],[30.0828,-29.2785],[30.0955,-29.2642],[30.1101,-29.2662],[30.1181,-29.2578],[30.1177,-29.2387],[30.1011,-29.2309],[30.0996,-29.2245],[30.107,-29.2098],[30.1193,-29.2152],[30.1226,-29.2014],[30.1334,-29.1979],[30.1428,-29.214],[30.1349,-29.216],[30.1287,-29.2389],[30.1325,-29.2441],[30.1494,-29.2364],[30.1626,-29.2405],[30.1714,-29.2281],[30.1776,-29.2324],[30.1746,-29.2419],[30.1832,-29.2479],[30.1969,-29.2397],[30.1908,-29.2205],[30.1909,-29.2087],[30.2122,-29.2069],[30.2278,-29.212],[30.2197,-29.2281],[30.2317,-29.2273],[30.2365,-29.2138],[30.2448,-29.2199],[30.2535,-29.2114],[30.2692,-29.2171],[30.2727,-29.2244],[30.2874,-29.2313],[30.309,-29.236],[30.293,-29.2019],[30.293,-29.2115],[30.2837,-29.2111],[30.2786,-29.1944],[30.2683,-29.1935],[30.2625,-29.1817],[30.2825,-29.1482],[30.2626,-29.1457],[30.2549,-29.1354],[30.2599,-29.1276],[30.2723,-29.132],[30.2697,-29.1172],[30.2555,-29.1157]]]},"properties":{"tmax":34.94319537,"brucode":"Vd4","tmin":-5.39644966,"bru_clean":"Vd4","tmean":15.21301777,"map":782.6626506}},
{"type":"Feature","geometry":{"type":"Polygon","coordinates":[[[30.5644,-29.1403],[30.5567,-29.1364],[30.5343,-29.1336],[30.4994,-29.1191],[30.491,-29.127],[30.4879,-29.1296],[30.4962,-29.1287],[30.5235,-29.1415],[30.5355,-29.1446],[30.5445,-29.1541],[30.5431,-29.1619],[30.5239,-29.1687],[30.5131,-29.1682],[30.507,-29.1832],[30.4991,-29.1911],[30.5092,-29.1874],[30.5139,-29.1796],[30.5338,-29.1771],[30.5636,-29.1656],[30.5695,-29.1702],[30.5811,-29.1605],[30.5913,-29.1596],[30.5982,-29.1665],[30.5977,-29.1787],[30.6129,-29.1652],[30.619,-29.1684],[30.6193,-29.1824],[30.6306,-29.1829],[30.6384,-29.1712],[30.6241,-29.167],[30.6192,-29.1559],[30.6027,-29.1592],[30.6123,-29.143],[30.6226,-29.1448],[30.6346,-29.1413],[30.6413,-29.1332],[30.6341,-29.1237],[30.6535,-29.1169],[30.687,-29.1193],[30.696,-29.1239],[30.7023,-29.1039],[30.7004,-29.0996],[30.6804,-29.0854],[30.6572,-29.0901],[30.6344,-29.0973],[30.6311,-29.0899],[30.6208,-29.0848],[30.6107,-29.0715],[30.606,-29.0874],[30.589,-29.0846],[30.5837,-29.0906],[30.5923,-29.0958],[30.5812,-29.1026],[30.602,-29.1111],[30.5994,-29.1202],[30.6078,-29.1237],[30.6057,-29.1315],[30.5975,-29.1374],[30.5961,-29.1457],[30.5821,-29.1394],[30.5644,-29.1403]]]},"properties":{"tmax":38.66428566,"brucode":"Vc27","tmin":-7.26071431,"bru_clean":"Vc27","tmean":16.80000005,"map":864.59259259}},
{"type":"Feature","geometry":{"type":"Polygon","coordinates":[[[30.4732,-29.0964],[30.4851,-29.1102],[30.491,-29.127],[30.4994,-29.1191],[30.5343,-29.1336],[30.5567,-29.1364],[30.5644,-29.1403],[30.5719,-29.1166],[30.5519,-29.1129],[30.543,-29.1021],[30.5477,-29.0737],[30.5348,-29.0836],[30.5294,-29.102],[30.517,-29.0962],[30.4921,-29.0916],[30.498,-29.0807],[30.4893,-29.0814],[30.4736,-29.0886],[30.4732,-29.0964]]]},"properties":{"tmax":38.52000046,"brucode":"WXc9","tmin":-7.63999987,"bru_clean":"WXc9","tmean":16.46000013,"map":901.63636364}},
{"type":"Feature","geometry":{"type":"Polygon","coordinates":[[[31.354,-29.0858],[31.3518,-29.0983],[31.3423,-29.1107],[31.3387,-29.1287],[31.3579,-29.1168],[31.3642,-29.1282],[31.3773,-29.1239],[31.3753,-29.1385],[31.3568,-29.1434],[31.3492,-29.1513],[31.3505,-29.1639],[31.3424,-29.1747],[31.3348,-29.1741],[31.3298,-29.1933],[31.3209,-29.2093],[31.3106,-29.2094],[31.305,-29.1938],[31.2898,-29.1883],[31.2899,-29.1971],[31.2752,-29.1929],[31.2666,-29.1949],[31.2622,-29.2015],[31.2529,-29.1917],[31.2385,-29.1945],[31.2507,-29.1793],[31.2407,-29.1768],[31.2193,-29.1864],[31.2134,-29.1977],[31.214,-29.2117],[31.2087,-29.2222],[31.2229,-29.2312],[31.2449,-29.2379],[31.253,-29.2263],[31.2748,-29.2302],[31.2828,-29.2344],[31.2818,-29.2413],[31.2908,-29.2632],[31.2792,-29.2674],[31.2694,-29.266],[31.2527,-29.2726],[31.2495,-29.2705],[31.2379,-29.292],[31.23,-29.2911],[31.2173,-29.307],[31.217,-29.3203],[31.2233,-29.3443],[31.2364,-29.3427],[31.2454,-29.3516],[31.2301,-29.3637],[31.2074,-29.3527],[31.2056,-29.3421],[31.1936,-29.3416],[31.1804,-29.3491],[31.1715,-29.3387],[31.18,-29.3167],[31.1726,-29.3108],[31.148,-29.3125],[31.1399,-29.3196],[31.1296,-29.3299],[31.125,-29.3413],[31.1094,-29.349],[31.0987,-29.3482],[31.093,-29.3542],[31.0947,-29.3623],[31.1191,-29.3506],[31.1326,-29.3506],[31.1384,-29.356],[31.1337,-29.3645],[31.1216,-29.366],[31.1167,-29.3815],[31.0861,-29.3759],[31.0766,-29.3698],[31.0683,-29.3578],[31.0485,-29.3583],[31.0547,-29.3699],[31.0474,-29.3759],[31.0714,-29.388],[31.0639,-29.4111],[31.0464,-29.4112],[31.0487,-29.4245],[31.0453,-29.4285],[31.0314,-29.4278],[31.0261,-29.4365],[31.0341,-29.4419],[31.0513,-29.4429],[31.0496,-29.4548],[31.0374,-29.478],[31.0449,-29.4853],[31.0488,-29.4956],[31.0471,-29.5051],[31.05,-29.5152],[31.0643,-29.525],[31.0832,-29.5262],[31.0792,-29.5403],[31.0748,-29.5432],[31.0599,-29.5394],[31.0565,-29.5447],[31.0448,-29.5366],[31.0476,-29.5316],[31.032,-29.5242],[30.9955,-29.5163],[30.9832,-29.5209],[30.9776,-29.5275],[30.9553,-29.5339],[30.9524,-29.5262],[30.9348,-29.5196],[30.9245,-29.5336],[30.9335,-29.5388],[30.9346,-29.5499],[30.9462,-29.5539],[30.9344,-29.5664],[30.9289,-29.58],[30.9083,-29.5954],[30.9269,-29.5836],[30.9528,-29.5838],[30.9627,-29.5792],[30.9753,-29.5791],[30.9944,-29.5865],[30.9966,-29.6081],[30.9672,-29.6073],[30.9627,-29.5917],[30.9327,-29.5991],[30.9481,-29.6034],[30.9589,-29.6151],[30.9587,-29.6251],[30.9404,-29.6393],[30.9072,-29.6382],[30.9094,-29.6289],[30.9215,-29.6238],[30.9069,-29.6117],[30.8923,-29.6079],[30.8838,-29.614],[30.8743,-29.6212],[30.8732,-29.6322],[30.8639,-29.6429],[30.8344,-29.6448],[30.8332,-29.6311],[30.8212,-29.6495],[30.8427,-29.6523],[30.8518,-29.6494],[30.8631,-29.6523],[30.8697,-29.6478],[30.8808,-29.6492],[30.8965,-29.6362],[30.9165,-29.6576],[30.9165,-29.6706],[30.9315,-29.6699],[30.9362,-29.6745],[30.9471,-29.6714],[30.9558,-29.6788],[30.9656,-29.6735],[30.9813,-29.6768],[30.9729,-29.6869],[30.9603,-29.7072],[30.9718,-29.7237],[30.9659,-29.7322],[30.9573,-29.7325],[30.9341,-29.7454],[30.9101,-29.7461],[30.9019,-29.7528],[30.894,-29.7235],[30.886,-29.7375],[30.8486,-29.7612],[30.8469,-29.7686],[30.8635,-29.7659],[30.8601,-29.7766],[30.8823,-29.7639],[30.8895,-29.7663],[30.9067,-29.7816],[30.9157,-29.7931],[30.8975,-29.8081],[30.9083,-29.8078],[30.9258,-29.7975],[30.9422,-29.7982],[30.949,-29.7934],[30.9734,-29.796],[30.9877,-29.8036],[30.9986,-29.7921],[31.008,-29.7867],[31.0172,-29.7752],[31.0308,-29.7671],[31.0337,-29.7503],[31.0425,-29.7509],[31.0671,-29.7601],[31.0889,-29.7278],[31.0976,-29.7086],[31.1231,-29.666],[31.1308,-29.6482],[31.1545,-29.6182],[31.1719,-29.5912],[31.1875,-29.5697],[31.2144,-29.5454],[31.2231,-29.534],[31.2324,-29.5124],[31.245,-29.4963],[31.2644,-29.4781],[31.2921,-29.4451],[31.2954,-29.4375],[31.3115,-29.4204],[31.3186,-29.4092],[31.3358,-29.3943],[31.3389,-29.3839],[31.3623,-29.3619],[31.3924,-29.3371],[31.3949,-29.3316],[31.4272,-29.3001],[31.4373,-29.2931],[31.4431,-29.2797],[31.4449,-29.2643],[31.4496,-29.2503],[31.4646,-29.2273],[31.4904,-29.2129],[31.4994,-29.1955],[31.5122,-29.1906],[31.5251,-29.1715],[31.5431,-29.1553],[31.557,-29.1369],[31.5738,-29.1288],[31.5812,-29.1122],[31.5684,-29.1133],[31.5531,-29.1183],[31.5365,-29.1197],[31.5243,-29.1091],[31.5051,-29.1143],[31.4946,-29.1129],[31.4922,-29.1072],[31.4984,-29.0995],[31.4899,-29.0956],[31.4742,-29.1017],[31.4639,-29.0998],[31.451,-29.0911],[31.443,-29.0955],[31.4238,-29.0947],[31.4257,-29.0881],[31.4155,-29.0784],[31.4022,-29.0779],[31.3711,-29.0905],[31.3697,-29.0862],[31.354,-29.0858]]]},"properties":{"tmax":42.11466167,"brucode":"Ya14","tmin":3.45939849,"bru_clean":"Ya14","tmean":20.4909775,"map":965.39065421}},
{"type":"Feature","geometry":{"type":"Polygon","coordinates":[[[29.846,-29.0895],[29.8388,-29.0971],[29.8375,-29.1173],[29.8452,-29.1364],[29.8418,-29.1518],[29.8345,-29.1467],[29.8372,-29.1341],[29.8152,-29.1312],[29.8077,-29.1388],[29.8168,-29.1458],[29.8066,-29.1621],[29.807,-29.1719],[29.8146,-29.1827],[29.834,-29.1851],[29.8405,-29.1817],[29.8488,-29.1918],[29.8791,-29.1933],[29.8887,-29.1963],[29.8822,-29.2059],[29.8725,-29.2024],[29.8614,-29.209],[29.8728,-29.22],[29.8526,-29.2419],[29.8556,-29.2511],[29.846,-29.2628],[29.844,-29.2748],[29.8541,-29.283],[29.8572,-29.2912],[29.8677,-29.2969],[29.8707,-29.305],[29.8851,-29.2971],[29.8928,-29.2794],[29.9008,-29.2677],[29.9172,-29.2614],[29.9223,-29.2538],[29.9203,-29.2387],[29.8985,-29.2411],[29.8733,-29.226],[29.8745,-29.2144],[29.8838,-29.2179],[29.8907,-29.2098],[29.8917,-29.1996],[29.8984,-29.1909],[29.8971,-29.1556],[29.9045,-29.1458],[29.9166,-29.1367],[29.9302,-29.1304],[29.9339,-29.1133],[29.9243,-29.1123],[29.9245,-29.125],[29.9096,-29.1293],[29.9029,-29.1431],[29.8918,-29.1398],[29.8746,-29.1461],[29.8646,-29.1452],[29.868,-29.1319],[29.8551,-29.1286],[29.8501,-29.1199],[29.8658,-29.1188],[29.8635,-29.1096],[29.869,-29.1035],[29.8765,-29.1089],[29.8828,-29.1055],[29.8835,-29.0953],[29.8741,-29.0853],[29.846,-29.0895]]]},"properties":{"tmax":34.88717955,"brucode":"Wd8b","tmin":-7.1076923,"bru_clean":"Wd8","tmean":14.75128203,"map":792.13513514}},
{"type":"Feature","geometry":{"type":"Polygon","coordinates":[[[31.0489,-29.158],[31.0545,-29.1473],[31.0747,-29.1615],[31.0724,-29.1894],[31.0819,-29.2099],[31.099,-29.2147],[31.1096,-29.2107],[31.1235,-29.2134],[31.1059,-29.2343],[31.1068,-29.2521],[31.1174,-29.2473],[31.1326,-29.2331],[31.149,-29.2321],[31.1397,-29.214],[31.1385,-29.2033],[31.1497,-29.1925],[31.1665,-29.1824],[31.1632,-29.1719],[31.1784,-29.1488],[31.1853,-29.1498],[31.1888,-29.1383],[31.1839,-29.1312],[31.1745,-29.1325],[31.1611,-29.1391],[31.1585,-29.1321],[31.1419,-29.1385],[31.1461,-29.1527],[31.1382,-29.1585],[31.1038,-29.1506],[31.1095,-29.1379],[31.1074,-29.1192],[31.1125,-29.1114],[31.1028,-29.1089],[31.0927,-29.1114],[31.0694,-29.1237],[31.0635,-29.1201],[31.0494,-29.1253],[31.0475,-29.126],[31.055,-29.1314],[31.046,-29.1513],[31.0489,-29.158]]]},"properties":{"tmax":39.73928561,"brucode":"Yb18","tmin":3.78928573,"bru_clean":"Yb18","tmean":19.20000015,"map":1041.35714286}},
{"type":"Feature","geometry":{"type":"Polygon","coordinates":[[[29.8828,-29.1055],[29.8765,-29.1089],[29.869,-29.1035],[29.8635,-29.1096],[29.87,-29.1183],[29.8645,-29.1253],[29.8773,-29.131],[29.8808,-29.1226],[29.8973,-29.1297],[29.9081,-29.1222],[29.9152,-29.1114],[29.9083,-29.0965],[29.8967,-29.0949],[29.8936,-29.1019],[29.8828,-29.1055]]]},"properties":{"tmax":35.46764722,"brucode":"Vc24b","tmin":-7.9029412,"bru_clean":"Vc24","tmean":14.96176478,"map":790.42857143}},
{"type":"Feature","geometry":{"type":"Polygon","coordinates":[[[30.3717,-29.1386],[30.3609,-29.1546],[30.3776,-29.1606],[30.383,-29.1575],[30.3928,-29.163],[30.3837,-29.1695],[30.3929,-29.1767],[30.4083,-29.1632],[30.4025,-29.1549],[30.4078,-29.1392],[30.42,-29.1292],[30.4262,-29.1399],[30.4364,-29.1465],[30.4398,-29.1377],[30.4541,-29.1427],[30.4625,-29.1314],[30.4841,-29.1201],[30.4851,-29.1102],[30.4732,-29.0964],[30.4621,-29.0959],[30.4519,-29.1112],[30.4411,-29.1075],[30.4362,-29.1168],[30.4164,-29.1105],[30.4086,-29.1183],[30.4062,-29.1303],[30.3792,-29.1353],[30.3717,-29.1386]]]},"properties":{"tmax":38.53333346,"brucode":"VWc5","tmin":-5.40833334,"bru_clean":"VWc5","tmean":16.32500013,"map":891.36363636}},
{"type":"Feature","geometry":{"type":"Polygon","coordinates":[[[30.8476,-29.1547],[30.852,-29.1592],[30.8565,-29.1619],[30.8776,-29.1594],[30.8976,-29.1696],[30.8982,-29.1804],[30.912,-29.1755],[30.9291,-29.1843],[30.9316,-29.1852],[30.94,-29.1797],[30.9511,-29.186],[30.9408,-29.1986],[30.9567,-29.1951],[30.9628,-29.2034],[30.974,-29.1982],[30.9809,-29.2076],[30.9754,-29.2156],[30.9807,-29.2215],[30.9935,-29.2195],[31.0169,-29.2176],[31.0286,-29.2223],[31.0331,-29.2216],[31.03,-29.2117],[31.0175,-29.2013],[31.0055,-29.2],[30.9976,-29.1919],[30.9941,-29.1737],[30.9958,-29.1887],[30.9861,-29.1846],[30.9845,-29.1676],[30.9649,-29.1646],[30.9363,-29.1511],[30.9263,-29.1576],[30.9029,-29.1478],[30.9082,-29.1428],[30.8659,-29.1144],[30.8379,-29.1138],[30.8338,-29.1168],[30.8076,-29.1195],[30.7846,-29.1163],[30.7921,-29.1257],[30.8259,-29.1261],[30.8305,-29.1347],[30.8426,-29.1329],[30.8398,-29.1444],[30.8476,-29.1547]]]},"properties":{"tmax":39.32399963,"brucode":"Vb18","tmin":0.69199996,"bru_clean":"Vb18","tmean":18.86400002,"map":905.04}},
{"type":"Feature","geometry":{"type":"Polygon","coordinates":[[[30.696,-29.1239],[30.687,-29.1193],[30.6535,-29.1169],[30.6341,-29.1237],[30.6413,-29.1332],[30.6346,-29.1413],[30.6226,-29.1448],[30.6123,-29.143],[30.6027,-29.1592],[30.6192,-29.1559],[30.6241,-29.167],[30.6384,-29.1712],[30.6526,-29.1651],[30.6515,-29.1599],[30.6668,-29.1529],[30.6781,-29.1427],[30.6966,-29.1424],[30.7024,-29.1405],[30.7101,-29.1322],[30.696,-29.1239]]]},"properties":{"tmax":38.60000021,"brucode":"Uc16","tmin":-7.21818178,"bru_clean":"Uc16","tmean":16.8000001,"map":858.45454546}},
{"type":"Feature","geometry":{"type":"Polygon","coordinates":[[[30.491,-29.127],[30.4851,-29.1102],[30.4841,-29.1201],[30.4625,-29.1314],[30.4541,-29.1427],[30.4398,-29.1377],[30.4364,-29.1465],[30.4262,-29.1399],[30.42,-29.1292],[30.4078,-29.1392],[30.4025,-29.1549],[30.4083,-29.1632],[30.3929,-29.1767],[30.3892,-29.1816],[30.3709,-29.1849],[30.3678,-29.1791],[30.3568,-29.1836],[30.3464,-29.1797],[30.3476,-29.1922],[30.358,-29.199],[30.3539,-29.2163],[30.345,-29.2189],[30.3316,-29.2366],[30.3619,-29.2526],[30.3736,-29.2547],[30.3846,-29.246],[30.3943,-29.2457],[30.3982,-29.257],[30.4139,-29.2596],[30.4275,-29.2532],[30.4407,-29.243],[30.4557,-29.2205],[30.4745,-29.2243],[30.4843,-29.2319],[30.4906,-29.2314],[30.4768,-29.2159],[30.4644,-29.2104],[30.4417,-29.2067],[30.4315,-29.2149],[30.4247,-29.2113],[30.4222,-29.2025],[30.4373,-29.1896],[30.4498,-29.1694],[30.4505,-29.184],[30.4441,-29.1933],[30.4552,-29.1988],[30.4605,-29.1924],[30.4717,-29.1934],[30.488,-29.1729],[30.4867,-29.1518],[30.482,-29.1356],[30.4879,-29.1296],[30.491,-29.127]]]},"properties":{"tmax":37.51052646,"brucode":"Yc20","tmin":-4.50000001,"bru_clean":"Yc20","tmean":16.31052637,"map":1081.97368421}},
{"type":"Feature","geometry":{"type":"Polygon","coordinates":[[[29.6384,-29.1786],[29.6324,-29.1861],[29.6522,-29.1922],[29.6581,-29.1887],[29.6725,-29.1714],[29.6884,-29.167],[29.7035,-29.1749],[29.7089,-29.1631],[29.729,-29.1574],[29.7377,-29.1508],[29.7315,-29.1475],[29.7341,-29.1371],[29.7244,-29.1301],[29.73,-29.1207],[29.7289,-29.1159],[29.725,-29.1115],[29.6998,-29.1205],[29.704,-29.1292],[29.7009,-29.1353],[29.6993,-29.1576],[29.6781,-29.158],[29.6782,-29.1633],[29.6686,-29.1704],[29.6562,-29.169],[29.6384,-29.1786]]]},"properties":{"tmax":34.48749971,"brucode":"Wc25","tmin":-8.75000012,"bru_clean":"Wc25","tmean":14.21249998,"map":846.125}},
{"type":"Feature","geometry":{"type":"Polygon","coordinates":[[[29.73,-29.1207],[29.7244,-29.1301],[29.7341,-29.1371],[29.7315,-29.1475],[29.7377,-29.1508],[29.7515,-29.1601],[29.7392,-29.1623],[29.7532,-29.1686],[29.7594,-29.1602],[29.7543,-29.1504],[29.7565,-29.1307],[29.7492,-29.1178],[29.73,-29.1207]]]},"properties":{"tmax":34.88717955,"brucode":"Wd8a","tmin":-7.1076923,"bru_clean":"Wd8","tmean":14.75128203,"map":792.13513514}},
{"type":"Feature","geometry":{"type":"Polygon","coordinates":[[[30.293,-29.2019],[30.309,-29.236],[30.2874,-29.2313],[30.2727,-29.2244],[30.2692,-29.2171],[30.2535,-29.2114],[30.2448,-29.2199],[30.2365,-29.2138],[30.2317,-29.2273],[30.2197,-29.2281],[30.2278,-29.212],[30.2122,-29.2069],[30.1909,-29.2087],[30.1908,-29.2205],[30.1969,-29.2397],[30.1832,-29.2479],[30.1746,-29.2419],[30.1776,-29.2324],[30.1714,-29.2281],[30.1626,-29.2405],[30.1494,-29.2364],[30.1325,-29.2441],[30.1287,-29.2389],[30.1349,-29.216],[30.1428,-29.214],[30.1334,-29.1979],[30.1226,-29.2014],[30.1193,-29.2152],[30.107,-29.2098],[30.0996,-29.2245],[30.1011,-29.2309],[30.1177,-29.2387],[30.1181,-29.2578],[30.1101,-29.2662],[30.0955,-29.2642],[30.0828,-29.2785],[30.0723,-29.2862],[30.0754,-29.3077],[30.0834,-29.3081],[30.0981,-29.301],[30.1018,-29.3079],[30.1119,-29.309],[30.128,-29.3055],[30.1404,-29.3082],[30.1467,-29.2982],[30.152,-29.2887],[30.1722,-29.2911],[30.1912,-29.3092],[30.1993,-29.3099],[30.2179,-29.2925],[30.2279,-29.2894],[30.2417,-29.302],[30.2503,-29.3014],[30.2754,-29.3076],[30.286,-29.3064],[30.2897,-29.2907],[30.2937,-29.2856],[30.2888,-29.2718],[30.2913,-29.2615],[30.2825,-29.2473],[30.2878,-29.242],[30.3189,-29.2404],[30.3316,-29.2366],[30.345,-29.2189],[30.3539,-29.2163],[30.358,-29.199],[30.3476,-29.1922],[30.3464,-29.1797],[30.3568,-29.1836],[30.3678,-29.1791],[30.3709,-29.1849],[30.3892,-29.1816],[30.3929,-29.1767],[30.3837,-29.1695],[30.3928,-29.163],[30.383,-29.1575],[30.3776,-29.1606],[30.3609,-29.1546],[30.3717,-29.1386],[30.3788,-29.1292],[30.3637,-29.1203],[30.349,-29.1291],[30.3507,-29.1447],[30.3547,-29.1501],[30.3283,-29.1576],[30.3228,-29.1643],[30.3254,-29.1725],[30.3165,-29.179],[30.3256,-29.1974],[30.318,-29.2033],[30.293,-29.2019]]]},"properties":{"tmax":35.56760557,"brucode":"Wd14","tmin":-3.95070419,"bru_clean":"Wd14","tmean":15.4070423,"map":949.15277778}},
{"type":"Feature","geometry":{"type":"Polygon","coordinates":[[[30.6306,-29.1829],[30.6321,-29.2014],[30.6155,-29.213],[30.6061,-29.2167],[30.6039,-29.2023],[30.5959,-29.1978],[30.5933,-29.2109],[30.5689,-29.2013],[30.5536,-29.2019],[30.5453,-29.2122],[30.5464,-29.2211],[30.5282,-29.2197],[30.5138,-29.2057],[30.5033,-29.2028],[30.4991,-29.1911],[30.507,-29.1832],[30.5131,-29.1682],[30.5239,-29.1687],[30.5431,-29.1619],[30.5445,-29.1541],[30.5355,-29.1446],[30.5235,-29.1415],[30.4962,-29.1287],[30.4879,-29.1296],[30.482,-29.1356],[30.4867,-29.1518],[30.488,-29.1729],[30.4717,-29.1934],[30.4605,-29.1924],[30.4552,-29.1988],[30.4441,-29.1933],[30.4505,-29.184],[30.4498,-29.1694],[30.4373,-29.1896],[30.4222,-29.2025],[30.4247,-29.2113],[30.4315,-29.2149],[30.4417,-29.2067],[30.4644,-29.2104],[30.4768,-29.2159],[30.4906,-29.2314],[30.4975,-29.238],[30.5059,-29.2296],[30.5102,-29.2202],[30.5187,-29.2183],[30.5214,-29.2261],[30.5262,-29.2397],[30.5351,-29.2499],[30.5312,-29.2567],[30.544,-29.2674],[30.5462,-29.2823],[30.5385,-29.292],[30.5433,-29.2994],[30.5272,-29.3123],[30.5268,-29.3251],[30.5316,-29.3371],[30.5555,-29.3428],[30.5629,-29.3548],[30.5816,-29.3595],[30.6015,-29.3442],[30.6103,-29.3499],[30.6183,-29.3449],[30.6253,-29.3566],[30.6441,-29.3435],[30.6466,-29.3291],[30.6335,-29.319],[30.6273,-29.3139],[30.6304,-29.3049],[30.6292,-29.2891],[30.6237,-29.2854],[30.6324,-29.2762],[30.6433,-29.2423],[30.6391,-29.2335],[30.6552,-29.2311],[30.6553,-29.2251],[30.6701,-29.2268],[30.6706,-29.2217],[30.6543,-29.2131],[30.669,-29.2073],[30.6606,-29.2022],[30.6793,-29.1959],[30.6893,-29.2039],[30.693,-29.1873],[30.7154,-29.1924],[30.6956,-29.179],[30.6865,-29.1857],[30.6618,-29.1766],[30.6728,-29.1705],[30.6718,-29.152],[30.6849,-29.1465],[30.6949,-29.1503],[30.6966,-29.1424],[30.6781,-29.1427],[30.6668,-29.1529],[30.6515,-29.1599],[30.6526,-29.1651],[30.6384,-29.1712],[30.6306,-29.1829]]]},"properties":{"tmax":37.83374996,"brucode":"Xc16","tmin":-4.43374999,"bru_clean":"Xc16","tmean":16.93249996,"map":895.25316456}},
{"type":"Feature","geometry":{"type":"Polygon","coordinates":[[[30.7003,-29.1604],[30.7051,-29.147],[30.7024,-29.1405],[30.6966,-29.1424],[30.6949,-29.1503],[30.6849,-29.1465],[30.6718,-29.152],[30.6728,-29.1705],[30.6618,-29.1766],[30.6865,-29.1857],[30.6956,-29.179],[30.7154,-29.1924],[30.703,-29.211],[30.6956,-29.213],[30.6995,-29.2279],[30.6907,-29.2422],[30.6926,-29.2408],[30.7064,-29.229],[30.7085,-29.2164],[30.7318,-29.2189],[30.7318,-29.2104],[30.7526,-29.2026],[30.7878,-29.2152],[30.7891,-29.2055],[30.7814,-29.2015],[30.7819,-29.1924],[30.7919,-29.1899],[30.8067,-29.1798],[30.812,-29.1994],[30.8467,-29.2115],[30.8568,-29.211],[30.8569,-29.2233],[30.8607,-29.233],[30.8787,-29.2258],[30.8803,-29.2401],[30.8916,-29.2402],[30.9246,-29.2351],[30.9467,-29.2371],[30.9589,-29.2489],[30.9775,-29.2459],[30.985,-29.2382],[30.9925,-29.2491],[31.0003,-29.2496],[31.0081,-29.2425],[31.0012,-29.2358],[31.0107,-29.2282],[31.0263,-29.2305],[31.0286,-29.2223],[31.0169,-29.2176],[30.9935,-29.2195],[30.9899,-29.2238],[30.972,-29.2234],[30.9554,-29.2293],[30.9532,-29.2377],[30.9395,-29.2303],[30.9409,-29.2178],[30.9348,-29.2174],[30.9383,-29.2031],[30.9324,-29.1983],[30.9316,-29.1852],[30.9291,-29.1843],[30.9163,-29.1864],[30.9039,-29.1968],[30.9107,-29.1998],[30.9154,-29.2093],[30.9069,-29.2115],[30.9048,-29.2225],[30.8895,-29.236],[30.8831,-29.2304],[30.8868,-29.2212],[30.8802,-29.2042],[30.865,-29.2186],[30.8624,-29.1977],[30.8552,-29.1793],[30.8595,-29.169],[30.852,-29.1592],[30.8476,-29.1547],[30.8245,-29.1522],[30.8267,-29.1453],[30.809,-29.1475],[30.7899,-29.1387],[30.7843,-29.1451],[30.7727,-29.1372],[30.7731,-29.1498],[30.759,-29.1373],[30.7539,-29.1499],[30.7745,-29.1714],[30.7734,-29.1755],[30.7552,-29.1692],[30.7439,-29.1696],[30.7386,-29.1634],[30.7229,-29.1613],[30.7142,-29.1669],[30.7003,-29.1604]]]},"properties":{"tmax":38.70000002,"brucode":"VWb6","tmin":-2.47391306,"bru_clean":"VWb6","tmean":18.01304345,"map":927.86956522}},
{"type":"Feature","geometry":{"type":"Polygon","coordinates":[[[30.101,-29.1554],[30.0855,-29.158],[30.0799,-29.1622],[30.0854,-29.1709],[30.0956,-29.1764],[30.0932,-29.1825],[30.0748,-29.1835],[30.0625,-29.1761],[30.0495,-29.1795],[30.0478,-29.1897],[30.0359,-29.1801],[30.0271,-29.1809],[30.0218,-29.1918],[30.0203,-29.2048],[30.0003,-29.2058],[30.0045,-29.24],[30.0119,-29.2437],[30.0242,-29.2378],[30.0423,-29.2402],[30.0695,-29.2226],[30.0742,-29.2302],[30.084,-29.2355],[30.0956,-29.2181],[30.0979,-29.2083],[30.1118,-29.1962],[30.1266,-29.1937],[30.1335,-29.1749],[30.1267,-29.1683],[30.1289,-29.1508],[30.1213,-29.1373],[30.101,-29.1554]]]},"properties":{"tmax":35.08181815,"brucode":"Ud2","tmin":-4.7454545,"bru_clean":"Ud2","tmean":15.48636363,"map":737.47826087}},
{"type":"Feature","geometry":{"type":"Polygon","coordinates":[[[29.7415,-29.434],[29.7726,-29.4491],[29.7933,-29.4388],[29.8099,-29.4358],[29.8111,-29.4456],[29.8247,-29.4438],[29.843,-29.4489],[29.8548,-29.4461],[29.8648,-29.4485],[29.8759,-29.459],[29.8826,-29.4619],[29.895,-29.479],[29.9062,-29.4803],[29.9327,-29.4734],[29.9508,-29.4768],[29.9642,-29.4667],[29.9806,-29.4707],[29.997,-29.4733],[30.0025,-29.4788],[30.012,-29.4795],[30.0184,-29.4748],[30.0283,-29.4797],[30.0413,-29.4811],[30.0538,-29.478],[30.0538,-29.4663],[30.0386,-29.4684],[30.0207,-29.459],[30.018,-29.4418],[30.0349,-29.4466],[30.0481,-29.4422],[30.057,-29.4233],[30.0477,-29.4187],[30.0354,-29.4176],[30.0256,-29.4131],[30.0236,-29.3984],[30.0187,-29.3929],[30.006,-29.3866],[30.0025,-29.3798],[29.9879,-29.3815],[29.9807,-29.3759],[29.9849,-29.3679],[29.9768,-29.3605],[29.9657,-29.3563],[29.9674,-29.3673],[29.9643,-29.3751],[29.9504,-29.3728],[29.9408,-29.3791],[29.939,-29.3908],[29.9286,-29.3809],[29.9128,-29.3901],[29.9059,-29.3831],[29.9157,-29.356],[29.8877,-29.3538],[29.8644,-29.3687],[29.8478,-29.3561],[29.8643,-29.3488],[29.8674,-29.3368],[29.8476,-29.3267],[29.8359,-29.3163],[29.8331,-29.3069],[29.8171,-29.3121],[29.8105,-29.3052],[29.8087,-29.291],[29.8039,-29.2815],[29.8195,-29.2827],[29.8268,-29.2892],[29.8339,-29.2833],[29.8342,-29.276],[29.8229,-29.2734],[29.8244,-29.2621],[29.8192,-29.2543],[29.7991,-29.271],[29.7917,-29.2713],[29.7841,-29.28],[29.785,-29.2949],[29.7653,-29.2922],[29.7789,-29.2777],[29.8047,-29.2579],[29.8039,-29.2462],[29.8202,-29.2371],[29.8394,-29.2417],[29.8556,-29.2511],[29.8526,-29.2419],[29.8728,-29.22],[29.8614,-29.209],[29.8725,-29.2024],[29.8822,-29.2059],[29.8887,-29.1963],[29.8791,-29.1933],[29.8488,-29.1918],[29.8405,-29.1817],[29.834,-29.1851],[29.8146,-29.1827],[29.807,-29.1719],[29.8066,-29.1621],[29.7905,-29.175],[29.7665,-29.1671],[29.7578,-29.1718],[29.7513,-29.1828],[29.7392,-29.1623],[29.7515,-29.1601],[29.7377,-29.1508],[29.729,-29.1574],[29.7089,-29.1631],[29.7035,-29.1749],[29.6884,-29.167],[29.6725,-29.1714],[29.6581,-29.1887],[29.6522,-29.1922],[29.6324,-29.1861],[29.6384,-29.1786],[29.6359,-29.1765],[29.6163,-29.185],[29.5761,-29.177],[29.5716,-29.1868],[29.5752,-29.1992],[29.6002,-29.1975],[29.6046,-29.2003],[29.608,-29.2169],[29.6201,-29.2047],[29.6313,-29.2023],[29.6333,-29.2083],[29.622,-29.2236],[29.618,-29.2329],[29.6258,-29.2417],[29.6123,-29.2538],[29.6037,-29.2648],[29.6156,-29.2674],[29.6378,-29.2502],[29.6504,-29.2475],[29.657,-29.2414],[29.6605,-29.2309],[29.6694,-29.2283],[29.6831,-29.233],[29.676,-29.244],[29.6646,-29.2555],[29.6562,-29.2589],[29.6351,-29.2851],[29.6455,-29.2861],[29.6478,-29.2933],[29.6846,-29.2931],[29.6987,-29.2991],[29.6782,-29.3089],[29.6724,-29.3153],[29.6575,-29.3183],[29.6652,-29.3295],[29.6637,-29.3365],[29.654,-29.3441],[29.6722,-29.3479],[29.6918,-29.3435],[29.7007,-29.3518],[29.6957,-29.3627],[29.6874,-29.3638],[29.6573,-29.3813],[29.672,-29.3849],[29.6939,-29.3732],[29.6961,-29.3823],[29.7045,-29.3878],[29.7053,-29.3975],[29.6804,-29.4143],[29.6953,-29.4269],[29.7069,-29.4235],[29.728,-29.4221],[29.7374,-29.4245],[29.7415,-29.434]]]},"properties":{"tmax":33.44444433,"brucode":"Yd16","tmin":-6.66131686,"bru_clean":"Yd16","tmean":14.26255145,"map":889.73170732}},
{"type":"Feature","geometry":{"type":"Polygon","coordinates":[[[31.1665,-29.1824],[31.1497,-29.1925],[31.1385,-29.2033],[31.1397,-29.214],[31.149,-29.2321],[31.1468,-29.2454],[31.1384,-29.2709],[31.1436,-29.2787],[31.1551,-29.2694],[31.1543,-29.2637],[31.1742,-29.2425],[31.1817,-29.2577],[31.1866,-29.2525],[31.1995,-29.252],[31.1996,-29.2429],[31.2069,-29.2355],[31.2029,-29.2296],[31.2087,-29.2222],[31.214,-29.2117],[31.2134,-29.1977],[31.2027,-29.1854],[31.2195,-29.1773],[31.2206,-29.171],[31.2188,-29.1605],[31.1996,-29.1649],[31.2009,-29.1571],[31.1902,-29.1554],[31.189,-29.1648],[31.1763,-29.1726],[31.1665,-29.1824]]]},"properties":{"tmax":40.75714329,"brucode":"Zb4","tmin":4.02380949,"bru_clean":"Zb4","tmean":19.71428562,"map":1067}},
{"type":"Feature","geometry":{"type":"Polygon","coordinates":[[[30.852,-29.1592],[30.8595,-29.169],[30.8552,-29.1793],[30.8624,-29.1977],[30.865,-29.2186],[30.8802,-29.2042],[30.8868,-29.2212],[30.8831,-29.2304],[30.8895,-29.236],[30.9048,-29.2225],[30.9069,-29.2115],[30.9154,-29.2093],[30.9107,-29.1998],[30.9039,-29.1968],[30.9163,-29.1864],[30.9291,-29.1843],[30.912,-29.1755],[30.8982,-29.1804],[30.8976,-29.1696],[30.8776,-29.1594],[30.8565,-29.1619],[30.852,-29.1592]]]},"properties":{"tmax":38.76470588,"brucode":"Xb9a","tmin":-0.18235293,"bru_clean":"Xb9","tmean":18.36470593,"map":922.76470588}},
{"type":"Feature","geometry":{"type":"Polygon","coordinates":[[[30.4991,-29.1911],[30.5033,-29.2028],[30.5138,-29.2057],[30.5282,-29.2197],[30.5464,-29.2211],[30.5453,-29.2122],[30.5536,-29.2019],[30.5689,-29.2013],[30.5933,-29.2109],[30.5959,-29.1978],[30.6039,-29.2023],[30.6061,-29.2167],[30.6155,-29.213],[30.6321,-29.2014],[30.6306,-29.1829],[30.6193,-29.1824],[30.619,-29.1684],[30.6129,-29.1652],[30.5977,-29.1787],[30.5982,-29.1665],[30.5913,-29.1596],[30.5811,-29.1605],[30.5695,-29.1702],[30.5636,-29.1656],[30.5338,-29.1771],[30.5139,-29.1796],[30.5092,-29.1874],[30.4991,-29.1911]]]},"properties":{"tmax":37.91999919,"brucode":"Wc34","tmin":-5.75333331,"bru_clean":"Wc34","tmean":16.77999954,"map":889.125}},
{"type":"Feature","geometry":{"type":"Polygon","coordinates":[[[30.9941,-29.1737],[30.9976,-29.1919],[31.0055,-29.2],[31.0175,-29.2013],[31.03,-29.2117],[31.0331,-29.2216],[31.0389,-29.2344],[31.0284,-29.2374],[31.0357,-29.2508],[31.0373,-29.2616],[31.0326,-29.2698],[31.0446,-29.2825],[31.0367,-29.29],[31.0467,-29.295],[31.0485,-29.282],[31.0561,-29.2826],[31.072,-29.293],[31.0819,-29.2882],[31.089,-29.2805],[31.1021,-29.2831],[31.105,-29.2891],[31.0991,-29.3015],[31.1078,-29.303],[31.114,-29.2998],[31.1196,-29.2817],[31.1177,-29.2753],[31.1231,-29.2636],[31.1325,-29.2628],[31.1336,-29.2505],[31.1468,-29.2454],[31.149,-29.2321],[31.1326,-29.2331],[31.1174,-29.2473],[31.1068,-29.2521],[31.1059,-29.2343],[31.1235,-29.2134],[31.1096,-29.2107],[31.099,-29.2147],[31.0819,-29.2099],[31.0724,-29.1894],[31.0556,-29.1921],[31.0496,-29.1799],[31.035,-29.1788],[31.0323,-29.1864],[31.0205,-29.1917],[31.0015,-29.1752],[30.9941,-29.1737]]]},"properties":{"tmax":41.70937479,"brucode":"VWa5","tmin":3.83437499,"bru_clean":"VWa5","tmean":20.56562513,"map":946.51612903}},
{"type":"Feature","geometry":{"type":"Polygon","coordinates":[[[30.9316,-29.1852],[30.9324,-29.1983],[30.9383,-29.2031],[30.9348,-29.2174],[30.9409,-29.2178],[30.9395,-29.2303],[30.9532,-29.2377],[30.9554,-29.2293],[30.972,-29.2234],[30.9899,-29.2238],[30.9935,-29.2195],[30.9807,-29.2215],[30.9754,-29.2156],[30.9809,-29.2076],[30.974,-29.1982],[30.9628,-29.2034],[30.9567,-29.1951],[30.9408,-29.1986],[30.9511,-29.186],[30.94,-29.1797],[30.9316,-29.1852]]]},"properties":{"tmax":38.76470588,"brucode":"Xb9b","tmin":-0.18235293,"bru_clean":"Xb9","tmean":18.36470593,"map":922.76470588}},
{"type":"Feature","geometry":{"type":"Polygon","coordinates":[[[30.6926,-29.2408],[30.7204,-29.2528],[30.7137,-29.2379],[30.7237,-29.2398],[30.7294,-29.234],[30.7369,-29.2383],[30.7526,-29.218],[30.7624,-29.2272],[30.7758,-29.2373],[30.793,-29.242],[30.8038,-29.2405],[30.8096,-29.2213],[30.8291,-29.2139],[30.8283,-29.2258],[30.8091,-29.2467],[30.8131,-29.2502],[30.8177,-29.2545],[30.808,-29.2621],[30.8002,-29.2627],[30.7948,-29.2696],[30.7847,-29.2704],[30.7907,-29.2811],[30.8056,-29.2686],[30.8132,-29.2816],[30.8196,-29.281],[30.8233,-29.2724],[30.8414,-29.2561],[30.8411,-29.2468],[30.8589,-29.2421],[30.8642,-29.238],[30.8504,-29.2327],[30.8569,-29.2233],[30.8568,-29.211],[30.8467,-29.2115],[30.812,-29.1994],[30.8067,-29.1798],[30.7919,-29.1899],[30.7819,-29.1924],[30.7814,-29.2015],[30.7891,-29.2055],[30.7878,-29.2152],[30.7526,-29.2026],[30.7318,-29.2104],[30.7318,-29.2189],[30.7085,-29.2164],[30.7064,-29.229],[30.6926,-29.2408]]]},"properties":{"tmax":37.97619029,"brucode":"Ub18","tmin":-2.59523808,"bru_clean":"Ub18","tmean":17.92857143,"map":881.57142857}},
{"type":"Feature","geometry":{"type":"Polygon","coordinates":[[[30.6335,-29.319],[30.6449,-29.316],[30.6576,-29.3025],[30.6526,-29.2933],[30.6663,-29.2833],[30.6547,-29.2673],[30.6642,-29.266],[30.6726,-29.2753],[30.7017,-29.2681],[30.6927,-29.2598],[30.6963,-29.2473],[30.6907,-29.2422],[30.6995,-29.2279],[30.6956,-29.213],[30.703,-29.211],[30.7154,-29.1924],[30.693,-29.1873],[30.6893,-29.2039],[30.6793,-29.1959],[30.6606,-29.2022],[30.669,-29.2073],[30.6543,-29.2131],[30.6706,-29.2217],[30.6701,-29.2268],[30.6553,-29.2251],[30.6552,-29.2311],[30.6391,-29.2335],[30.6433,-29.2423],[30.6324,-29.2762],[30.6237,-29.2854],[30.6292,-29.2891],[30.6304,-29.3049],[30.6273,-29.3139],[30.6335,-29.319]]]},"properties":{"tmax":38.26785735,"brucode":"Wc33b","tmin":-3.38749998,"bru_clean":"Wc33","tmean":17.23392858,"map":834.53571429}},
{"type":"Feature","geometry":{"type":"Polygon","coordinates":[[[30.7624,-29.2272],[30.7655,-29.2456],[30.7629,-29.2491],[30.7707,-29.2631],[30.8035,-29.2482],[30.8131,-29.2502],[30.8091,-29.2467],[30.8283,-29.2258],[30.8291,-29.2139],[30.8096,-29.2213],[30.8038,-29.2405],[30.793,-29.242],[30.7758,-29.2373],[30.7624,-29.2272]]]},"properties":{"tmax":37.65714291,"brucode":"Vb17b","tmin":-3.0357143,"bru_clean":"Vb17","tmean":17.54999992,"map":861.14285714}},
{"type":"Feature","geometry":{"type":"Polygon","coordinates":[[[31.0286,-29.2223],[31.0263,-29.2305],[31.0107,-29.2282],[31.0012,-29.2358],[31.0081,-29.2425],[31.0003,-29.2496],[30.9925,-29.2491],[30.985,-29.2382],[30.9841,-29.2416],[30.9923,-29.2617],[30.9861,-29.2695],[30.9528,-29.2706],[30.9487,-29.2792],[30.9318,-29.2859],[30.9266,-29.2984],[30.9108,-29.3038],[30.9077,-29.3238],[30.9354,-29.3065],[30.9397,-29.3094],[30.9353,-29.3215],[30.9438,-29.3303],[30.9592,-29.3163],[30.9722,-29.313],[30.9745,-29.3271],[30.9649,-29.3368],[30.9775,-29.3435],[30.9671,-29.3476],[30.964,-29.3559],[30.9763,-29.3596],[30.9868,-29.3452],[30.9981,-29.3466],[30.9988,-29.3321],[31.0108,-29.3359],[31.0037,-29.3437],[31.0143,-29.348],[31.0249,-29.3455],[31.0386,-29.3486],[31.0563,-29.3434],[31.0641,-29.3487],[31.0795,-29.3467],[31.0908,-29.3339],[31.0919,-29.3271],[31.1074,-29.3076],[31.1078,-29.303],[31.0991,-29.3015],[31.105,-29.2891],[31.1021,-29.2831],[31.089,-29.2805],[31.0819,-29.2882],[31.072,-29.293],[31.0561,-29.2826],[31.0485,-29.282],[31.0467,-29.295],[31.0367,-29.29],[31.0446,-29.2825],[31.0326,-29.2698],[31.0373,-29.2616],[31.0357,-29.2508],[31.0284,-29.2374],[31.0389,-29.2344],[31.0331,-29.2216],[31.0286,-29.2223]]]},"properties":{"tmax":41.27555542,"brucode":"UVa6","tmin":2.79111112,"bru_clean":"UVa6","tmean":20.24222221,"map":894.82222222}},
{"type":"Feature","geometry":{"type":"Polygon","coordinates":[[[30.3619,-29.2526],[30.351,-29.2535],[30.3392,-29.265],[30.3175,-29.2731],[30.3037,-29.2642],[30.2888,-29.2718],[30.2937,-29.2856],[30.2897,-29.2907],[30.286,-29.3064],[30.2754,-29.3076],[30.2503,-29.3014],[30.2417,-29.302],[30.2279,-29.2894],[30.2179,-29.2925],[30.1993,-29.3099],[30.1912,-29.3092],[30.1722,-29.2911],[30.152,-29.2887],[30.1467,-29.2982],[30.15,-29.3085],[30.1731,-29.321],[30.1838,-29.3193],[30.2038,-29.3284],[30.2231,-29.3419],[30.2292,-29.326],[30.2696,-29.3338],[30.2777,-29.3455],[30.2873,-29.3412],[30.298,-29.341],[30.3015,-29.3345],[30.298,-29.3256],[30.3138,-29.3181],[30.319,-29.3105],[30.3288,-29.3127],[30.3379,-29.308],[30.337,-29.3228],[30.3249,-29.3349],[30.3123,-29.3318],[30.309,-29.3467],[30.2898,-29.3506],[30.2878,-29.3576],[30.2961,-29.3678],[30.2963,-29.3784],[30.2811,-29.384],[30.28,-29.3944],[30.2857,-29.4077],[30.2972,-29.4199],[30.299,-29.4301],[30.3029,-29.4211],[30.3202,-29.423],[30.3287,-29.4166],[30.3367,-29.4194],[30.3428,-29.4078],[30.332,-29.389],[30.3416,-29.3904],[30.3507,-29.3679],[30.3357,-29.3532],[30.3458,-29.3522],[30.3652,-29.3356],[30.3749,-29.3336],[30.381,-29.3257],[30.3766,-29.313],[30.3903,-29.3092],[30.403,-29.3145],[30.4101,-29.3131],[30.4261,-29.2984],[30.4206,-29.2926],[30.4329,-29.2851],[30.4388,-29.296],[30.4524,-29.2957],[30.4566,-29.2848],[30.4685,-29.2792],[30.4737,-29.2858],[30.4815,-29.2809],[30.5056,-29.283],[30.5193,-29.2579],[30.5149,-29.2467],[30.5214,-29.2261],[30.5187,-29.2183],[30.5102,-29.2202],[30.5059,-29.2296],[30.4975,-29.238],[30.4906,-29.2314],[30.4843,-29.2319],[30.4745,-29.2243],[30.4557,-29.2205],[30.4407,-29.243],[30.4275,-29.2532],[30.4139,-29.2596],[30.3982,-29.257],[30.3943,-29.2457],[30.3846,-29.246],[30.3736,-29.2547],[30.3619,-29.2526]]]},"properties":{"tmax":37.62597384,"brucode":"Zc6","tmin":-3.23766234,"bru_clean":"Zc6","tmean":16.6870128,"map":1272.02631579}},
{"type":"Feature","geometry":{"type":"Polygon","coordinates":[[[30.8131,-29.2502],[30.8035,-29.2482],[30.7707,-29.2631],[30.7629,-29.2491],[30.7655,-29.2456],[30.7624,-29.2272],[30.7526,-29.218],[30.7369,-29.2383],[30.7294,-29.234],[30.7237,-29.2398],[30.7339,-29.2435],[30.7336,-29.2568],[30.742,-29.2679],[30.7436,-29.2861],[30.7469,-29.2903],[30.7289,-29.3048],[30.725,-29.2952],[30.7189,-29.3108],[30.7101,-29.3159],[30.7027,-29.3338],[30.7154,-29.3334],[30.7127,-29.3473],[30.7209,-29.351],[30.7336,-29.3371],[30.7369,-29.3191],[30.7353,-29.311],[30.7499,-29.2946],[30.7498,-29.2784],[30.7557,-29.2798],[30.7578,-29.2953],[30.7518,-29.3069],[30.7439,-29.3117],[30.7392,-29.3299],[30.7429,-29.3408],[30.7354,-29.3468],[30.7294,-29.3593],[30.7309,-29.369],[30.7371,-29.3735],[30.7573,-29.3681],[30.7632,-29.3627],[30.7561,-29.3599],[30.7476,-29.3662],[30.7419,-29.3589],[30.7538,-29.3556],[30.7648,-29.3416],[30.7675,-29.332],[30.7753,-29.3231],[30.7494,-29.319],[30.7495,-29.3137],[30.7631,-29.3121],[30.766,-29.3188],[30.7796,-29.3203],[30.7937,-29.3121],[30.7947,-29.2942],[30.8134,-29.291],[30.8196,-29.281],[30.8132,-29.2816],[30.8056,-29.2686],[30.7907,-29.2811],[30.7847,-29.2704],[30.7948,-29.2696],[30.8002,-29.2627],[30.808,-29.2621],[30.8177,-29.2545],[30.8131,-29.2502]]]},"properties":{"tmax":37.50588249,"brucode":"Vc26b","tmin":-3.47058823,"bru_clean":"Vc26","tmean":17.17647076,"map":832.87878788}},
{"type":"Feature","geometry":{"type":"Polygon","coordinates":[[[30.8569,-29.2233],[30.8504,-29.2327],[30.8642,-29.238],[30.8692,-29.2495],[30.882,-29.2656],[30.8988,-29.2538],[30.8977,-29.2466],[30.9176,-29.244],[30.9155,-29.2645],[30.924,-29.2574],[30.9395,-29.2552],[30.9513,-29.2577],[30.9735,-29.256],[30.9861,-29.2576],[30.9841,-29.2416],[30.985,-29.2382],[30.9775,-29.2459],[30.9589,-29.2489],[30.9467,-29.2371],[30.9246,-29.2351],[30.8916,-29.2402],[30.8803,-29.2401],[30.8787,-29.2258],[30.8607,-29.233],[30.8569,-29.2233]]]},"properties":{"tmax":40.28000031,"brucode":"Ua9","tmin":3.04000001,"bru_clean":"Ua9","tmean":19.43999977,"map":830.6}},
{"type":"Feature","geometry":{"type":"Polygon","coordinates":[[[31.2087,-29.2222],[31.2029,-29.2296],[31.2069,-29.2355],[31.1996,-29.2429],[31.1995,-29.252],[31.1866,-29.2525],[31.1817,-29.2577],[31.1742,-29.2425],[31.1543,-29.2637],[31.1551,-29.2694],[31.1436,-29.2787],[31.1458,-29.2825],[31.1637,-29.276],[31.1706,-29.2671],[31.195,-29.2762],[31.1968,-29.2905],[31.2145,-29.2956],[31.2117,-29.3066],[31.217,-29.3203],[31.2173,-29.307],[31.23,-29.2911],[31.2379,-29.292],[31.2495,-29.2705],[31.2527,-29.2726],[31.2694,-29.266],[31.2792,-29.2674],[31.2908,-29.2632],[31.2818,-29.2413],[31.2828,-29.2344],[31.2748,-29.2302],[31.253,-29.2263],[31.2449,-29.2379],[31.2229,-29.2312],[31.2087,-29.2222]]]},"properties":{"tmax":41.23043492,"brucode":"Za12","tmin":4.78260866,"bru_clean":"Za12","tmean":20.43913045,"map":998.34782609}},
{"type":"Feature","geometry":{"type":"Polygon","coordinates":[[[30.5214,-29.2261],[30.5149,-29.2467],[30.5193,-29.2579],[30.5056,-29.283],[30.4815,-29.2809],[30.4737,-29.2858],[30.4685,-29.2792],[30.4566,-29.2848],[30.4524,-29.2957],[30.4388,-29.296],[30.4329,-29.2851],[30.4206,-29.2926],[30.4261,-29.2984],[30.4101,-29.3131],[30.403,-29.3145],[30.3903,-29.3092],[30.3766,-29.313],[30.381,-29.3257],[30.3749,-29.3336],[30.3652,-29.3356],[30.3458,-29.3522],[30.3357,-29.3532],[30.3507,-29.3679],[30.3416,-29.3904],[30.332,-29.389],[30.3428,-29.4078],[30.3367,-29.4194],[30.3287,-29.4166],[30.3202,-29.423],[30.3029,-29.4211],[30.299,-29.4301],[30.3162,-29.4355],[30.3248,-29.4348],[30.3417,-29.4253],[30.3541,-29.4234],[30.3624,-29.4314],[30.3745,-29.4313],[30.3772,-29.4234],[30.3996,-29.418],[30.4084,-29.411],[30.4135,-29.4011],[30.4263,-29.3975],[30.4417,-29.4053],[30.4483,-29.3849],[30.4536,-29.3785],[30.4682,-29.3754],[30.4795,-29.3767],[30.4813,-29.3659],[30.5038,-29.3631],[30.5037,-29.3797],[30.5074,-29.3848],[30.5179,-29.3775],[30.5233,-29.3677],[30.5176,-29.3538],[30.5199,-29.347],[30.5159,-29.3376],[30.5251,-29.3315],[30.5268,-29.3251],[30.5272,-29.3123],[30.5433,-29.2994],[30.5385,-29.292],[30.5462,-29.2823],[30.544,-29.2674],[30.5312,-29.2567],[30.5351,-29.2499],[30.5262,-29.2397],[30.5214,-29.2261]]]},"properties":{"tmax":39.44057979,"brucode":"Yb8","tmin":-2.82028987,"bru_clean":"Yb8","tmean":17.90289865,"map":1047.91304348}},
{"type":"Feature","geometry":{"type":"Polygon","coordinates":[[[30.6907,-29.2422],[30.6963,-29.2473],[30.6927,-29.2598],[30.7017,-29.2681],[30.6726,-29.2753],[30.6642,-29.266],[30.6547,-29.2673],[30.6663,-29.2833],[30.6764,-29.2778],[30.6897,-29.2773],[30.6875,-29.289],[30.7055,-29.2855],[30.7154,-29.2869],[30.7168,-29.2939],[30.725,-29.2952],[30.7289,-29.3048],[30.7469,-29.2903],[30.7436,-29.2861],[30.742,-29.2679],[30.7336,-29.2568],[30.7339,-29.2435],[30.7237,-29.2398],[30.7137,-29.2379],[30.7204,-29.2528],[30.6926,-29.2408],[30.6907,-29.2422]]]},"properties":{"tmax":37.65714291,"brucode":"Vb17a","tmin":-3.0357143,"bru_clean":"Vb17","tmean":17.54999992,"map":861.14285714}},
{"type":"Feature","geometry":{"type":"Polygon","coordinates":[[[29.8707,-29.305],[29.8677,-29.2969],[29.8572,-29.2912],[29.8541,-29.283],[29.844,-29.2748],[29.846,-29.2628],[29.8556,-29.2511],[29.8394,-29.2417],[29.8202,-29.2371],[29.8039,-29.2462],[29.8047,-29.2579],[29.7789,-29.2777],[29.7653,-29.2922],[29.785,-29.2949],[29.7841,-29.28],[29.7917,-29.2713],[29.7991,-29.271],[29.8192,-29.2543],[29.8244,-29.2621],[29.8229,-29.2734],[29.8342,-29.276],[29.8339,-29.2833],[29.8268,-29.2892],[29.8195,-29.2827],[29.8039,-29.2815],[29.8087,-29.291],[29.8105,-29.3052],[29.8171,-29.3121],[29.8331,-29.3069],[29.8359,-29.3163],[29.8476,-29.3267],[29.8674,-29.3368],[29.8791,-29.3149],[29.8707,-29.305]]]},"properties":{"tmax":33.67333349,"brucode":"Xd4","tmin":-6.18666665,"bru_clean":"Xd4","tmean":14.66666686,"map":854.06666667}},
{"type":"Feature","geometry":{"type":"Polygon","coordinates":[[[30.3316,-29.2366],[30.3189,-29.2404],[30.2878,-29.242],[30.2825,-29.2473],[30.2913,-29.2615],[30.2888,-29.2718],[30.3037,-29.2642],[30.3175,-29.2731],[30.3392,-29.265],[30.351,-29.2535],[30.3619,-29.2526],[30.3316,-29.2366]]]},"properties":{"tmax":36.17142814,"brucode":"Yd23","tmin":-4.19999988,"bru_clean":"Yd23","tmean":15.45714269,"map":1080.85714286}},
{"type":"Feature","geometry":{"type":"Polygon","coordinates":[[[30.8589,-29.2421],[30.8479,-29.2616],[30.8586,-29.2737],[30.8596,-29.2977],[30.8475,-29.299],[30.8345,-29.2907],[30.8278,-29.2961],[30.8134,-29.291],[30.7947,-29.2942],[30.7937,-29.3121],[30.7796,-29.3203],[30.766,-29.3188],[30.7631,-29.3121],[30.7495,-29.3137],[30.7494,-29.319],[30.7753,-29.3231],[30.7675,-29.332],[30.7648,-29.3416],[30.7538,-29.3556],[30.7419,-29.3589],[30.7476,-29.3662],[30.7561,-29.3599],[30.7718,-29.3389],[30.7827,-29.3299],[30.8172,-29.3098],[30.8353,-29.3044],[30.8542,-29.3084],[30.8479,-29.3239],[30.8493,-29.3338],[30.8548,-29.3391],[30.8465,-29.3462],[30.8422,-29.3573],[30.8502,-29.3674],[30.8575,-29.3702],[30.8624,-29.3587],[30.8772,-29.3563],[30.8788,-29.3451],[30.8886,-29.3324],[30.8914,-29.3167],[30.8867,-29.3064],[30.8985,-29.3046],[30.8934,-29.2917],[30.9031,-29.2717],[30.9057,-29.2845],[30.9413,-29.2697],[30.9528,-29.2706],[30.9861,-29.2695],[30.9923,-29.2617],[30.9841,-29.2416],[30.9861,-29.2576],[30.9735,-29.256],[30.9513,-29.2577],[30.9395,-29.2552],[30.924,-29.2574],[30.9155,-29.2645],[30.9176,-29.244],[30.8977,-29.2466],[30.8988,-29.2538],[30.882,-29.2656],[30.8692,-29.2495],[30.8642,-29.238],[30.8589,-29.2421]]]},"properties":{"tmax":38.76551714,"brucode":"UVb5","tmin":-0.55172416,"bru_clean":"UVb5","tmean":18.31034476,"map":867.53333333}},
{"type":"Feature","geometry":{"type":"Polygon","coordinates":[[[30.8196,-29.281],[30.8134,-29.291],[30.8278,-29.2961],[30.8345,-29.2907],[30.8475,-29.299],[30.8596,-29.2977],[30.8586,-29.2737],[30.8479,-29.2616],[30.8589,-29.2421],[30.8411,-29.2468],[30.8414,-29.2561],[30.8233,-29.2724],[30.8196,-29.281]]]},"properties":{"tmax":37.875,"brucode":"Wb18a","tmin":-1.99999999,"bru_clean":"Wb18","tmean":17.66999998,"map":814.95}},
{"type":"Feature","geometry":{"type":"Polygon","coordinates":[[[31.217,-29.3203],[31.2117,-29.3066],[31.2145,-29.2956],[31.1968,-29.2905],[31.195,-29.2762],[31.1706,-29.2671],[31.1637,-29.276],[31.1458,-29.2825],[31.1436,-29.2787],[31.1384,-29.2709],[31.1468,-29.2454],[31.1336,-29.2505],[31.1325,-29.2628],[31.1231,-29.2636],[31.1177,-29.2753],[31.1196,-29.2817],[31.114,-29.2998],[31.1078,-29.303],[31.1074,-29.3076],[31.0919,-29.3271],[31.0908,-29.3339],[31.0976,-29.3274],[31.1055,-29.3296],[31.1269,-29.324],[31.1322,-29.3172],[31.1399,-29.3196],[31.148,-29.3125],[31.1726,-29.3108],[31.18,-29.3167],[31.1715,-29.3387],[31.1804,-29.3491],[31.1936,-29.3416],[31.2056,-29.3421],[31.2074,-29.3527],[31.2301,-29.3637],[31.2454,-29.3516],[31.2364,-29.3427],[31.2233,-29.3443],[31.217,-29.3203]]]},"properties":{"tmax":42.07222218,"brucode":"Wa9","tmin":3.11666667,"bru_clean":"Wa9","tmean":20.73888874,"map":923.88888889}},
{"type":"Feature","geometry":{"type":"Polygon","coordinates":[[[29.9059,-29.3831],[29.9128,-29.3901],[29.9286,-29.3809],[29.939,-29.3908],[29.9408,-29.3791],[29.9504,-29.3728],[29.9643,-29.3751],[29.9674,-29.3673],[29.9657,-29.3563],[29.9768,-29.3605],[29.9849,-29.3679],[29.9807,-29.3759],[29.9879,-29.3815],[30.0025,-29.3798],[30.006,-29.3866],[30.0187,-29.3929],[30.0373,-29.3943],[30.0384,-29.3896],[30.016,-29.386],[30.0226,-29.3714],[30.0223,-29.3614],[30.0359,-29.361],[30.0403,-29.3542],[30.0337,-29.3474],[30.0103,-29.3538],[30.0358,-29.3364],[30.0397,-29.321],[30.0545,-29.3125],[30.0754,-29.3077],[30.0723,-29.2862],[30.0689,-29.2859],[30.0419,-29.258],[30.0323,-29.266],[30.0218,-29.258],[30.0116,-29.258],[29.999,-29.2659],[29.9963,-29.2913],[30.0059,-29.2957],[30.0013,-29.3053],[29.9864,-29.3173],[29.9689,-29.3125],[29.9595,-29.3326],[29.9552,-29.351],[29.9504,-29.3587],[29.9412,-29.3552],[29.9346,-29.3452],[29.9308,-29.3631],[29.9237,-29.3772],[29.9059,-29.3831]]]},"properties":{"tmax":34.01470588,"brucode":"Wd9","tmin":-4.91176475,"bru_clean":"Wd9","tmean":15.0617648,"map":851.82352941}},
{"type":"Feature","geometry":{"type":"Polygon","coordinates":[[[30.9528,-29.2706],[30.9413,-29.2697],[30.9057,-29.2845],[30.9031,-29.2717],[30.8934,-29.2917],[30.8985,-29.3046],[30.8867,-29.3064],[30.8914,-29.3167],[30.8886,-29.3324],[30.8788,-29.3451],[30.8772,-29.3563],[30.8624,-29.3587],[30.8575,-29.3702],[30.8616,-29.3787],[30.8542,-29.3829],[30.8507,-29.3982],[30.836,-29.3893],[30.8266,-29.3916],[30.8255,-29.3997],[30.8118,-29.3942],[30.8021,-29.4114],[30.7912,-29.4172],[30.7816,-29.4168],[30.7714,-29.3902],[30.7621,-29.3823],[30.7675,-29.3716],[30.7678,-29.3624],[30.7632,-29.3627],[30.7573,-29.3681],[30.7371,-29.3735],[30.7309,-29.369],[30.7294,-29.3593],[30.7201,-29.3607],[30.7168,-29.3722],[30.7074,-29.3653],[30.7016,-29.3779],[30.7155,-29.3938],[30.7157,-29.4031],[30.7051,-29.4064],[30.7032,-29.3896],[30.6961,-29.3806],[30.6863,-29.3946],[30.6811,-29.384],[30.6528,-29.394],[30.6523,-29.4014],[30.6596,-29.4052],[30.6383,-29.4127],[30.6196,-29.4405],[30.608,-29.4447],[30.5973,-29.4567],[30.5882,-29.4539],[30.5751,-29.469],[30.569,-29.4667],[30.558,-29.4821],[30.558,-29.4908],[30.5405,-29.4921],[30.5452,-29.4827],[30.5383,-29.4774],[30.5327,-29.4902],[30.5464,-29.4997],[30.5374,-29.5038],[30.538,-29.5119],[30.5467,-29.5174],[30.5515,-29.4956],[30.5594,-29.4952],[30.5651,-29.5138],[30.5739,-29.5162],[30.5644,-29.4976],[30.5669,-29.4896],[30.5801,-29.5016],[30.5837,-29.51],[30.597,-29.5184],[30.6051,-29.5209],[30.6147,-29.5084],[30.6283,-29.5046],[30.6298,-29.4969],[30.639,-29.4958],[30.6386,-29.4805],[30.6421,-29.4712],[30.6517,-29.4783],[30.6622,-29.4937],[30.6719,-29.4892],[30.6632,-29.4809],[30.6738,-29.4754],[30.6681,-29.4659],[30.6809,-29.4669],[30.6883,-29.4709],[30.6791,-29.4798],[30.6944,-29.48],[30.6932,-29.4933],[30.7046,-29.4949],[30.7013,-29.4837],[30.7144,-29.4817],[30.7256,-29.4865],[30.7263,-29.4983],[30.7334,-29.4953],[30.7354,-29.4857],[30.7296,-29.4764],[30.723,-29.4747],[30.7028,-29.4592],[30.7066,-29.4534],[30.7288,-29.4562],[30.7276,-29.4652],[30.7432,-29.4635],[30.748,-29.4574],[30.7446,-29.4504],[30.748,-29.4305],[30.7595,-29.45],[30.7665,-29.4498],[30.769,-29.4605],[30.7658,-29.488],[30.7786,-29.4831],[30.789,-29.4826],[30.786,-29.4735],[30.7754,-29.4772],[30.7846,-29.4573],[30.787,-29.4467],[30.7986,-29.453],[30.8071,-29.4467],[30.8142,-29.4516],[30.8229,-29.4494],[30.829,-29.4418],[30.8207,-29.4326],[30.8037,-29.4344],[30.8118,-29.4238],[30.8214,-29.4289],[30.8335,-29.4224],[30.8614,-29.4143],[30.8665,-29.4267],[30.8793,-29.4206],[30.886,-29.4109],[30.8998,-29.4006],[30.9146,-29.3862],[30.8992,-29.3709],[30.89,-29.3672],[30.8837,-29.3586],[30.8968,-29.3421],[30.9008,-29.3509],[30.9147,-29.3335],[30.9203,-29.3314],[30.927,-29.3205],[30.9397,-29.3094],[30.9354,-29.3065],[30.9077,-29.3238],[30.9108,-29.3038],[30.9266,-29.2984],[30.9318,-29.2859],[30.9487,-29.2792],[30.9528,-29.2706]]]},"properties":{"tmax":38.44819255,"brucode":"Yc21","tmin":-1.72289157,"bru_clean":"Yc21","tmean":17.68192772,"map":863.71084337}},
{"type":"Feature","geometry":{"type":"Polygon","coordinates":[[[30.6253,-29.3566],[30.6034,-29.3684],[30.6161,-29.3873],[30.6276,-29.38],[30.6182,-29.4016],[30.6229,-29.4145],[30.6083,-29.418],[30.6054,-29.4263],[30.5954,-29.4205],[30.5853,-29.4192],[30.5882,-29.4328],[30.5822,-29.4342],[30.5737,-29.4236],[30.5595,-29.4275],[30.5499,-29.4342],[30.5649,-29.4419],[30.5679,-29.4497],[30.5567,-29.4524],[30.5435,-29.4658],[30.5396,-29.4642],[30.5358,-29.4695],[30.5161,-29.4786],[30.5256,-29.5001],[30.5374,-29.5038],[30.5464,-29.4997],[30.5327,-29.4902],[30.5383,-29.4774],[30.5452,-29.4827],[30.5405,-29.4921],[30.558,-29.4908],[30.558,-29.4821],[30.569,-29.4667],[30.5751,-29.469],[30.5882,-29.4539],[30.5973,-29.4567],[30.608,-29.4447],[30.6196,-29.4405],[30.6383,-29.4127],[30.6596,-29.4052],[30.6523,-29.4014],[30.6528,-29.394],[30.6811,-29.384],[30.6863,-29.3946],[30.6961,-29.3806],[30.7032,-29.3896],[30.7051,-29.4064],[30.7157,-29.4031],[30.7155,-29.3938],[30.7016,-29.3779],[30.7074,-29.3653],[30.7168,-29.3722],[30.7201,-29.3607],[30.7294,-29.3593],[30.7354,-29.3468],[30.7429,-29.3408],[30.7392,-29.3299],[30.7439,-29.3117],[30.7518,-29.3069],[30.7578,-29.2953],[30.7557,-29.2798],[30.7498,-29.2784],[30.7499,-29.2946],[30.7353,-29.311],[30.7369,-29.3191],[30.7336,-29.3371],[30.7209,-29.351],[30.7127,-29.3473],[30.7154,-29.3334],[30.7027,-29.3338],[30.7101,-29.3159],[30.7189,-29.3108],[30.725,-29.2952],[30.7168,-29.2939],[30.711,-29.3092],[30.6989,-29.3041],[30.6858,-29.3086],[30.6926,-29.3284],[30.6786,-29.3229],[30.6563,-29.3365],[30.6548,-29.3433],[30.6441,-29.3435],[30.6253,-29.3566]]]},"properties":{"tmax":38.26785735,"brucode":"Wc33a","tmin":-3.38749998,"bru_clean":"Wc33","tmean":17.23392858,"map":834.53571429}},
{"type":"Feature","geometry":{"type":"Polygon","coordinates":[[[30.6441,-29.3435],[30.6548,-29.3433],[30.6563,-29.3365],[30.6786,-29.3229],[30.6926,-29.3284],[30.6858,-29.3086],[30.6989,-29.3041],[30.711,-29.3092],[30.7168,-29.2939],[30.7154,-29.2869],[30.7055,-29.2855],[30.6875,-29.289],[30.6897,-29.2773],[30.6764,-29.2778],[30.6663,-29.2833],[30.6526,-29.2933],[30.6576,-29.3025],[30.6449,-29.316],[30.6335,-29.319],[30.6466,-29.3291],[30.6441,-29.3435]]]},"properties":{"tmax":37.50588249,"brucode":"Vc26a","tmin":-3.47058823,"bru_clean":"Vc26","tmean":17.17647076,"map":832.87878788}},
{"type":"Feature","geometry":{"type":"Polygon","coordinates":[[[30.1404,-29.3082],[30.1344,-29.3187],[30.1349,-29.3386],[30.1289,-29.3466],[30.1504,-29.3612],[30.1348,-29.3674],[30.1222,-29.351],[30.1031,-29.3366],[30.0987,-29.3399],[30.0815,-29.3413],[30.0838,-29.3549],[30.0692,-29.3618],[30.0804,-29.372],[30.0919,-29.3703],[30.0958,-29.3768],[30.0857,-29.3824],[30.0723,-29.3704],[30.0602,-29.3688],[30.0557,-29.3627],[30.0466,-29.3616],[30.0403,-29.3542],[30.0359,-29.361],[30.0223,-29.3614],[30.0226,-29.3714],[30.016,-29.386],[30.0384,-29.3896],[30.0373,-29.3943],[30.0187,-29.3929],[30.0236,-29.3984],[30.0256,-29.4131],[30.0354,-29.4176],[30.0477,-29.4187],[30.057,-29.4233],[30.0481,-29.4422],[30.0349,-29.4466],[30.018,-29.4418],[30.0207,-29.459],[30.0386,-29.4684],[30.0538,-29.4663],[30.0538,-29.478],[30.0413,-29.4811],[30.0283,-29.4797],[30.0184,-29.4748],[30.012,-29.4795],[30.0025,-29.4788],[29.997,-29.4733],[29.9806,-29.4707],[29.9646,-29.4706],[29.9495,-29.4849],[29.9499,-29.4942],[29.9394,-29.4979],[29.9284,-29.4959],[29.9287,-29.509],[29.9464,-29.5085],[29.9663,-29.5129],[29.9726,-29.5264],[29.9785,-29.5318],[29.986,-29.5271],[29.9926,-29.5326],[29.9903,-29.541],[29.9941,-29.5523],[29.9913,-29.5805],[30.0032,-29.5816],[30.0011,-29.5614],[30.0062,-29.554],[30.031,-29.5711],[30.0446,-29.5715],[30.0556,-29.5606],[30.0704,-29.5591],[30.0954,-29.5461],[30.1044,-29.546],[30.1198,-29.5387],[30.1305,-29.5405],[30.1422,-29.5338],[30.1365,-29.5244],[30.1372,-29.5163],[30.1566,-29.5207],[30.1609,-29.5106],[30.1541,-29.5037],[30.1427,-29.5057],[30.1322,-29.4926],[30.1188,-29.4947],[30.1111,-29.5007],[30.0956,-29.5284],[30.0902,-29.5202],[30.097,-29.512],[30.0924,-29.5057],[30.095,-29.4909],[30.0878,-29.4828],[30.1079,-29.4783],[30.1065,-29.467],[30.1287,-29.459],[30.1514,-29.4459],[30.1593,-29.4486],[30.1536,-29.4596],[30.1711,-29.4625],[30.1954,-29.4596],[30.1923,-29.4657],[30.2094,-29.4742],[30.2198,-29.4739],[30.2229,-29.464],[30.2335,-29.4608],[30.2469,-29.463],[30.2524,-29.4704],[30.2621,-29.4751],[30.2707,-29.4741],[30.2845,-29.4513],[30.2778,-29.4352],[30.2772,-29.4245],[30.2691,-29.4142],[30.2764,-29.407],[30.28,-29.3944],[30.2811,-29.384],[30.2963,-29.3784],[30.2961,-29.3678],[30.2878,-29.3576],[30.2898,-29.3506],[30.309,-29.3467],[30.3123,-29.3318],[30.3249,-29.3349],[30.337,-29.3228],[30.3379,-29.308],[30.3288,-29.3127],[30.319,-29.3105],[30.3138,-29.3181],[30.298,-29.3256],[30.3015,-29.3345],[30.298,-29.341],[30.2873,-29.3412],[30.2777,-29.3455],[30.2696,-29.3338],[30.2292,-29.326],[30.2231,-29.3419],[30.2038,-29.3284],[30.1838,-29.3193],[30.1731,-29.321],[30.15,-29.3085],[30.1467,-29.2982],[30.1404,-29.3082]]]},"properties":{"tmax":36.26049374,"brucode":"Yc11","tmin":-4.18395061,"bru_clean":"Yc11","tmean":15.86296296,"map":991.75757576}},
{"type":"Feature","geometry":{"type":"Polygon","coordinates":[[[30.0754,-29.3077],[30.0545,-29.3125],[30.0397,-29.321],[30.0358,-29.3364],[30.0103,-29.3538],[30.0337,-29.3474],[30.0403,-29.3542],[30.0466,-29.3616],[30.0557,-29.3627],[30.0602,-29.3688],[30.0723,-29.3704],[30.0857,-29.3824],[30.0958,-29.3768],[30.0919,-29.3703],[30.0804,-29.372],[30.0692,-29.3618],[30.0838,-29.3549],[30.0815,-29.3413],[30.0987,-29.3399],[30.1031,-29.3366],[30.1222,-29.351],[30.1348,-29.3674],[30.1504,-29.3612],[30.1289,-29.3466],[30.1349,-29.3386],[30.1344,-29.3187],[30.1404,-29.3082],[30.128,-29.3055],[30.1119,-29.309],[30.1018,-29.3079],[30.0981,-29.301],[30.0834,-29.3081],[30.0754,-29.3077]]]},"properties":{"tmax":34.77368385,"brucode":"Yd22","tmin":-3.83684209,"bru_clean":"Yd22","tmean":15.42105263,"map":946.11111111}},
{"type":"Feature","geometry":{"type":"Polygon","coordinates":[[[30.7632,-29.3627],[30.7678,-29.3624],[30.7732,-29.3504],[30.7826,-29.3474],[30.7958,-29.3553],[30.8048,-29.3467],[30.8101,-29.3366],[30.8099,-29.3184],[30.82,-29.3165],[30.825,-29.3213],[30.8166,-29.3282],[30.8072,-29.3484],[30.7994,-29.3587],[30.8106,-29.3679],[30.8252,-29.3654],[30.8251,-29.3734],[30.8329,-29.3769],[30.8411,-29.3691],[30.8502,-29.3674],[30.8422,-29.3573],[30.8465,-29.3462],[30.8548,-29.3391],[30.8493,-29.3338],[30.8479,-29.3239],[30.8542,-29.3084],[30.8353,-29.3044],[30.8172,-29.3098],[30.7827,-29.3299],[30.7718,-29.3389],[30.7561,-29.3599],[30.7632,-29.3627]]]},"properties":{"tmax":37.84999943,"brucode":"Vb19","tmin":-2.2,"bru_clean":"Vb19","tmean":17.68333308,"map":810.33333333}},
{"type":"Feature","geometry":{"type":"Polygon","coordinates":[[[31.0683,-29.3578],[31.0821,-29.3518],[31.0889,-29.3453],[31.0908,-29.3339],[31.0795,-29.3467],[31.0641,-29.3487],[31.0563,-29.3434],[31.0386,-29.3486],[31.0249,-29.3455],[31.0143,-29.348],[31.0037,-29.3437],[31.0108,-29.3359],[30.9988,-29.3321],[30.9981,-29.3466],[30.9868,-29.3452],[30.9763,-29.3596],[30.964,-29.3559],[30.9671,-29.3476],[30.9775,-29.3435],[30.9649,-29.3368],[30.9745,-29.3271],[30.9722,-29.313],[30.9592,-29.3163],[30.9438,-29.3303],[30.9353,-29.3215],[30.9397,-29.3094],[30.927,-29.3205],[30.9203,-29.3314],[30.9147,-29.3335],[30.9008,-29.3509],[30.8968,-29.3421],[30.8837,-29.3586],[30.89,-29.3672],[30.8992,-29.3709],[30.9146,-29.3862],[30.8998,-29.4006],[30.886,-29.4109],[30.8793,-29.4206],[30.8665,-29.4267],[30.8778,-29.4332],[30.8944,-29.4153],[30.9236,-29.3989],[30.9537,-29.3923],[30.9716,-29.3861],[30.985,-29.3937],[30.9951,-29.3901],[31.0075,-29.3931],[31.0177,-29.392],[31.03,-29.3961],[31.0406,-29.3932],[31.0277,-29.3832],[31.0293,-29.3627],[31.0485,-29.3583],[31.0683,-29.3578]]]},"properties":{"tmax":40.24062502,"brucode":"Wb19","tmin":0.521875,"bru_clean":"Wb19","tmean":19.06875002,"map":892.90625}},
{"type":"Feature","geometry":{"type":"Polygon","coordinates":[[[30.8502,-29.3674],[30.8411,-29.3691],[30.8329,-29.3769],[30.8251,-29.3734],[30.8252,-29.3654],[30.8106,-29.3679],[30.7994,-29.3587],[30.8072,-29.3484],[30.8166,-29.3282],[30.825,-29.3213],[30.82,-29.3165],[30.8099,-29.3184],[30.8101,-29.3366],[30.8048,-29.3467],[30.7958,-29.3553],[30.7826,-29.3474],[30.7732,-29.3504],[30.7678,-29.3624],[30.7675,-29.3716],[30.7621,-29.3823],[30.7714,-29.3902],[30.7816,-29.4168],[30.7912,-29.4172],[30.8021,-29.4114],[30.8118,-29.3942],[30.8255,-29.3997],[30.8266,-29.3916],[30.836,-29.3893],[30.8507,-29.3982],[30.8542,-29.3829],[30.8616,-29.3787],[30.8575,-29.3702],[30.8502,-29.3674]]]},"properties":{"tmax":37.875,"brucode":"Wb18b","tmin":-1.99999999,"bru_clean":"Wb18","tmean":17.66999998,"map":814.95}},
{"type":"Feature","geometry":{"type":"Polygon","coordinates":[[[31.1399,-29.3196],[31.1322,-29.3172],[31.1269,-29.324],[31.1055,-29.3296],[31.0976,-29.3274],[31.0908,-29.3339],[31.0889,-29.3453],[31.0821,-29.3518],[31.0683,-29.3578],[31.0766,-29.3698],[31.0861,-29.3759],[31.1167,-29.3815],[31.1216,-29.366],[31.1337,-29.3645],[31.1384,-29.356],[31.1326,-29.3506],[31.1191,-29.3506],[31.0947,-29.3623],[31.093,-29.3542],[31.0987,-29.3482],[31.1094,-29.349],[31.125,-29.3413],[31.1296,-29.3299],[31.1399,-29.3196]]]},"properties":{"tmax":42.18235263,"brucode":"Yb17b","tmin":-0.25882353,"bru_clean":"Yb17","tmean":19.85294118,"map":1005.625}},
{"type":"Feature","geometry":{"type":"Polygon","coordinates":[[[30.5268,-29.3251],[30.5251,-29.3315],[30.5159,-29.3376],[30.5199,-29.347],[30.5176,-29.3538],[30.5233,-29.3677],[30.5179,-29.3775],[30.5074,-29.3848],[30.5037,-29.3797],[30.5038,-29.3631],[30.4813,-29.3659],[30.4795,-29.3767],[30.4682,-29.3754],[30.4536,-29.3785],[30.4483,-29.3849],[30.4417,-29.4053],[30.4263,-29.3975],[30.4135,-29.4011],[30.4178,-29.4102],[30.4249,-29.4141],[30.4424,-29.412],[30.4537,-29.4199],[30.4643,-29.4185],[30.4681,-29.4129],[30.4641,-29.4021],[30.4799,-29.3959],[30.4798,-29.387],[30.4975,-29.3896],[30.4964,-29.3996],[30.5066,-29.3948],[30.5154,-29.3827],[30.5258,-29.3829],[30.5313,-29.3766],[30.5284,-29.3629],[30.5418,-29.3574],[30.5577,-29.3596],[30.5764,-29.3688],[30.5864,-29.363],[30.6034,-29.3684],[30.6253,-29.3566],[30.6183,-29.3449],[30.6103,-29.3499],[30.6015,-29.3442],[30.5816,-29.3595],[30.5629,-29.3548],[30.5555,-29.3428],[30.5316,-29.3371],[30.5268,-29.3251]]]},"properties":{"tmax":39.94615408,"brucode":"Wb11","tmin":-3.06153848,"bru_clean":"Wb11","tmean":18.17692287,"map":902.61538462}},
{"type":"Feature","geometry":{"type":"Polygon","coordinates":[[[31.0485,-29.3583],[31.0293,-29.3627],[31.0277,-29.3832],[31.0406,-29.3932],[31.03,-29.3961],[31.0177,-29.392],[31.0075,-29.3931],[31.004,-29.4042],[31.0016,-29.4278],[31.0075,-29.4305],[31.0314,-29.4278],[31.0453,-29.4285],[31.0487,-29.4245],[31.0464,-29.4112],[31.0639,-29.4111],[31.0714,-29.388],[31.0474,-29.3759],[31.0547,-29.3699],[31.0485,-29.3583]]]},"properties":{"tmax":42.18235263,"brucode":"Yb17a","tmin":-0.25882353,"bru_clean":"Yb17","tmean":19.85294118,"map":1005.625}},
{"type":"Feature","geometry":{"type":"Polygon","coordinates":[[[30.6034,-29.3684],[30.5864,-29.363],[30.5764,-29.3688],[30.5577,-29.3596],[30.5418,-29.3574],[30.5284,-29.3629],[30.5313,-29.3766],[30.5343,-29.3888],[30.5255,-29.3909],[30.5228,-29.4027],[30.5083,-29.4008],[30.5102,-29.41],[30.5002,-29.4177],[30.4978,-29.4308],[30.5135,-29.433],[30.519,-29.4421],[30.506,-29.4539],[30.5151,-29.4563],[30.5196,-29.4697],[30.5396,-29.4642],[30.5435,-29.4658],[30.5567,-29.4524],[30.5679,-29.4497],[30.5649,-29.4419],[30.5499,-29.4342],[30.5595,-29.4275],[30.5737,-29.4236],[30.5822,-29.4342],[30.5882,-29.4328],[30.5853,-29.4192],[30.5954,-29.4205],[30.6054,-29.4263],[30.6083,-29.418],[30.6229,-29.4145],[30.6182,-29.4016],[30.6276,-29.38],[30.6161,-29.3873],[30.6034,-29.3684]]]},"properties":{"tmax":40.1800002,"brucode":"Vb13b","tmin":-2.8542857,"bru_clean":"Vb13","tmean":18.0514286,"map":836.67647059}},
{"type":"Feature","geometry":{"type":"Polygon","coordinates":[[[29.5292,-29.3741],[29.5227,-29.3791],[29.5012,-29.3776],[29.4988,-29.3881],[29.5078,-29.4019],[29.5037,-29.4136],[29.4833,-29.3951],[29.4747,-29.3981],[29.4746,-29.4115],[29.4827,-29.4184],[29.4801,-29.425],[29.4913,-29.4392],[29.4993,-29.4451],[29.4924,-29.4535],[29.4818,-29.4472],[29.4654,-29.4446],[29.4708,-29.4545],[29.4591,-29.4659],[29.4393,-29.4687],[29.4418,-29.476],[29.4302,-29.4866],[29.4238,-29.4802],[29.4143,-29.4923],[29.4349,-29.5027],[29.4357,-29.5137],[29.4222,-29.5067],[29.4144,-29.5065],[29.4086,-29.5148],[29.3739,-29.5147],[29.3855,-29.5356],[29.3686,-29.5382],[29.3663,-29.5479],[29.3868,-29.553],[29.3851,-29.5629],[29.3587,-29.5573],[29.3515,-29.5617],[29.3373,-29.5605],[29.3494,-29.5782],[29.3669,-29.5792],[29.3817,-29.584],[29.3828,-29.5911],[29.3949,-29.5908],[29.4031,-29.6035],[29.4131,-29.6022],[29.4366,-29.6152],[29.4491,-29.6152],[29.463,-29.6112],[29.4736,-29.613],[29.4813,-29.6227],[29.4713,-29.6249],[29.4587,-29.6398],[29.4464,-29.6322],[29.4357,-29.6326],[29.4338,-29.6226],[29.417,-29.6151],[29.4056,-29.6153],[29.3886,-29.6099],[29.3696,-29.6149],[29.391,-29.6233],[29.4092,-29.6381],[29.4132,-29.645],[29.3988,-29.6491],[29.4198,-29.6583],[29.4177,-29.673],[29.404,-29.6781],[29.3967,-29.685],[29.3913,-29.6745],[29.3832,-29.6698],[29.3748,-29.6733],[29.3631,-29.666],[29.3534,-29.6706],[29.3794,-29.6893],[29.387,-29.7009],[29.379,-29.7099],[29.3695,-29.6986],[29.3544,-29.6937],[29.3444,-29.6968],[29.3311,-29.683],[29.3139,-29.6805],[29.2971,-29.6741],[29.2858,-29.6756],[29.2773,-29.6835],[29.2628,-29.6818],[29.2698,-29.6979],[29.2755,-29.7005],[29.2875,-29.7234],[29.314,-29.7351],[29.3186,-29.7494],[29.3308,-29.7508],[29.3494,-29.7579],[29.3545,-29.7485],[29.3614,-29.7486],[29.3697,-29.7345],[29.3578,-29.7329],[29.3615,-29.7232],[29.3607,-29.7101],[29.3867,-29.7271],[29.3993,-29.7289],[29.4039,-29.7152],[29.412,-29.7132],[29.4139,-29.7031],[29.3904,-29.6943],[29.4122,-29.6935],[29.4225,-29.7001],[29.4293,-29.6927],[29.4364,-29.6924],[29.4375,-29.6812],[29.4303,-29.6739],[29.4316,-29.6459],[29.4452,-29.6431],[29.4502,-29.6493],[29.4685,-29.6498],[29.4734,-29.6373],[29.4817,-29.6312],[29.4903,-29.6323],[29.5021,-29.6398],[29.5115,-29.6457],[29.5184,-29.64],[29.5151,-29.6272],[29.5097,-29.6258],[29.5064,-29.6143],[29.4853,-29.6185],[29.4752,-29.6078],[29.467,-29.6054],[29.4596,-29.61],[29.4384,-29.6102],[29.4444,-29.5999],[29.4244,-29.5818],[29.4286,-29.5774],[29.4486,-29.5798],[29.4601,-29.5781],[29.4703,-29.5904],[29.4788,-29.5863],[29.4982,-29.5845],[29.4905,-29.5621],[29.4749,-29.5625],[29.4693,-29.5572],[29.4543,-29.558],[29.4552,-29.5504],[29.4463,-29.5445],[29.4353,-29.5495],[29.4328,-29.5318],[29.4496,-29.5336],[29.4501,-29.521],[29.4653,-29.5293],[29.4761,-29.5402],[29.4888,-29.5312],[29.4996,-29.5446],[29.5168,-29.55],[29.5314,-29.5478],[29.5368,-29.5508],[29.5578,-29.554],[29.5595,-29.5623],[29.5735,-29.5781],[29.5798,-29.5591],[29.5697,-29.5496],[29.569,-29.5404],[29.5628,-29.5304],[29.5695,-29.5253],[29.5563,-29.5271],[29.543,-29.5182],[29.5564,-29.5067],[29.5661,-29.5101],[29.5773,-29.5089],[29.5917,-29.5152],[29.593,-29.5087],[29.5811,-29.4961],[29.5614,-29.4901],[29.5568,-29.4806],[29.5939,-29.4928],[29.6006,-29.4846],[29.6153,-29.4908],[29.607,-29.4962],[29.5907,-29.5227],[29.6052,-29.5297],[29.6187,-29.5242],[29.6483,-29.5144],[29.6612,-29.5169],[29.6805,-29.5164],[29.6877,-29.511],[29.6895,-29.5005],[29.6823,-29.4975],[29.6718,-29.4823],[29.6817,-29.4754],[29.6774,-29.4633],[29.6553,-29.4422],[29.6741,-29.4444],[29.6989,-29.4566],[29.7159,-29.4626],[29.7221,-29.4508],[29.7146,-29.4478],[29.7204,-29.4393],[29.7364,-29.4375],[29.7415,-29.434],[29.7237,-29.4283],[29.702,-29.4374],[29.6828,-29.4396],[29.6729,-29.4276],[29.6579,-29.4262],[29.6517,-29.4174],[29.6414,-29.4224],[29.6278,-29.4124],[29.6067,-29.4078],[29.5993,-29.415],[29.5867,-29.4105],[29.5637,-29.4059],[29.5546,-29.3921],[29.5389,-29.3774],[29.5292,-29.3741]]]},"properties":{"tmax":34.05000003,"brucode":"Ze2a","tmin":-7.86938777,"bru_clean":"Ze2","tmean":13.83520406,"map":1071.01538462}},
{"type":"Feature","geometry":{"type":"Polygon","coordinates":[[[30.5396,-29.4642],[30.5196,-29.4697],[30.5151,-29.4563],[30.506,-29.4539],[30.519,-29.4421],[30.5135,-29.433],[30.4978,-29.4308],[30.5002,-29.4177],[30.5102,-29.41],[30.5083,-29.4008],[30.5228,-29.4027],[30.5255,-29.3909],[30.5343,-29.3888],[30.5313,-29.3766],[30.5258,-29.3829],[30.5154,-29.3827],[30.5066,-29.3948],[30.4964,-29.3996],[30.4749,-29.4121],[30.4859,-29.4237],[30.4688,-29.4216],[30.4689,-29.4295],[30.4487,-29.4414],[30.4257,-29.4295],[30.4233,-29.4422],[30.4103,-29.4622],[30.3815,-29.467],[30.3706,-29.4545],[30.3577,-29.4589],[30.3459,-29.4557],[30.3416,-29.4488],[30.327,-29.4467],[30.317,-29.4505],[30.3052,-29.46],[30.2909,-29.4639],[30.2847,-29.472],[30.2887,-29.4785],[30.3034,-29.4834],[30.3118,-29.4832],[30.308,-29.4706],[30.3196,-29.4657],[30.3168,-29.4791],[30.3213,-29.4926],[30.3218,-29.5046],[30.3308,-29.511],[30.3282,-29.5202],[30.3449,-29.521],[30.3501,-29.504],[30.36,-29.5],[30.3658,-29.5087],[30.3825,-29.519],[30.4013,-29.5186],[30.4128,-29.5076],[30.4187,-29.5206],[30.4319,-29.5149],[30.4419,-29.5169],[30.4553,-29.5143],[30.464,-29.5255],[30.4626,-29.5386],[30.4691,-29.5456],[30.4496,-29.5581],[30.4603,-29.5584],[30.4756,-29.5513],[30.4885,-29.5525],[30.495,-29.5604],[30.4819,-29.5626],[30.4899,-29.5735],[30.5066,-29.5747],[30.5197,-29.563],[30.5307,-29.5616],[30.5439,-29.5538],[30.5415,-29.5474],[30.5247,-29.5286],[30.5174,-29.5258],[30.5208,-29.5088],[30.5113,-29.5068],[30.5147,-29.4953],[30.5114,-29.4907],[30.5161,-29.4786],[30.5358,-29.4695],[30.5396,-29.4642]],[[30.4667,-29.4585],[30.481,-29.4626],[30.4747,-29.4686],[30.4844,-29.4745],[30.4894,-29.4864],[30.4988,-29.4949],[30.4904,-29.5035],[30.4806,-29.4927],[30.4672,-29.4861],[30.4607,-29.4896],[30.4499,-29.4833],[30.457,-29.4644],[30.4667,-29.4585]]]},"properties":{"tmax":39.43064517,"brucode":"Ub14","tmin":-1.90967742,"bru_clean":"Ub14","tmean":18.08387101,"map":886.90476191}},
{"type":"Feature","geometry":{"type":"Polygon","coordinates":[[[30.4249,-29.4141],[30.4222,-29.4247],[30.4257,-29.4295],[30.4487,-29.4414],[30.4689,-29.4295],[30.4688,-29.4216],[30.4859,-29.4237],[30.4749,-29.4121],[30.4964,-29.3996],[30.4975,-29.3896],[30.4798,-29.387],[30.4799,-29.3959],[30.4641,-29.4021],[30.4681,-29.4129],[30.4643,-29.4185],[30.4537,-29.4199],[30.4424,-29.412],[30.4249,-29.4141]]]},"properties":{"tmax":40.1800002,"brucode":"Vb13a","tmin":-2.8542857,"bru_clean":"Vb13","tmean":18.0514286,"map":836.67647059}},
{"type":"Feature","geometry":{"type":"Polygon","coordinates":[[[30.9537,-29.3923],[30.9504,-29.4043],[30.941,-29.4195],[30.9453,-29.4307],[30.9277,-29.4365],[30.9228,-29.4425],[30.9085,-29.4418],[30.9007,-29.4614],[30.8939,-29.4556],[30.8725,-29.4594],[30.8674,-29.4705],[30.8559,-29.4628],[30.8461,-29.4504],[30.8416,-29.4555],[30.8482,-29.4647],[30.8428,-29.4728],[30.835,-29.4738],[30.8244,-29.4671],[30.8157,-29.4726],[30.819,-29.4809],[30.8299,-29.4923],[30.8199,-29.4957],[30.8123,-29.4888],[30.8005,-29.511],[30.8154,-29.5118],[30.8249,-29.52],[30.8367,-29.5207],[30.8355,-29.5274],[30.8228,-29.5409],[30.804,-29.5363],[30.7953,-29.5277],[30.7873,-29.5488],[30.7982,-29.5482],[30.8049,-29.5714],[30.7986,-29.5764],[30.8094,-29.5829],[30.8152,-29.5802],[30.8273,-29.5885],[30.8219,-29.6015],[30.8348,-29.6023],[30.8532,-29.597],[30.8575,-29.6004],[30.83,-29.6109],[30.8304,-29.6138],[30.845,-29.6231],[30.8541,-29.6186],[30.8643,-29.6074],[30.8684,-29.5954],[30.8609,-29.591],[30.8507,-29.5911],[30.8491,-29.5839],[30.8336,-29.5803],[30.8448,-29.5623],[30.8413,-29.5533],[30.8225,-29.5509],[30.8352,-29.5434],[30.841,-29.5304],[30.8484,-29.545],[30.8662,-29.548],[30.8722,-29.5424],[30.8643,-29.5307],[30.8544,-29.5317],[30.8496,-29.5223],[30.8389,-29.5169],[30.8479,-29.5056],[30.8571,-29.5033],[30.8554,-29.517],[30.8584,-29.5218],[30.8736,-29.519],[30.8811,-29.4968],[30.8885,-29.5112],[30.9058,-29.5043],[30.9198,-29.5119],[30.9215,-29.5179],[30.9099,-29.5224],[30.9027,-29.5334],[30.9084,-29.5478],[30.9115,-29.5306],[30.9279,-29.5224],[30.9363,-29.5105],[30.955,-29.5056],[30.9618,-29.5177],[30.9894,-29.5114],[30.9755,-29.5038],[30.9547,-29.501],[30.9283,-29.5042],[30.9187,-29.4863],[30.9238,-29.4715],[30.931,-29.473],[30.9357,-29.4863],[30.9463,-29.4933],[30.9593,-29.4783],[30.9679,-29.4856],[30.9754,-29.477],[30.9739,-29.4617],[30.9622,-29.4564],[30.9925,-29.4444],[30.9807,-29.4388],[30.9798,-29.428],[30.9929,-29.4207],[30.9916,-29.433],[31.0075,-29.4305],[31.0016,-29.4278],[31.004,-29.4042],[31.0075,-29.3931],[30.9951,-29.3901],[30.985,-29.3937],[30.9716,-29.3861],[30.9537,-29.3923]]]},"properties":{"tmax":39.58518516,"brucode":"Xb10","tmin":0.61851852,"bru_clean":"Xb10","tmean":19.11111125,"map":909.27272727}},
{"type":"Feature","geometry":{"type":"Polygon","coordinates":[[[30.7658,-29.488],[30.7568,-29.4989],[30.7706,-29.497],[30.7738,-29.5093],[30.7674,-29.5195],[30.7788,-29.5298],[30.7745,-29.5384],[30.7752,-29.5478],[30.7542,-29.5498],[30.7603,-29.5614],[30.7444,-29.562],[30.7374,-29.5658],[30.7307,-29.5767],[30.7416,-29.5777],[30.7473,-29.5883],[30.7718,-29.5757],[30.7733,-29.5699],[30.7872,-29.5729],[30.7927,-29.5778],[30.8013,-29.5994],[30.8057,-29.6005],[30.8089,-29.6148],[30.8186,-29.6088],[30.83,-29.6109],[30.8575,-29.6004],[30.8532,-29.597],[30.8348,-29.6023],[30.8219,-29.6015],[30.8273,-29.5885],[30.8152,-29.5802],[30.8094,-29.5829],[30.7986,-29.5764],[30.8049,-29.5714],[30.7982,-29.5482],[30.7873,-29.5488],[30.7953,-29.5277],[30.804,-29.5363],[30.8228,-29.5409],[30.8355,-29.5274],[30.8367,-29.5207],[30.8249,-29.52],[30.8154,-29.5118],[30.8005,-29.511],[30.8123,-29.4888],[30.8199,-29.4957],[30.8299,-29.4923],[30.819,-29.4809],[30.8157,-29.4726],[30.8244,-29.4671],[30.835,-29.4738],[30.8428,-29.4728],[30.8482,-29.4647],[30.8416,-29.4555],[30.8461,-29.4504],[30.8559,-29.4628],[30.8674,-29.4705],[30.8725,-29.4594],[30.8939,-29.4556],[30.9007,-29.4614],[30.9085,-29.4418],[30.9228,-29.4425],[30.9277,-29.4365],[30.9453,-29.4307],[30.941,-29.4195],[30.9504,-29.4043],[30.9537,-29.3923],[30.9236,-29.3989],[30.8944,-29.4153],[30.8778,-29.4332],[30.8665,-29.4267],[30.8614,-29.4143],[30.8335,-29.4224],[30.8214,-29.4289],[30.8118,-29.4238],[30.8037,-29.4344],[30.8207,-29.4326],[30.829,-29.4418],[30.8229,-29.4494],[30.8142,-29.4516],[30.8071,-29.4467],[30.7986,-29.453],[30.787,-29.4467],[30.7846,-29.4573],[30.7754,-29.4772],[30.786,-29.4735],[30.789,-29.4826],[30.7786,-29.4831],[30.7658,-29.488]]]},"properties":{"tmax":38.91599976,"brucode":"Yb13a","tmin":0.348,"bru_clean":"Yb13","tmean":18.73600006,"map":909.3}},
{"type":"Feature","geometry":{"type":"Polygon","coordinates":[[[30.28,-29.3944],[30.2764,-29.407],[30.2691,-29.4142],[30.2862,-29.4163],[30.2888,-29.4301],[30.3081,-29.4517],[30.3052,-29.46],[30.317,-29.4505],[30.327,-29.4467],[30.3416,-29.4488],[30.3459,-29.4557],[30.3577,-29.4589],[30.3706,-29.4545],[30.371,-29.4448],[30.383,-29.441],[30.3956,-29.4311],[30.3829,-29.4236],[30.3745,-29.4313],[30.3624,-29.4314],[30.3541,-29.4234],[30.3417,-29.4253],[30.3248,-29.4348],[30.3162,-29.4355],[30.299,-29.4301],[30.2972,-29.4199],[30.2857,-29.4077],[30.28,-29.3944]]]},"properties":{"tmax":38.89999989,"brucode":"VWb2","tmin":-1.37142857,"bru_clean":"VWb2","tmean":18.09999956,"map":990}},
{"type":"Feature","geometry":{"type":"Polygon","coordinates":[[[31.0314,-29.4278],[31.0075,-29.4305],[30.9916,-29.433],[30.9929,-29.4207],[30.9798,-29.428],[30.9807,-29.4388],[30.9925,-29.4444],[30.9849,-29.4551],[30.9786,-29.455],[30.9784,-29.4698],[30.9944,-29.4641],[31.0026,-29.4854],[30.9944,-29.4878],[31.0001,-29.4993],[30.9869,-29.4989],[30.9856,-29.4918],[30.9775,-29.4857],[30.9679,-29.4856],[30.9593,-29.4783],[30.9463,-29.4933],[30.9357,-29.4863],[30.931,-29.473],[30.9238,-29.4715],[30.9187,-29.4863],[30.9283,-29.5042],[30.9547,-29.501],[30.9755,-29.5038],[30.9894,-29.5114],[30.9955,-29.5163],[31.032,-29.5242],[31.0476,-29.5316],[31.0448,-29.5366],[31.0565,-29.5447],[31.0599,-29.5394],[31.0748,-29.5432],[31.0792,-29.5403],[31.0832,-29.5262],[31.0643,-29.525],[31.05,-29.5152],[31.0471,-29.5051],[31.0488,-29.4956],[31.0449,-29.4853],[31.0374,-29.478],[31.0496,-29.4548],[31.0513,-29.4429],[31.0341,-29.4419],[31.0261,-29.4365],[31.0314,-29.4278]],[[31.0243,-29.4451],[31.0115,-29.4606],[31.0011,-29.4554],[31.001,-29.4458],[31.0179,-29.4423],[31.0243,-29.4451]]]},"properties":{"tmax":41.57391308,"brucode":"Xa1","tmin":0.55217391,"bru_clean":"Xa1","tmean":19.39130435,"map":935.69565217}},
{"type":"Feature","geometry":{"type":"Polygon","coordinates":[[[30.2621,-29.4751],[30.2604,-29.4868],[30.2523,-29.4918],[30.2399,-29.4833],[30.2373,-29.4999],[30.259,-29.5025],[30.2665,-29.5088],[30.2751,-29.5076],[30.2682,-29.4946],[30.2743,-29.4857],[30.2871,-29.4907],[30.2887,-29.4785],[30.2847,-29.472],[30.2909,-29.4639],[30.3052,-29.46],[30.3081,-29.4517],[30.2888,-29.4301],[30.2862,-29.4163],[30.2691,-29.4142],[30.2772,-29.4245],[30.2778,-29.4352],[30.2845,-29.4513],[30.2707,-29.4741],[30.2621,-29.4751]]]},"properties":{"tmax":38.45555539,"brucode":"Vb12","tmin":-3.61111111,"bru_clean":"Vb12","tmean":16.88888889,"map":1054.22222222}},
{"type":"Feature","geometry":{"type":"Polygon","coordinates":[[[30.7263,-29.4983],[30.7219,-29.5108],[30.7217,-29.5282],[30.7076,-29.5307],[30.7051,-29.5564],[30.7086,-29.5525],[30.7118,-29.5332],[30.7224,-29.533],[30.7281,-29.5276],[30.7313,-29.5136],[30.7376,-29.5056],[30.7464,-29.5015],[30.7448,-29.4788],[30.7518,-29.4651],[30.7583,-29.4777],[30.7535,-29.4837],[30.7568,-29.4989],[30.7658,-29.488],[30.769,-29.4605],[30.7665,-29.4498],[30.7595,-29.45],[30.748,-29.4305],[30.7446,-29.4504],[30.748,-29.4574],[30.7432,-29.4635],[30.7276,-29.4652],[30.7288,-29.4562],[30.7066,-29.4534],[30.7028,-29.4592],[30.723,-29.4747],[30.7296,-29.4764],[30.7354,-29.4857],[30.7334,-29.4953],[30.7263,-29.4983]]]},"properties":{"tmax":38.48750019,"brucode":"Xb7","tmin":-1.1375,"bru_clean":"Xb7","tmean":18.08749986,"map":907.75}},
{"type":"Feature","geometry":{"type":"Polygon","coordinates":[[[29.7415,-29.434],[29.7364,-29.4375],[29.7204,-29.4393],[29.7146,-29.4478],[29.7221,-29.4508],[29.7159,-29.4626],[29.6989,-29.4566],[29.6741,-29.4444],[29.6553,-29.4422],[29.6774,-29.4633],[29.6817,-29.4754],[29.6718,-29.4823],[29.6823,-29.4975],[29.6895,-29.5005],[29.6877,-29.511],[29.6805,-29.5164],[29.6612,-29.5169],[29.6483,-29.5144],[29.6187,-29.5242],[29.6105,-29.5364],[29.6159,-29.5443],[29.6282,-29.5477],[29.6449,-29.5479],[29.6495,-29.5545],[29.6694,-29.5548],[29.6788,-29.5651],[29.6837,-29.586],[29.6993,-29.578],[29.7056,-29.5804],[29.7226,-29.5948],[29.7381,-29.5964],[29.7449,-29.5929],[29.7428,-29.5831],[29.7476,-29.5713],[29.7405,-29.5692],[29.7398,-29.5608],[29.7452,-29.5537],[29.7409,-29.546],[29.74,-29.5315],[29.7517,-29.535],[29.7559,-29.5441],[29.7723,-29.5434],[29.7725,-29.5303],[29.7624,-29.5371],[29.7598,-29.5221],[29.7528,-29.5186],[29.7586,-29.5099],[29.7469,-29.5006],[29.7597,-29.4942],[29.7762,-29.4814],[29.8056,-29.4721],[29.8011,-29.4528],[29.7883,-29.4612],[29.788,-29.4679],[29.7746,-29.467],[29.7726,-29.4491],[29.7415,-29.434]]]},"properties":{"tmax":34.45070413,"brucode":"Yd17b","tmin":-8.42887327,"bru_clean":"Yd17","tmean":14.10352111,"map":988.15862069}},
{"type":"Feature","geometry":{"type":"Polygon","coordinates":[[[29.7726,-29.4491],[29.7746,-29.467],[29.788,-29.4679],[29.7883,-29.4612],[29.8011,-29.4528],[29.8056,-29.4721],[29.7762,-29.4814],[29.7597,-29.4942],[29.7469,-29.5006],[29.7586,-29.5099],[29.7528,-29.5186],[29.7598,-29.5221],[29.7624,-29.5371],[29.7725,-29.5303],[29.7723,-29.5434],[29.7835,-29.5484],[29.7913,-29.5326],[29.8083,-29.5339],[29.8157,-29.5275],[29.8241,-29.5309],[29.8374,-29.5258],[29.8425,-29.5285],[29.8605,-29.5026],[29.8713,-29.4991],[29.8782,-29.4813],[29.8704,-29.4816],[29.8759,-29.459],[29.8648,-29.4485],[29.8548,-29.4461],[29.843,-29.4489],[29.8247,-29.4438],[29.8111,-29.4456],[29.8099,-29.4358],[29.7933,-29.4388],[29.7726,-29.4491]]]},"properties":{"tmax":31.90625012,"brucode":"Ye5","tmin":-7.65000007,"bru_clean":"Ye5","tmean":12.88437501,"map":939.1875}},
{"type":"Feature","geometry":{"type":"Polygon","coordinates":[[[31.0243,-29.4451],[31.0179,-29.4423],[31.001,-29.4458],[31.0011,-29.4554],[31.0115,-29.4606],[31.0243,-29.4451]]]},"properties":{"tmax":41.375,"brucode":"Yb16b","tmin":0.32499999,"bru_clean":"Yb16","tmean":19.29999971,"map":982}},
{"type":"Feature","geometry":{"type":"Polygon","coordinates":[[[30.9679,-29.4856],[30.9775,-29.4857],[30.9856,-29.4918],[30.9869,-29.4989],[31.0001,-29.4993],[30.9944,-29.4878],[31.0026,-29.4854],[30.9944,-29.4641],[30.9784,-29.4698],[30.9786,-29.455],[30.9849,-29.4551],[30.9925,-29.4444],[30.9622,-29.4564],[30.9739,-29.4617],[30.9754,-29.477],[30.9679,-29.4856]]]},"properties":{"tmax":41.375,"brucode":"Yb16a","tmin":0.32499999,"bru_clean":"Yb16","tmean":19.29999971,"map":982}},
{"type":"Feature","geometry":{"type":"Polygon","coordinates":[[[30.1541,-29.5037],[30.1612,-29.4994],[30.17,-29.5128],[30.1794,-29.5134],[30.1789,-29.4997],[30.1864,-29.492],[30.1972,-29.4964],[30.204,-29.4942],[30.2104,-29.5018],[30.2189,-29.5138],[30.2279,-29.5149],[30.2373,-29.4999],[30.2399,-29.4833],[30.2523,-29.4918],[30.2604,-29.4868],[30.2621,-29.4751],[30.2524,-29.4704],[30.2469,-29.463],[30.2335,-29.4608],[30.2229,-29.464],[30.2198,-29.4739],[30.2094,-29.4742],[30.1923,-29.4657],[30.1954,-29.4596],[30.1711,-29.4625],[30.1536,-29.4596],[30.1593,-29.4486],[30.1514,-29.4459],[30.1287,-29.459],[30.1065,-29.467],[30.1079,-29.4783],[30.0878,-29.4828],[30.095,-29.4909],[30.0924,-29.5057],[30.097,-29.512],[30.0902,-29.5202],[30.0956,-29.5284],[30.1111,-29.5007],[30.1188,-29.4947],[30.1322,-29.4926],[30.1427,-29.5057],[30.1541,-29.5037]]]},"properties":{"tmax":37.26800003,"brucode":"Wc31","tmin":-4.96400005,"bru_clean":"Wc31","tmean":16.19600021,"map":935.33333333}},
{"type":"Feature","geometry":{"type":"Polygon","coordinates":[[[30.597,-29.5184],[30.6013,-29.5245],[30.6143,-29.5226],[30.6156,-29.5291],[30.6337,-29.5258],[30.6293,-29.5355],[30.5977,-29.537],[30.5846,-29.5423],[30.5789,-29.525],[30.568,-29.5288],[30.5685,-29.5361],[30.5517,-29.5464],[30.5385,-29.5232],[30.5315,-29.5165],[30.538,-29.5119],[30.5374,-29.5038],[30.5256,-29.5001],[30.5161,-29.4786],[30.5114,-29.4907],[30.5147,-29.4953],[30.5113,-29.5068],[30.5208,-29.5088],[30.5174,-29.5258],[30.5247,-29.5286],[30.5415,-29.5474],[30.5483,-29.551],[30.5668,-29.542],[30.576,-29.544],[30.5912,-29.5595],[30.5937,-29.5526],[30.6039,-29.549],[30.6201,-29.5489],[30.6254,-29.5581],[30.6196,-29.5685],[30.6098,-29.5725],[30.6244,-29.5794],[30.6328,-29.5785],[30.6457,-29.5886],[30.6618,-29.5909],[30.6513,-29.602],[30.6545,-29.611],[30.6651,-29.62],[30.6996,-29.6102],[30.6971,-29.6326],[30.6917,-29.6512],[30.6994,-29.662],[30.711,-29.6683],[30.7167,-29.66],[30.7306,-29.6559],[30.7384,-29.6417],[30.7517,-29.6269],[30.7536,-29.6147],[30.7486,-29.609],[30.7381,-29.6073],[30.7316,-29.6007],[30.7364,-29.5926],[30.7473,-29.5883],[30.7416,-29.5777],[30.7307,-29.5767],[30.7374,-29.5658],[30.7444,-29.562],[30.7603,-29.5614],[30.7542,-29.5498],[30.7752,-29.5478],[30.7745,-29.5384],[30.7788,-29.5298],[30.7674,-29.5195],[30.7738,-29.5093],[30.7706,-29.497],[30.7568,-29.4989],[30.7535,-29.4837],[30.7583,-29.4777],[30.7518,-29.4651],[30.7448,-29.4788],[30.7464,-29.5015],[30.7376,-29.5056],[30.7313,-29.5136],[30.7281,-29.5276],[30.7224,-29.533],[30.7118,-29.5332],[30.7086,-29.5525],[30.7051,-29.5564],[30.6966,-29.5435],[30.6985,-29.5346],[30.6842,-29.5373],[30.6821,-29.5234],[30.6696,-29.5306],[30.6655,-29.542],[30.6491,-29.5419],[30.6517,-29.5319],[30.6387,-29.5186],[30.6365,-29.5112],[30.6415,-29.503],[30.639,-29.4958],[30.6298,-29.4969],[30.6283,-29.5046],[30.6147,-29.5084],[30.6051,-29.5209],[30.597,-29.5184]]]},"properties":{"tmax":39.92452852,"brucode":"VWb5","tmin":0.26792452,"bru_clean":"VWb5","tmean":19.00188662,"map":844.43396226}},
{"type":"Feature","geometry":{"type":"Polygon","coordinates":[[[30.4667,-29.4585],[30.457,-29.4644],[30.4499,-29.4833],[30.4607,-29.4896],[30.4672,-29.4861],[30.4806,-29.4927],[30.4904,-29.5035],[30.4988,-29.4949],[30.4894,-29.4864],[30.4844,-29.4745],[30.4747,-29.4686],[30.481,-29.4626],[30.4667,-29.4585]]]},"properties":{"tmax":39.60000038,"brucode":"Tb10","tmin":-1.57499996,"bru_clean":"Tb10","tmean":18.39999962,"map":830.5}},
{"type":"Feature","geometry":{"type":"Polygon","coordinates":[[[29.8759,-29.459],[29.8704,-29.4816],[29.8782,-29.4813],[29.8713,-29.4991],[29.8605,-29.5026],[29.8425,-29.5285],[29.8374,-29.5258],[29.8241,-29.5309],[29.8157,-29.5275],[29.8083,-29.5339],[29.7913,-29.5326],[29.7835,-29.5484],[29.7723,-29.5434],[29.7559,-29.5441],[29.7582,-29.5589],[29.7699,-29.5648],[29.7836,-29.5641],[29.7905,-29.5726],[29.7967,-29.5653],[29.8076,-29.5638],[29.8167,-29.5721],[29.8229,-29.583],[29.8161,-29.5919],[29.8164,-29.5999],[29.8062,-29.6043],[29.807,-29.614],[29.8018,-29.6232],[29.8024,-29.6344],[29.8085,-29.6417],[29.8177,-29.6427],[29.8315,-29.6394],[29.844,-29.6302],[29.8439,-29.6183],[29.8503,-29.6095],[29.8676,-29.6108],[29.8594,-29.6252],[29.8616,-29.6336],[29.8573,-29.6435],[29.863,-29.6657],[29.8594,-29.6725],[29.8494,-29.6749],[29.8346,-29.6733],[29.8247,-29.6879],[29.8467,-29.6846],[29.844,-29.7077],[29.8461,-29.7161],[29.8569,-29.7204],[29.872,-29.7203],[29.8817,-29.7155],[29.8932,-29.7193],[29.8923,-29.7085],[29.8873,-29.7045],[29.8869,-29.6902],[29.8906,-29.6791],[29.8833,-29.6741],[29.8923,-29.6602],[29.9033,-29.6635],[29.8994,-29.6735],[29.9039,-29.6868],[29.913,-29.6828],[29.9242,-29.6945],[29.9421,-29.6929],[29.9444,-29.7007],[29.9361,-29.7195],[29.9447,-29.7208],[29.9616,-29.7007],[29.9625,-29.6925],[29.9508,-29.6854],[29.9611,-29.6758],[29.9672,-29.6616],[29.9625,-29.6491],[29.9674,-29.6389],[29.9803,-29.6455],[29.9786,-29.6202],[30,-29.6027],[30.0119,-29.6023],[30.033,-29.6098],[30.0406,-29.6171],[30.0358,-29.6261],[30.0421,-29.6343],[30.0785,-29.646],[30.0745,-29.6698],[30.0818,-29.677],[30.0817,-29.6899],[30.0768,-29.7005],[30.064,-29.698],[30.0751,-29.7163],[30.0796,-29.7193],[30.0931,-29.7161],[30.0958,-29.7231],[30.0916,-29.732],[30.0943,-29.7391],[30.0878,-29.7473],[30.1002,-29.7527],[30.1176,-29.7564],[30.1211,-29.7664],[30.1318,-29.7805],[30.1536,-29.7811],[30.1685,-29.7759],[30.179,-29.7885],[30.1861,-29.7921],[30.2038,-29.7842],[30.1929,-29.7795],[30.1854,-29.7831],[30.1655,-29.7646],[30.1761,-29.7559],[30.1857,-29.7545],[30.173,-29.7429],[30.1846,-29.7244],[30.2109,-29.7333],[30.2054,-29.7244],[30.1936,-29.7237],[30.1865,-29.7183],[30.1792,-29.7241],[30.1665,-29.7269],[30.1534,-29.7129],[30.1417,-29.7173],[30.1537,-29.7271],[30.1414,-29.741],[30.1536,-29.744],[30.1354,-29.7556],[30.1309,-29.7673],[30.1219,-29.7588],[30.1183,-29.7439],[30.1054,-29.7475],[30.1013,-29.7422],[30.1017,-29.727],[30.1077,-29.7183],[30.0951,-29.7134],[30.0941,-29.7018],[30.0856,-29.6795],[30.0862,-29.6517],[30.0997,-29.6424],[30.1093,-29.6312],[30.1093,-29.618],[30.1127,-29.6094],[30.0924,-29.6106],[30.0968,-29.6007],[30.0928,-29.5941],[30.0715,-29.5895],[30.0659,-29.5688],[30.0704,-29.5591],[30.0556,-29.5606],[30.0446,-29.5715],[30.031,-29.5711],[30.0062,-29.554],[30.0011,-29.5614],[30.0032,-29.5816],[29.9913,-29.5805],[29.9941,-29.5523],[29.9903,-29.541],[29.9926,-29.5326],[29.986,-29.5271],[29.9785,-29.5318],[29.9726,-29.5264],[29.9663,-29.5129],[29.9464,-29.5085],[29.9287,-29.509],[29.9284,-29.4959],[29.9394,-29.4979],[29.9499,-29.4942],[29.9495,-29.4849],[29.9646,-29.4706],[29.9806,-29.4707],[29.9642,-29.4667],[29.9508,-29.4768],[29.9327,-29.4734],[29.9062,-29.4803],[29.895,-29.479],[29.8826,-29.4619],[29.8759,-29.459]]]},"properties":{"tmax":34.12115388,"brucode":"Yd18","tmin":-5.75641024,"bru_clean":"Yd18","tmean":14.31987178,"map":939.49358974}},
{"type":"Feature","geometry":{"type":"Polygon","coordinates":[[[30.3118,-29.4832],[30.3111,-29.4929],[30.2996,-29.4916],[30.2977,-29.4984],[30.305,-29.5153],[30.305,-29.5235],[30.3108,-29.5248],[30.3188,-29.5143],[30.3308,-29.511],[30.3218,-29.5046],[30.3213,-29.4926],[30.3168,-29.4791],[30.3196,-29.4657],[30.308,-29.4706],[30.3118,-29.4832]]]},"properties":{"tmax":37.39702132,"brucode":"Yc14d","tmin":-3.20765956,"bru_clean":"Yc14","tmean":16.23234044,"map":970.84978541}},
{"type":"Feature","geometry":{"type":"Polygon","coordinates":[[[29.5695,-29.5253],[29.5794,-29.5225],[29.5894,-29.5258],[29.5963,-29.5377],[29.6095,-29.5515],[29.6257,-29.5533],[29.6347,-29.5496],[29.6412,-29.56],[29.6501,-29.563],[29.6452,-29.5708],[29.6636,-29.5739],[29.6643,-29.5792],[29.6759,-29.5811],[29.674,-29.5904],[29.6604,-29.604],[29.6503,-29.6088],[29.6417,-29.6036],[29.6189,-29.604],[29.6107,-29.5979],[29.6154,-29.582],[29.5998,-29.5868],[29.5849,-29.5876],[29.5804,-29.582],[29.5663,-29.5905],[29.5592,-29.5773],[29.5495,-29.58],[29.5433,-29.5723],[29.5348,-29.5745],[29.5213,-29.5705],[29.5206,-29.5769],[29.5388,-29.5784],[29.5395,-29.5849],[29.553,-29.5923],[29.543,-29.6004],[29.5428,-29.6056],[29.5611,-29.598],[29.5822,-29.6101],[29.5958,-29.6048],[29.6147,-29.6073],[29.6177,-29.6143],[29.6064,-29.6269],[29.6342,-29.6223],[29.6549,-29.63],[29.6834,-29.6278],[29.6731,-29.6383],[29.6639,-29.634],[29.6479,-29.6382],[29.6406,-29.6444],[29.6659,-29.6591],[29.6654,-29.6694],[29.6554,-29.6679],[29.6253,-29.6717],[29.6091,-29.6686],[29.6082,-29.6837],[29.6282,-29.6738],[29.6415,-29.6735],[29.6646,-29.6853],[29.6728,-29.6794],[29.6831,-29.6783],[29.687,-29.668],[29.7133,-29.6656],[29.7082,-29.6389],[29.7175,-29.6336],[29.7211,-29.6403],[29.7326,-29.643],[29.7355,-29.6511],[29.724,-29.6574],[29.7317,-29.6696],[29.7373,-29.6648],[29.7421,-29.6498],[29.7747,-29.6601],[29.7563,-29.6724],[29.7667,-29.6853],[29.7605,-29.6935],[29.7697,-29.7035],[29.7715,-29.7179],[29.7765,-29.7219],[29.8066,-29.7157],[29.8071,-29.7092],[29.8215,-29.7071],[29.8256,-29.7145],[29.835,-29.7175],[29.8278,-29.7109],[29.829,-29.7023],[29.8209,-29.696],[29.8125,-29.7011],[29.789,-29.7072],[29.7768,-29.6952],[29.7838,-29.6846],[29.7891,-29.6601],[29.7842,-29.6497],[29.7756,-29.6487],[29.7728,-29.6366],[29.7658,-29.6482],[29.7569,-29.6505],[29.7399,-29.638],[29.7278,-29.6389],[29.7147,-29.6261],[29.7263,-29.6178],[29.7429,-29.6189],[29.7369,-29.6039],[29.7381,-29.5964],[29.7226,-29.5948],[29.7056,-29.5804],[29.6993,-29.578],[29.6837,-29.586],[29.6788,-29.5651],[29.6694,-29.5548],[29.6495,-29.5545],[29.6449,-29.5479],[29.6282,-29.5477],[29.6159,-29.5443],[29.6105,-29.5364],[29.6187,-29.5242],[29.6052,-29.5297],[29.5907,-29.5227],[29.607,-29.4962],[29.6153,-29.4908],[29.6006,-29.4846],[29.5939,-29.4928],[29.5568,-29.4806],[29.5614,-29.4901],[29.5811,-29.4961],[29.593,-29.5087],[29.5917,-29.5152],[29.5773,-29.5089],[29.5661,-29.5101],[29.5564,-29.5067],[29.543,-29.5182],[29.5563,-29.5271],[29.5695,-29.5253]]]},"properties":{"tmax":35.87169813,"brucode":"Wc26","tmin":-7.69811318,"bru_clean":"Wc26","tmean":15.03584907,"map":963.88235294}},
{"type":"Feature","geometry":{"type":"Polygon","coordinates":[[[30.639,-29.4958],[30.6415,-29.503],[30.6365,-29.5112],[30.6387,-29.5186],[30.6517,-29.5319],[30.6491,-29.5419],[30.6655,-29.542],[30.6696,-29.5306],[30.6821,-29.5234],[30.6842,-29.5373],[30.6985,-29.5346],[30.6966,-29.5435],[30.7051,-29.5564],[30.7076,-29.5307],[30.7217,-29.5282],[30.7219,-29.5108],[30.7263,-29.4983],[30.7256,-29.4865],[30.7144,-29.4817],[30.7013,-29.4837],[30.7046,-29.4949],[30.6932,-29.4933],[30.6944,-29.48],[30.6791,-29.4798],[30.6883,-29.4709],[30.6809,-29.4669],[30.6681,-29.4659],[30.6738,-29.4754],[30.6632,-29.4809],[30.6719,-29.4892],[30.6622,-29.4937],[30.6517,-29.4783],[30.6421,-29.4712],[30.6386,-29.4805],[30.639,-29.4958]]]},"properties":{"tmax":39.41724133,"brucode":"Yb12b","tmin":-0.96206896,"bru_clean":"Yb12","tmean":18.07931038,"map":850.24137931}},
{"type":"Feature","geometry":{"type":"Polygon","coordinates":[[[30.2887,-29.4785],[30.2871,-29.4907],[30.2821,-29.4987],[30.2888,-29.5031],[30.2675,-29.5222],[30.2569,-29.5235],[30.2498,-29.5288],[30.2462,-29.5558],[30.2422,-29.5576],[30.2594,-29.5588],[30.2629,-29.5469],[30.2747,-29.5618],[30.2872,-29.561],[30.2812,-29.5428],[30.2925,-29.5383],[30.2876,-29.528],[30.2954,-29.5157],[30.305,-29.5235],[30.305,-29.5153],[30.2977,-29.4984],[30.2996,-29.4916],[30.3111,-29.4929],[30.3118,-29.4832],[30.3034,-29.4834],[30.2887,-29.4785]]]},"properties":{"tmax":37.40000044,"brucode":"Xc15","tmin":-4.81428576,"bru_clean":"Xc15","tmean":16.28571429,"map":999}},
{"type":"Feature","geometry":{"type":"Polygon","coordinates":[[[30.9069,-29.6117],[30.922,-29.6128],[30.9327,-29.5991],[30.9627,-29.5917],[30.9672,-29.6073],[30.9966,-29.6081],[30.9944,-29.5865],[30.9753,-29.5791],[30.9627,-29.5792],[30.9528,-29.5838],[30.9269,-29.5836],[30.9083,-29.5954],[30.9102,-29.5851],[30.9055,-29.5747],[30.9124,-29.5603],[30.9084,-29.5478],[30.9027,-29.5334],[30.9099,-29.5224],[30.9215,-29.5179],[30.9198,-29.5119],[30.9058,-29.5043],[30.8885,-29.5112],[30.8811,-29.4968],[30.8736,-29.519],[30.8584,-29.5218],[30.8554,-29.517],[30.8571,-29.5033],[30.8479,-29.5056],[30.8389,-29.5169],[30.8496,-29.5223],[30.8544,-29.5317],[30.8643,-29.5307],[30.8722,-29.5424],[30.8662,-29.548],[30.8484,-29.545],[30.841,-29.5304],[30.8352,-29.5434],[30.8225,-29.5509],[30.8413,-29.5533],[30.8448,-29.5623],[30.8336,-29.5803],[30.8491,-29.5839],[30.8507,-29.5911],[30.8609,-29.591],[30.8684,-29.5954],[30.8643,-29.6074],[30.8541,-29.6186],[30.8612,-29.6157],[30.8838,-29.614],[30.8923,-29.6079],[30.9069,-29.6117]]]},"properties":{"tmax":39.74800034,"brucode":"Wa6","tmin":2.77999998,"bru_clean":"Wa6","tmean":19.39600014,"map":949.45833333}},
{"type":"Feature","geometry":{"type":"Polygon","coordinates":[[[30.1044,-29.546],[30.0846,-29.5638],[30.0876,-29.5727],[30.1002,-29.5667],[30.1117,-29.589],[30.1251,-29.595],[30.1307,-29.5754],[30.1258,-29.5654],[30.1465,-29.5648],[30.158,-29.5759],[30.1713,-29.5722],[30.1765,-29.581],[30.193,-29.5797],[30.1965,-29.5697],[30.1933,-29.5564],[30.208,-29.5568],[30.2227,-29.5477],[30.2289,-29.5329],[30.2498,-29.5288],[30.2569,-29.5235],[30.2675,-29.5222],[30.2888,-29.5031],[30.2821,-29.4987],[30.2871,-29.4907],[30.2743,-29.4857],[30.2682,-29.4946],[30.2751,-29.5076],[30.2665,-29.5088],[30.259,-29.5025],[30.2373,-29.4999],[30.2279,-29.5149],[30.2189,-29.5138],[30.2104,-29.5018],[30.2025,-29.5194],[30.1952,-29.5252],[30.1859,-29.5184],[30.1812,-29.5375],[30.1736,-29.5309],[30.1744,-29.5183],[30.1631,-29.5231],[30.1539,-29.5373],[30.1503,-29.5258],[30.1566,-29.5207],[30.1372,-29.5163],[30.1365,-29.5244],[30.1422,-29.5338],[30.1305,-29.5405],[30.1198,-29.5387],[30.1044,-29.546]]]},"properties":{"tmax":37.04347843,"brucode":"Vc25","tmin":-5.15217393,"bru_clean":"Vc25","tmean":15.97826112,"map":842.17391304}},
{"type":"Feature","geometry":{"type":"Polygon","coordinates":[[[30.538,-29.5119],[30.5315,-29.5165],[30.5385,-29.5232],[30.5517,-29.5464],[30.5685,-29.5361],[30.568,-29.5288],[30.5789,-29.525],[30.5846,-29.5423],[30.5977,-29.537],[30.6293,-29.5355],[30.6337,-29.5258],[30.6156,-29.5291],[30.6143,-29.5226],[30.6013,-29.5245],[30.597,-29.5184],[30.5837,-29.51],[30.5801,-29.5016],[30.5669,-29.4896],[30.5644,-29.4976],[30.5739,-29.5162],[30.5651,-29.5138],[30.5594,-29.4952],[30.5515,-29.4956],[30.5467,-29.5174],[30.538,-29.5119]]]},"properties":{"tmax":39.41724133,"brucode":"Yb12a","tmin":-0.96206896,"bru_clean":"Yb12","tmean":18.07931038,"map":850.24137931}},
{"type":"Feature","geometry":{"type":"Polygon","coordinates":[[[30.3308,-29.511],[30.3188,-29.5143],[30.3108,-29.5248],[30.3114,-29.5343],[30.3333,-29.5319],[30.3431,-29.5273],[30.3587,-29.503],[30.3627,-29.5188],[30.3639,-29.5346],[30.3793,-29.5417],[30.385,-29.5478],[30.3824,-29.5726],[30.3781,-29.5779],[30.3801,-29.5856],[30.3955,-29.5842],[30.3891,-29.5652],[30.4021,-29.5619],[30.4112,-29.5537],[30.4137,-29.5706],[30.4231,-29.5717],[30.4218,-29.5825],[30.4296,-29.5888],[30.4458,-29.5936],[30.4531,-29.6029],[30.4665,-29.6022],[30.4741,-29.5906],[30.4842,-29.596],[30.4986,-29.5776],[30.4836,-29.5755],[30.4752,-29.5654],[30.4654,-29.5607],[30.4624,-29.5742],[30.4523,-29.5767],[30.4371,-29.5722],[30.4366,-29.562],[30.4496,-29.5581],[30.4691,-29.5456],[30.4626,-29.5386],[30.464,-29.5255],[30.4553,-29.5143],[30.4419,-29.5169],[30.4319,-29.5149],[30.4187,-29.5206],[30.4128,-29.5076],[30.4013,-29.5186],[30.3825,-29.519],[30.3658,-29.5087],[30.36,-29.5],[30.3501,-29.504],[30.3449,-29.521],[30.3282,-29.5202],[30.3308,-29.511]]]},"properties":{"tmax":39.52692311,"brucode":"Wb12","tmin":-2.73846154,"bru_clean":"Wb12","tmean":17.79615395,"map":885.2}},
{"type":"Feature","geometry":{"type":"Polygon","coordinates":[[[30.305,-29.5235],[30.2954,-29.5157],[30.2876,-29.528],[30.2925,-29.5383],[30.2812,-29.5428],[30.2872,-29.561],[30.2747,-29.5618],[30.2643,-29.571],[30.2518,-29.5733],[30.2347,-29.5806],[30.2222,-29.5797],[30.2228,-29.5943],[30.1911,-29.5896],[30.1761,-29.5928],[30.1793,-29.6045],[30.1707,-29.6063],[30.1778,-29.6124],[30.1815,-29.6251],[30.1928,-29.6139],[30.2262,-29.6036],[30.2299,-29.5976],[30.2439,-29.5955],[30.2578,-29.6002],[30.2707,-29.5834],[30.2959,-29.6084],[30.3138,-29.6239],[30.3203,-29.6231],[30.3175,-29.6139],[30.3065,-29.5992],[30.3068,-29.5803],[30.3137,-29.5788],[30.3203,-29.593],[30.3257,-29.5896],[30.3407,-29.5918],[30.3327,-29.5776],[30.3211,-29.5732],[30.3204,-29.5576],[30.3489,-29.5542],[30.3543,-29.5482],[30.3749,-29.5449],[30.3793,-29.5417],[30.3639,-29.5346],[30.3627,-29.5188],[30.3587,-29.503],[30.3431,-29.5273],[30.3333,-29.5319],[30.3114,-29.5343],[30.3108,-29.5248],[30.305,-29.5235]]]},"properties":{"tmax":37.86666679,"brucode":"Zc7","tmin":-4.26666666,"bru_clean":"Zc7","tmean":16.64583341,"map":1059.70833333}},
{"type":"Feature","geometry":{"type":"Polygon","coordinates":[[[30.9955,-29.5163],[30.9894,-29.5114],[30.9618,-29.5177],[30.955,-29.5056],[30.9363,-29.5105],[30.9279,-29.5224],[30.9115,-29.5306],[30.9084,-29.5478],[30.9124,-29.5603],[30.9055,-29.5747],[30.9102,-29.5851],[30.9083,-29.5954],[30.9289,-29.58],[30.9344,-29.5664],[30.9462,-29.5539],[30.9346,-29.5499],[30.9335,-29.5388],[30.9245,-29.5336],[30.9348,-29.5196],[30.9524,-29.5262],[30.9553,-29.5339],[30.9776,-29.5275],[30.9832,-29.5209],[30.9955,-29.5163]]]},"properties":{"tmax":41.35555522,"brucode":"Zb3","tmin":2.18888889,"bru_clean":"Zb3","tmean":19.05555577,"map":997.66666667}},
{"type":"Feature","geometry":{"type":"Polygon","coordinates":[[[29.5021,-29.6398],[29.5063,-29.6474],[29.5067,-29.6597],[29.5168,-29.6568],[29.5256,-29.662],[29.5416,-29.6576],[29.5521,-29.6616],[29.543,-29.6801],[29.5531,-29.6926],[29.5462,-29.6992],[29.5444,-29.7065],[29.5689,-29.7149],[29.582,-29.7235],[29.5997,-29.7253],[29.6018,-29.7157],[29.5928,-29.7076],[29.5798,-29.7096],[29.5728,-29.698],[29.5769,-29.6901],[29.5901,-29.6903],[29.5987,-29.6821],[29.6048,-29.6923],[29.6151,-29.6961],[29.6167,-29.7044],[29.6089,-29.7098],[29.6147,-29.7389],[29.6091,-29.7384],[29.5942,-29.7508],[29.6212,-29.7545],[29.6321,-29.7619],[29.6422,-29.7536],[29.6604,-29.7517],[29.6683,-29.7568],[29.659,-29.7667],[29.6736,-29.7758],[29.6697,-29.7866],[29.6821,-29.817],[29.688,-29.8217],[29.6917,-29.8194],[29.691,-29.8151],[29.6786,-29.7911],[29.6755,-29.7779],[29.6845,-29.7621],[29.6746,-29.7551],[29.665,-29.7397],[29.6436,-29.738],[29.6254,-29.7281],[29.6226,-29.7214],[29.6296,-29.7081],[29.6365,-29.7039],[29.6467,-29.7072],[29.6721,-29.693],[29.6659,-29.7142],[29.678,-29.7197],[29.675,-29.7319],[29.6694,-29.7402],[29.6833,-29.7411],[29.6917,-29.735],[29.6975,-29.7239],[29.7075,-29.7262],[29.7055,-29.7442],[29.7201,-29.7485],[29.7258,-29.7377],[29.7302,-29.7266],[29.7435,-29.7239],[29.7447,-29.7239],[29.7439,-29.713],[29.7346,-29.6998],[29.7255,-29.7002],[29.7142,-29.6888],[29.7065,-29.6989],[29.7103,-29.7065],[29.6921,-29.7137],[29.6809,-29.7063],[29.6942,-29.7032],[29.6966,-29.6926],[29.6831,-29.6783],[29.6728,-29.6794],[29.6646,-29.6853],[29.6415,-29.6735],[29.6282,-29.6738],[29.6082,-29.6837],[29.6091,-29.6686],[29.6253,-29.6717],[29.6554,-29.6679],[29.6654,-29.6694],[29.6659,-29.6591],[29.6406,-29.6444],[29.6479,-29.6382],[29.6639,-29.634],[29.6731,-29.6383],[29.6834,-29.6278],[29.6549,-29.63],[29.6342,-29.6223],[29.6064,-29.6269],[29.5822,-29.6375],[29.5494,-29.6323],[29.5463,-29.6278],[29.5281,-29.6303],[29.5313,-29.6214],[29.5167,-29.6168],[29.5153,-29.6121],[29.5428,-29.6056],[29.543,-29.6004],[29.553,-29.5923],[29.5395,-29.5849],[29.5388,-29.5784],[29.5206,-29.5769],[29.5213,-29.5705],[29.5348,-29.5745],[29.5433,-29.5723],[29.5495,-29.58],[29.5592,-29.5773],[29.5663,-29.5905],[29.5804,-29.582],[29.5849,-29.5876],[29.5998,-29.5868],[29.6154,-29.582],[29.6107,-29.5979],[29.6189,-29.604],[29.6417,-29.6036],[29.6503,-29.6088],[29.6604,-29.604],[29.674,-29.5904],[29.6759,-29.5811],[29.6643,-29.5792],[29.6636,-29.5739],[29.6452,-29.5708],[29.6501,-29.563],[29.6412,-29.56],[29.6347,-29.5496],[29.6257,-29.5533],[29.6095,-29.5515],[29.5963,-29.5377],[29.5894,-29.5258],[29.5794,-29.5225],[29.5695,-29.5253],[29.5628,-29.5304],[29.569,-29.5404],[29.5697,-29.5496],[29.5798,-29.5591],[29.5735,-29.5781],[29.5595,-29.5623],[29.5578,-29.554],[29.5368,-29.5508],[29.5314,-29.5478],[29.5168,-29.55],[29.4996,-29.5446],[29.4888,-29.5312],[29.4761,-29.5402],[29.4653,-29.5293],[29.4501,-29.521],[29.4496,-29.5336],[29.4328,-29.5318],[29.4353,-29.5495],[29.4463,-29.5445],[29.4552,-29.5504],[29.4543,-29.558],[29.4693,-29.5572],[29.4749,-29.5625],[29.4905,-29.5621],[29.4982,-29.5845],[29.4788,-29.5863],[29.4703,-29.5904],[29.4601,-29.5781],[29.4486,-29.5798],[29.4286,-29.5774],[29.4244,-29.5818],[29.4444,-29.5999],[29.4384,-29.6102],[29.4596,-29.61],[29.467,-29.6054],[29.4752,-29.6078],[29.4853,-29.6185],[29.5064,-29.6143],[29.5097,-29.6258],[29.5151,-29.6272],[29.5184,-29.64],[29.5115,-29.6457],[29.5021,-29.6398]]]},"properties":{"tmax":34.45070413,"brucode":"Yd17a","tmin":-8.42887327,"bru_clean":"Yd17","tmean":14.10352111,"map":988.15862069}},
{"type":"Feature","geometry":{"type":"Polygon","coordinates":[[[29.7381,-29.5964],[29.7369,-29.6039],[29.7429,-29.6189],[29.752,-29.6165],[29.7728,-29.6366],[29.7756,-29.6487],[29.7842,-29.6497],[29.7891,-29.6601],[29.7838,-29.6846],[29.7768,-29.6952],[29.789,-29.7072],[29.8125,-29.7011],[29.8209,-29.696],[29.829,-29.7023],[29.8278,-29.7109],[29.835,-29.7175],[29.8394,-29.7219],[29.8467,-29.7318],[29.8747,-29.7305],[29.8837,-29.7261],[29.9008,-29.7384],[29.9131,-29.7402],[29.9177,-29.729],[29.937,-29.7473],[29.9508,-29.7564],[29.9574,-29.7698],[29.9803,-29.7846],[29.9814,-29.7977],[29.9997,-29.8106],[30.0116,-29.8093],[30.0191,-29.7874],[30.015,-29.7822],[29.9956,-29.7803],[29.9837,-29.7825],[29.9784,-29.7626],[29.9845,-29.7625],[29.9943,-29.7768],[30.0141,-29.7727],[30.0144,-29.763],[30.0001,-29.76],[29.9896,-29.7348],[29.9696,-29.7345],[29.949,-29.7279],[29.9447,-29.7208],[29.9361,-29.7195],[29.9444,-29.7007],[29.9421,-29.6929],[29.9242,-29.6945],[29.913,-29.6828],[29.9039,-29.6868],[29.8994,-29.6735],[29.9033,-29.6635],[29.8923,-29.6602],[29.8833,-29.6741],[29.8906,-29.6791],[29.8869,-29.6902],[29.8873,-29.7045],[29.8923,-29.7085],[29.8932,-29.7193],[29.8817,-29.7155],[29.872,-29.7203],[29.8569,-29.7204],[29.8461,-29.7161],[29.844,-29.7077],[29.8467,-29.6846],[29.8247,-29.6879],[29.8346,-29.6733],[29.8494,-29.6749],[29.8594,-29.6725],[29.863,-29.6657],[29.8573,-29.6435],[29.8616,-29.6336],[29.8594,-29.6252],[29.8676,-29.6108],[29.8503,-29.6095],[29.8439,-29.6183],[29.844,-29.6302],[29.8315,-29.6394],[29.8177,-29.6427],[29.8085,-29.6417],[29.8024,-29.6344],[29.8018,-29.6232],[29.807,-29.614],[29.8062,-29.6043],[29.8164,-29.5999],[29.8161,-29.5919],[29.8229,-29.583],[29.8167,-29.5721],[29.8076,-29.5638],[29.7967,-29.5653],[29.7905,-29.5726],[29.7836,-29.5641],[29.7699,-29.5648],[29.7582,-29.5589],[29.7559,-29.5441],[29.7517,-29.535],[29.74,-29.5315],[29.7409,-29.546],[29.7452,-29.5537],[29.7398,-29.5608],[29.7405,-29.5692],[29.7476,-29.5713],[29.7428,-29.5831],[29.7449,-29.5929],[29.7381,-29.5964]]]},"properties":{"tmax":36.20357139,"brucode":"Yc13","tmin":-5.92499999,"bru_clean":"Yc13","tmean":15.40357145,"map":944.43859649}},
{"type":"Feature","geometry":{"type":"Polygon","coordinates":[[[30.0704,-29.5591],[30.0659,-29.5688],[30.0715,-29.5895],[30.0928,-29.5941],[30.0968,-29.6007],[30.0924,-29.6106],[30.1127,-29.6094],[30.1337,-29.6015],[30.1395,-29.5929],[30.1361,-29.5878],[30.1562,-29.5835],[30.1602,-29.5975],[30.1707,-29.6063],[30.1793,-29.6045],[30.1761,-29.5928],[30.1911,-29.5896],[30.2228,-29.5943],[30.2222,-29.5797],[30.2347,-29.5806],[30.2299,-29.5739],[30.2361,-29.5607],[30.2422,-29.5576],[30.2462,-29.5558],[30.2498,-29.5288],[30.2289,-29.5329],[30.2227,-29.5477],[30.208,-29.5568],[30.1933,-29.5564],[30.1965,-29.5697],[30.193,-29.5797],[30.1765,-29.581],[30.1713,-29.5722],[30.158,-29.5759],[30.1465,-29.5648],[30.1258,-29.5654],[30.1307,-29.5754],[30.1251,-29.595],[30.1117,-29.589],[30.1002,-29.5667],[30.0876,-29.5727],[30.0846,-29.5638],[30.1044,-29.546],[30.0954,-29.5461],[30.0704,-29.5591]]]},"properties":{"tmax":36.65789474,"brucode":"Wc30","tmin":-5.41578948,"bru_clean":"Wc30","tmean":15.6421054,"map":902.65}},
{"type":"Feature","geometry":{"type":"Polygon","coordinates":[[[30.3793,-29.5417],[30.3749,-29.5449],[30.3543,-29.5482],[30.3489,-29.5542],[30.3204,-29.5576],[30.3211,-29.5732],[30.3327,-29.5776],[30.3407,-29.5918],[30.3257,-29.5896],[30.3203,-29.593],[30.3137,-29.5788],[30.3068,-29.5803],[30.3065,-29.5992],[30.3175,-29.6139],[30.3203,-29.6231],[30.3255,-29.6212],[30.319,-29.5999],[30.3312,-29.5998],[30.3454,-29.5971],[30.3516,-29.5848],[30.3377,-29.567],[30.3428,-29.5601],[30.352,-29.5661],[30.3625,-29.5559],[30.3695,-29.5613],[30.3755,-29.5528],[30.385,-29.5478],[30.3793,-29.5417]]]},"properties":{"tmax":38.59999975,"brucode":"Zb2","tmin":-2.16666663,"bru_clean":"Zb2","tmean":17.56666692,"map":1090.66666667}},
{"type":"Feature","geometry":{"type":"Polygon","coordinates":[[[30.5307,-29.5616],[30.5342,-29.5727],[30.5427,-29.5707],[30.5591,-29.5532],[30.5669,-29.5523],[30.5909,-29.5695],[30.5969,-29.5566],[30.6162,-29.5581],[30.6147,-29.564],[30.6018,-29.5704],[30.5826,-29.5752],[30.5865,-29.5823],[30.5952,-29.5838],[30.6001,-29.5778],[30.6108,-29.578],[30.621,-29.5838],[30.6124,-29.5984],[30.6279,-29.6025],[30.6233,-29.6155],[30.6357,-29.6238],[30.6424,-29.6413],[30.6252,-29.6476],[30.6116,-29.6433],[30.6134,-29.6342],[30.5944,-29.632],[30.5828,-29.6111],[30.5546,-29.6048],[30.5456,-29.6177],[30.5593,-29.6207],[30.5599,-29.6134],[30.575,-29.6142],[30.5811,-29.6247],[30.588,-29.6291],[30.5839,-29.6374],[30.5955,-29.6438],[30.6063,-29.6453],[30.609,-29.6645],[30.6047,-29.6817],[30.6101,-29.6825],[30.6259,-29.6618],[30.6299,-29.6653],[30.6563,-29.6675],[30.6632,-29.6785],[30.6596,-29.6981],[30.6739,-29.6758],[30.6868,-29.6674],[30.6944,-29.6806],[30.6926,-29.6971],[30.6974,-29.7001],[30.7055,-29.7226],[30.7133,-29.7263],[30.7146,-29.7106],[30.7227,-29.693],[30.7454,-29.6803],[30.742,-29.6712],[30.7558,-29.6631],[30.7557,-29.6492],[30.7701,-29.6523],[30.7682,-29.6636],[30.7786,-29.6606],[30.7833,-29.6429],[30.7781,-29.631],[30.7746,-29.6297],[30.7682,-29.6331],[30.7572,-29.626],[30.7564,-29.6098],[30.745,-29.6031],[30.7364,-29.5926],[30.7316,-29.6007],[30.7381,-29.6073],[30.7486,-29.609],[30.7536,-29.6147],[30.7517,-29.6269],[30.7384,-29.6417],[30.7306,-29.6559],[30.7167,-29.66],[30.711,-29.6683],[30.6994,-29.662],[30.6917,-29.6512],[30.6971,-29.6326],[30.6996,-29.6102],[30.6651,-29.62],[30.6545,-29.611],[30.6513,-29.602],[30.6618,-29.5909],[30.6457,-29.5886],[30.6328,-29.5785],[30.6244,-29.5794],[30.6098,-29.5725],[30.6196,-29.5685],[30.6254,-29.5581],[30.6201,-29.5489],[30.6039,-29.549],[30.5937,-29.5526],[30.5912,-29.5595],[30.576,-29.544],[30.5668,-29.542],[30.5483,-29.551],[30.5415,-29.5474],[30.5439,-29.5538],[30.5307,-29.5616]]]},"properties":{"tmax":40.29459453,"brucode":"Ta5","tmin":0.83783784,"bru_clean":"Ta5","tmean":19.33783789,"map":788.97297297}},
{"type":"Feature","geometry":{"type":"Polygon","coordinates":[[[30.2422,-29.5576],[30.2361,-29.5607],[30.2299,-29.5739],[30.2347,-29.5806],[30.2518,-29.5733],[30.2643,-29.571],[30.2747,-29.5618],[30.2629,-29.5469],[30.2594,-29.5588],[30.2422,-29.5576]]]},"properties":{"tmax":37.39702132,"brucode":"Yc14c","tmin":-3.20765956,"bru_clean":"Yc14","tmean":16.23234044,"map":970.84978541}},
{"type":"Feature","geometry":{"type":"Polygon","coordinates":[[[30.4496,-29.5581],[30.4366,-29.562],[30.4371,-29.5722],[30.4523,-29.5767],[30.4624,-29.5742],[30.4654,-29.5607],[30.4752,-29.5654],[30.4836,-29.5755],[30.4986,-29.5776],[30.5066,-29.5747],[30.4899,-29.5735],[30.4819,-29.5626],[30.495,-29.5604],[30.4885,-29.5525],[30.4756,-29.5513],[30.4603,-29.5584],[30.4496,-29.5581]]]},"properties":{"tmax":39.51999969,"brucode":"Yb9b","tmin":-2.57,"bru_clean":"Yb9","tmean":17.97999973,"map":900.5}},
{"type":"Feature","geometry":{"type":"Polygon","coordinates":[[[30.385,-29.5478],[30.3755,-29.5528],[30.3695,-29.5613],[30.3625,-29.5559],[30.352,-29.5661],[30.3428,-29.5601],[30.3377,-29.567],[30.3516,-29.5848],[30.3454,-29.5971],[30.3312,-29.5998],[30.3331,-29.6028],[30.3571,-29.6065],[30.3682,-29.5966],[30.3719,-29.5829],[30.3781,-29.5779],[30.3824,-29.5726],[30.385,-29.5478]]]},"properties":{"tmax":39.51999969,"brucode":"Yb9a","tmin":-2.57,"bru_clean":"Yb9","tmean":17.97999973,"map":900.5}},
{"type":"Feature","geometry":{"type":"Polygon","coordinates":[[[30.5066,-29.5747],[30.4986,-29.5776],[30.4842,-29.596],[30.4857,-29.5981],[30.5082,-29.6007],[30.5137,-29.5956],[30.5256,-29.6108],[30.5401,-29.6129],[30.5456,-29.6177],[30.5546,-29.6048],[30.5828,-29.6111],[30.5944,-29.632],[30.6134,-29.6342],[30.6116,-29.6433],[30.6252,-29.6476],[30.6424,-29.6413],[30.6357,-29.6238],[30.6233,-29.6155],[30.6279,-29.6025],[30.6124,-29.5984],[30.621,-29.5838],[30.6108,-29.578],[30.6001,-29.5778],[30.5952,-29.5838],[30.5865,-29.5823],[30.5826,-29.5752],[30.6018,-29.5704],[30.6147,-29.564],[30.6162,-29.5581],[30.5969,-29.5566],[30.5909,-29.5695],[30.5669,-29.5523],[30.5591,-29.5532],[30.5427,-29.5707],[30.5342,-29.5727],[30.5307,-29.5616],[30.5197,-29.563],[30.5066,-29.5747]],[[30.5682,-29.564],[30.5758,-29.5786],[30.5884,-29.5866],[30.5989,-29.6013],[30.6108,-29.6107],[30.6089,-29.6223],[30.5947,-29.6121],[30.5917,-29.5982],[30.5811,-29.5977],[30.5673,-29.6022],[30.5622,-29.5886],[30.548,-29.5807],[30.5407,-29.5915],[30.5423,-29.5967],[30.52,-29.593],[30.5252,-29.5847],[30.5381,-29.5735],[30.5632,-29.5718],[30.5682,-29.564]]]},"properties":{"tmax":40.45882326,"brucode":"UVb4","tmin":-0.85882353,"bru_clean":"UVb4","tmean":18.93529398,"map":745.47058824}},
{"type":"Feature","geometry":{"type":"Polygon","coordinates":[[[30.3781,-29.5779],[30.3719,-29.5829],[30.3682,-29.5966],[30.3571,-29.6065],[30.3331,-29.6028],[30.3312,-29.5998],[30.319,-29.5999],[30.3358,-29.609],[30.3505,-29.6142],[30.3676,-29.6105],[30.3693,-29.6231],[30.3416,-29.6317],[30.3369,-29.6421],[30.3263,-29.6391],[30.2966,-29.6445],[30.2819,-29.6437],[30.2713,-29.6374],[30.2645,-29.633],[30.2739,-29.6512],[30.2856,-29.6522],[30.2916,-29.6691],[30.2845,-29.6813],[30.2858,-29.6883],[30.2975,-29.6778],[30.3085,-29.6601],[30.3155,-29.673],[30.3117,-29.6836],[30.3253,-29.689],[30.3286,-29.6953],[30.3254,-29.7059],[30.3402,-29.7052],[30.3467,-29.71],[30.3405,-29.6929],[30.3505,-29.6812],[30.3522,-29.6717],[30.3601,-29.6664],[30.3606,-29.6569],[30.3685,-29.6448],[30.3706,-29.6299],[30.3882,-29.6161],[30.3928,-29.6071],[30.4022,-29.6035],[30.4182,-29.6036],[30.4248,-29.6107],[30.4356,-29.602],[30.4531,-29.6029],[30.4458,-29.5936],[30.4296,-29.5888],[30.4218,-29.5825],[30.4231,-29.5717],[30.4137,-29.5706],[30.4112,-29.5537],[30.4021,-29.5619],[30.3891,-29.5652],[30.3955,-29.5842],[30.3801,-29.5856],[30.3781,-29.5779]]]},"properties":{"tmax":40.23181811,"brucode":"Vb14","tmin":-2.10454546,"bru_clean":"Vb14","tmean":18.27272736,"map":830.59090909}},
{"type":"Feature","geometry":{"type":"Polygon","coordinates":[[[30.5682,-29.564],[30.5632,-29.5718],[30.5381,-29.5735],[30.5252,-29.5847],[30.52,-29.593],[30.5423,-29.5967],[30.5407,-29.5915],[30.548,-29.5807],[30.5622,-29.5886],[30.5673,-29.6022],[30.5811,-29.5977],[30.5917,-29.5982],[30.5947,-29.6121],[30.6089,-29.6223],[30.6108,-29.6107],[30.5989,-29.6013],[30.5884,-29.5866],[30.5758,-29.5786],[30.5682,-29.564]]]},"properties":{"tmax":40.22857121,"brucode":"Wb17","tmin":-1.0142857,"bru_clean":"Wb17","tmean":18.87142835,"map":748.57142857}},
{"type":"Feature","geometry":{"type":"Polygon","coordinates":[[[30.8332,-29.6311],[30.8266,-29.627],[30.8304,-29.6138],[30.83,-29.6109],[30.8186,-29.6088],[30.8089,-29.6148],[30.8057,-29.6005],[30.8013,-29.5994],[30.7927,-29.5778],[30.7872,-29.5729],[30.7733,-29.5699],[30.7718,-29.5757],[30.7473,-29.5883],[30.7364,-29.5926],[30.745,-29.6031],[30.7564,-29.6098],[30.7572,-29.626],[30.7682,-29.6331],[30.7746,-29.6297],[30.7815,-29.6306],[30.7882,-29.6399],[30.802,-29.6363],[30.7991,-29.6478],[30.8032,-29.6486],[30.8132,-29.6487],[30.8178,-29.6608],[30.8158,-29.6657],[30.8171,-29.6719],[30.8289,-29.6792],[30.8313,-29.6704],[30.842,-29.6624],[30.873,-29.6687],[30.8759,-29.6752],[30.8689,-29.6807],[30.8704,-29.6927],[30.8867,-29.6947],[30.899,-29.6919],[30.9086,-29.6963],[30.918,-29.6993],[30.9249,-29.683],[30.9362,-29.6745],[30.9315,-29.6699],[30.9165,-29.6706],[30.9165,-29.6576],[30.8965,-29.6362],[30.8808,-29.6492],[30.8697,-29.6478],[30.8631,-29.6523],[30.8518,-29.6494],[30.8427,-29.6523],[30.8212,-29.6495],[30.8332,-29.6311]]]},"properties":{"tmax":39.89199951,"brucode":"VWa4","tmin":3.78400001,"bru_clean":"VWa4","tmean":19.80400002,"map":892.47826087}},
{"type":"Feature","geometry":{"type":"Polygon","coordinates":[[[30.1077,-29.7183],[30.1126,-29.7195],[30.1231,-29.708],[30.1434,-29.7072],[30.1514,-29.6984],[30.1643,-29.6972],[30.1671,-29.6894],[30.1581,-29.6858],[30.1674,-29.6673],[30.1632,-29.6605],[30.1793,-29.6499],[30.2035,-29.6222],[30.2191,-29.6192],[30.2412,-29.6239],[30.2579,-29.6176],[30.2642,-29.6213],[30.2645,-29.633],[30.2713,-29.6374],[30.299,-29.635],[30.2916,-29.6239],[30.2959,-29.6084],[30.2707,-29.5834],[30.2578,-29.6002],[30.2439,-29.5955],[30.2299,-29.5976],[30.2262,-29.6036],[30.1928,-29.6139],[30.1815,-29.6251],[30.1778,-29.6124],[30.1707,-29.6063],[30.1602,-29.5975],[30.1562,-29.5835],[30.1361,-29.5878],[30.1395,-29.5929],[30.1337,-29.6015],[30.1127,-29.6094],[30.1093,-29.618],[30.1093,-29.6312],[30.0997,-29.6424],[30.0862,-29.6517],[30.0856,-29.6795],[30.0941,-29.7018],[30.0951,-29.7134],[30.1077,-29.7183]]]},"properties":{"tmax":37.39702132,"brucode":"Yc14b","tmin":-3.20765956,"bru_clean":"Yc14","tmean":16.23234044,"map":970.84978541}},
{"type":"Feature","geometry":{"type":"Polygon","coordinates":[[[30.4531,-29.6029],[30.4356,-29.602],[30.4248,-29.6107],[30.4182,-29.6036],[30.4022,-29.6035],[30.3928,-29.6071],[30.3882,-29.6161],[30.3706,-29.6299],[30.3685,-29.6448],[30.3606,-29.6569],[30.3601,-29.6664],[30.3522,-29.6717],[30.3505,-29.6812],[30.356,-29.6911],[30.3537,-29.7035],[30.3634,-29.7094],[30.3687,-29.6998],[30.3804,-29.695],[30.3769,-29.6705],[30.388,-29.6733],[30.3813,-29.6813],[30.3913,-29.6935],[30.39,-29.7059],[30.3839,-29.7156],[30.3868,-29.7241],[30.3937,-29.7259],[30.4051,-29.7208],[30.4122,-29.7245],[30.4051,-29.7346],[30.4228,-29.7319],[30.4203,-29.7199],[30.4268,-29.7141],[30.4337,-29.7232],[30.4439,-29.7114],[30.4487,-29.7251],[30.4654,-29.7152],[30.4669,-29.7073],[30.4846,-29.7144],[30.493,-29.7151],[30.4939,-29.7055],[30.5057,-29.7113],[30.5006,-29.6972],[30.5159,-29.6756],[30.5448,-29.6584],[30.5371,-29.6537],[30.5268,-29.6567],[30.5133,-29.6378],[30.5294,-29.6219],[30.5241,-29.6198],[30.5142,-29.6308],[30.5118,-29.644],[30.521,-29.6539],[30.5116,-29.6557],[30.4937,-29.6296],[30.5022,-29.6214],[30.5007,-29.6137],[30.489,-29.6147],[30.4843,-29.6286],[30.4884,-29.6354],[30.4874,-29.6498],[30.4919,-29.6523],[30.4914,-29.6656],[30.478,-29.6622],[30.4652,-29.6958],[30.4611,-29.6896],[30.4477,-29.6925],[30.4458,-29.6976],[30.434,-29.6989],[30.4407,-29.6845],[30.4289,-29.6767],[30.4244,-29.684],[30.4031,-29.6802],[30.4038,-29.6746],[30.4206,-29.6722],[30.4311,-29.6605],[30.4441,-29.6562],[30.4531,-29.6459],[30.4602,-29.6435],[30.4587,-29.6338],[30.466,-29.621],[30.4844,-29.6193],[30.4825,-29.6057],[30.4857,-29.5981],[30.4842,-29.596],[30.4741,-29.5906],[30.4665,-29.6022],[30.4531,-29.6029]]]},"properties":{"tmax":40.15000003,"brucode":"TUb10","tmin":-0.64347826,"bru_clean":"TUb10","tmean":18.38043478,"map":747.64583333}},
{"type":"Feature","geometry":{"type":"Polygon","coordinates":[[[30.5456,-29.6177],[30.5401,-29.6129],[30.5256,-29.6108],[30.5137,-29.5956],[30.5082,-29.6007],[30.4857,-29.5981],[30.4825,-29.6057],[30.4844,-29.6193],[30.466,-29.621],[30.4587,-29.6338],[30.4602,-29.6435],[30.4531,-29.6459],[30.4441,-29.6562],[30.4311,-29.6605],[30.4206,-29.6722],[30.4038,-29.6746],[30.4031,-29.6802],[30.4244,-29.684],[30.4289,-29.6767],[30.4407,-29.6845],[30.434,-29.6989],[30.4458,-29.6976],[30.4477,-29.6925],[30.4611,-29.6896],[30.4652,-29.6958],[30.478,-29.6622],[30.4914,-29.6656],[30.4919,-29.6523],[30.4874,-29.6498],[30.4884,-29.6354],[30.4843,-29.6286],[30.489,-29.6147],[30.5007,-29.6137],[30.5022,-29.6214],[30.4937,-29.6296],[30.5116,-29.6557],[30.521,-29.6539],[30.5118,-29.644],[30.5142,-29.6308],[30.5241,-29.6198],[30.5294,-29.6219],[30.5133,-29.6378],[30.5268,-29.6567],[30.5371,-29.6537],[30.5448,-29.6584],[30.5719,-29.6533],[30.5685,-29.6696],[30.5478,-29.6732],[30.5449,-29.6862],[30.5512,-29.6905],[30.5456,-29.6983],[30.5342,-29.6934],[30.531,-29.6982],[30.5433,-29.7179],[30.5512,-29.7198],[30.5487,-29.7033],[30.5561,-29.7028],[30.5611,-29.7131],[30.5693,-29.7148],[30.5682,-29.6955],[30.5804,-29.7026],[30.5794,-29.7138],[30.5922,-29.7127],[30.5889,-29.7239],[30.6,-29.727],[30.6126,-29.7104],[30.6145,-29.6976],[30.6246,-29.6837],[30.6332,-29.6802],[30.6386,-29.6873],[30.6519,-29.6876],[30.6529,-29.6951],[30.6463,-29.7043],[30.6596,-29.6981],[30.6632,-29.6785],[30.6563,-29.6675],[30.6299,-29.6653],[30.6259,-29.6618],[30.6101,-29.6825],[30.6047,-29.6817],[30.609,-29.6645],[30.6063,-29.6453],[30.5955,-29.6438],[30.5839,-29.6374],[30.588,-29.6291],[30.5811,-29.6247],[30.575,-29.6142],[30.5599,-29.6134],[30.5593,-29.6207],[30.5456,-29.6177]]]},"properties":{"tmax":40.63636381,"brucode":"STb3","tmin":-0.97954545,"bru_clean":"STb3","tmean":18.80227275,"map":726.04444444}},
{"type":"Feature","geometry":{"type":"Polygon","coordinates":[[[30.9327,-29.5991],[30.922,-29.6128],[30.9069,-29.6117],[30.9215,-29.6238],[30.9094,-29.6289],[30.9072,-29.6382],[30.9404,-29.6393],[30.9587,-29.6251],[30.9589,-29.6151],[30.9481,-29.6034],[30.9327,-29.5991]]]},"properties":{"tmax":41.02500057,"brucode":"Yb14","tmin":3,"bru_clean":"Yb14","tmean":19.10000038,"map":999.5}},
{"type":"Feature","geometry":{"type":"Polygon","coordinates":[[[29.5428,-29.6056],[29.5153,-29.6121],[29.5167,-29.6168],[29.5313,-29.6214],[29.5281,-29.6303],[29.5463,-29.6278],[29.5494,-29.6323],[29.5822,-29.6375],[29.6064,-29.6269],[29.6177,-29.6143],[29.6147,-29.6073],[29.5958,-29.6048],[29.5822,-29.6101],[29.5611,-29.598],[29.5428,-29.6056]]]},"properties":{"tmax":35.36000061,"brucode":"Yc12","tmin":-8.55,"bru_clean":"Yc12","tmean":14.75,"map":996.5}},
{"type":"Feature","geometry":{"type":"Polygon","coordinates":[[[30.2959,-29.6084],[30.2916,-29.6239],[30.299,-29.635],[30.2713,-29.6374],[30.2819,-29.6437],[30.2966,-29.6445],[30.3263,-29.6391],[30.3369,-29.6421],[30.3416,-29.6317],[30.3693,-29.6231],[30.3676,-29.6105],[30.3505,-29.6142],[30.3358,-29.609],[30.319,-29.5999],[30.3255,-29.6212],[30.3203,-29.6231],[30.3138,-29.6239],[30.2959,-29.6084]]]},"properties":{"tmax":39.80000067,"brucode":"Xb5","tmin":-2.42500001,"bru_clean":"Xb5","tmean":18.12500024,"map":865.625}},
{"type":"Feature","geometry":{"type":"Polygon","coordinates":[[[29.9447,-29.7208],[29.949,-29.7279],[29.9696,-29.7345],[29.9964,-29.7269],[30.0183,-29.7345],[30.0287,-29.7406],[30.0246,-29.7465],[30.0272,-29.7608],[30.0329,-29.7628],[30.0455,-29.7563],[30.0529,-29.7567],[30.0674,-29.744],[30.0606,-29.7685],[30.051,-29.7614],[30.0343,-29.7648],[30.0321,-29.7777],[30.0531,-29.7817],[30.0709,-29.7817],[30.0691,-29.7931],[30.0604,-29.7952],[30.0476,-29.7912],[30.0324,-29.7908],[30.0297,-29.8008],[30.0414,-29.8096],[30.0377,-29.8286],[30.0424,-29.8362],[30.0541,-29.8361],[30.0575,-29.8144],[30.0626,-29.8087],[30.0728,-29.8082],[30.0729,-29.7964],[30.0806,-29.7868],[30.0901,-29.7808],[30.1027,-29.7784],[30.1119,-29.7831],[30.1063,-29.7899],[30.1096,-29.8059],[30.119,-29.8051],[30.1372,-29.8106],[30.1401,-29.8242],[30.1275,-29.83],[30.124,-29.8381],[30.0959,-29.8252],[30.0844,-29.837],[30.0939,-29.8345],[30.1221,-29.8464],[30.1186,-29.8553],[30.0946,-29.8544],[30.0862,-29.8709],[30.0944,-29.8741],[30.0984,-29.8619],[30.11,-29.8561],[30.1147,-29.8598],[30.1069,-29.8717],[30.1183,-29.8793],[30.1262,-29.8772],[30.1402,-29.8886],[30.1656,-29.9028],[30.1748,-29.9046],[30.1729,-29.9139],[30.1474,-29.9353],[30.1571,-29.9477],[30.156,-29.9566],[30.1597,-29.9383],[30.1786,-29.9283],[30.184,-29.9522],[30.184,-29.9604],[30.1964,-29.9585],[30.2032,-29.9341],[30.2099,-29.9261],[30.1954,-29.9194],[30.1877,-29.9055],[30.1915,-29.901],[30.203,-29.9061],[30.2108,-29.9017],[30.2108,-29.8945],[30.2285,-29.8925],[30.2454,-29.8783],[30.2438,-29.8695],[30.2329,-29.8732],[30.2244,-29.8717],[30.2286,-29.8545],[30.2336,-29.8472],[30.2538,-29.8564],[30.2685,-29.857],[30.2741,-29.8504],[30.2898,-29.849],[30.2797,-29.8622],[30.2972,-29.8714],[30.3061,-29.8638],[30.3248,-29.8648],[30.3307,-29.8733],[30.3461,-29.8699],[30.3526,-29.8645],[30.3491,-29.8536],[30.364,-29.8552],[30.3694,-29.8604],[30.3661,-29.8694],[30.3774,-29.8757],[30.3735,-29.8826],[30.3794,-29.8913],[30.3864,-29.8773],[30.3943,-29.8744],[30.3949,-29.8671],[30.4193,-29.8731],[30.4253,-29.8434],[30.4108,-29.843],[30.4,-29.8566],[30.3953,-29.8491],[30.3859,-29.8491],[30.3815,-29.8609],[30.3709,-29.8539],[30.37,-29.8446],[30.3788,-29.8358],[30.3718,-29.8296],[30.3674,-29.8423],[30.3576,-29.8477],[30.3496,-29.8399],[30.3348,-29.831],[30.3457,-29.8229],[30.3464,-29.817],[30.3598,-29.8195],[30.3607,-29.8098],[30.3476,-29.8133],[30.3399,-29.8101],[30.3393,-29.797],[30.3468,-29.7909],[30.3489,-29.7723],[30.3395,-29.7706],[30.3238,-29.7915],[30.3211,-29.7789],[30.3103,-29.7752],[30.3005,-29.7913],[30.2926,-29.7823],[30.2997,-29.7786],[30.3167,-29.7633],[30.3137,-29.7571],[30.2921,-29.7697],[30.2798,-29.7613],[30.2655,-29.7425],[30.2847,-29.7476],[30.2828,-29.7403],[30.2964,-29.7365],[30.3042,-29.7265],[30.3118,-29.7209],[30.303,-29.7139],[30.2865,-29.7146],[30.2798,-29.706],[30.2681,-29.7011],[30.2749,-29.6927],[30.2695,-29.6904],[30.2519,-29.7005],[30.2158,-29.7024],[30.207,-29.6925],[30.196,-29.7018],[30.1962,-29.7091],[30.1859,-29.7121],[30.173,-29.7],[30.1513,-29.7033],[30.1369,-29.7135],[30.1353,-29.7238],[30.1537,-29.7271],[30.1417,-29.7173],[30.1534,-29.7129],[30.1665,-29.7269],[30.1792,-29.7241],[30.1865,-29.7183],[30.1936,-29.7237],[30.2054,-29.7244],[30.2109,-29.7333],[30.1846,-29.7244],[30.173,-29.7429],[30.1857,-29.7545],[30.1761,-29.7559],[30.1655,-29.7646],[30.1854,-29.7831],[30.1929,-29.7795],[30.2038,-29.7842],[30.1861,-29.7921],[30.179,-29.7885],[30.1685,-29.7759],[30.1536,-29.7811],[30.1318,-29.7805],[30.1211,-29.7664],[30.1176,-29.7564],[30.1002,-29.7527],[30.0878,-29.7473],[30.0943,-29.7391],[30.0916,-29.732],[30.0958,-29.7231],[30.0931,-29.7161],[30.0796,-29.7193],[30.0751,-29.7163],[30.064,-29.698],[30.0768,-29.7005],[30.0817,-29.6899],[30.0818,-29.677],[30.0745,-29.6698],[30.0785,-29.646],[30.0421,-29.6343],[30.0358,-29.6261],[30.0406,-29.6171],[30.033,-29.6098],[30.0119,-29.6023],[30,-29.6027],[29.9786,-29.6202],[29.9803,-29.6455],[29.9674,-29.6389],[29.9625,-29.6491],[29.9672,-29.6616],[29.9611,-29.6758],[29.9508,-29.6854],[29.9625,-29.6925],[29.9616,-29.7007],[29.9447,-29.7208]]]},"properties":{"tmax":37.39702132,"brucode":"Yc14a","tmin":-3.20765956,"bru_clean":"Yc14","tmean":16.23234044,"map":970.84978541}},
{"type":"Feature","geometry":{"type":"Polygon","coordinates":[[[30.1537,-29.7271],[30.1353,-29.7238],[30.1369,-29.7135],[30.1513,-29.7033],[30.173,-29.7],[30.1859,-29.7121],[30.1962,-29.7091],[30.196,-29.7018],[30.207,-29.6925],[30.2158,-29.7024],[30.2519,-29.7005],[30.2695,-29.6904],[30.2749,-29.6927],[30.2858,-29.6883],[30.2845,-29.6813],[30.2916,-29.6691],[30.2856,-29.6522],[30.2739,-29.6512],[30.2645,-29.633],[30.2642,-29.6213],[30.2579,-29.6176],[30.2412,-29.6239],[30.2191,-29.6192],[30.2035,-29.6222],[30.1793,-29.6499],[30.1632,-29.6605],[30.1674,-29.6673],[30.1581,-29.6858],[30.1671,-29.6894],[30.1643,-29.6972],[30.1514,-29.6984],[30.1434,-29.7072],[30.1231,-29.708],[30.1126,-29.7195],[30.1077,-29.7183],[30.1017,-29.727],[30.1013,-29.7422],[30.1054,-29.7475],[30.1183,-29.7439],[30.1219,-29.7588],[30.1309,-29.7673],[30.1354,-29.7556],[30.1536,-29.744],[30.1414,-29.741],[30.1537,-29.7271]]]},"properties":{"tmax":37.40571409,"brucode":"Xc14","tmin":-4.22000001,"bru_clean":"Xc14","tmean":16.16571432,"map":954.14285714}},
{"type":"Feature","geometry":{"type":"Polygon","coordinates":[[[30.8838,-29.614],[30.8612,-29.6157],[30.8541,-29.6186],[30.845,-29.6231],[30.8304,-29.6138],[30.8266,-29.627],[30.8332,-29.6311],[30.8344,-29.6448],[30.8639,-29.6429],[30.8732,-29.6322],[30.8743,-29.6212],[30.8838,-29.614]]]},"properties":{"tmax":38.91599976,"brucode":"Yb13b","tmin":0.348,"bru_clean":"Yb13","tmean":18.73600006,"map":909.3}},
{"type":"Feature","geometry":{"type":"Polygon","coordinates":[[[29.7728,-29.6366],[29.752,-29.6165],[29.7429,-29.6189],[29.7263,-29.6178],[29.7147,-29.6261],[29.7278,-29.6389],[29.7399,-29.638],[29.7569,-29.6505],[29.7658,-29.6482],[29.7728,-29.6366]]]},"properties":{"tmax":37.09999847,"brucode":"Uc15","tmin":-7.35000014,"bru_clean":"Uc15","tmean":15.44999981,"map":874}},
{"type":"Feature","geometry":{"type":"Polygon","coordinates":[[[30.7815,-29.6306],[30.7894,-29.6455],[30.7991,-29.6478],[30.802,-29.6363],[30.7882,-29.6399],[30.7815,-29.6306]]]},"properties":{"tmax":38.87000008,"brucode":"Ua10d","tmin":4.23999999,"bru_clean":"Ua10","tmean":19.43999996,"map":858.66666667}},
{"type":"Feature","geometry":{"type":"Polygon","coordinates":[[[30.7786,-29.6606],[30.7794,-29.6646],[30.7737,-29.671],[30.7638,-29.6737],[30.7609,-29.6904],[30.7668,-29.6915],[30.7605,-29.7059],[30.7574,-29.7337],[30.7673,-29.7281],[30.7799,-29.7363],[30.8047,-29.7242],[30.8289,-29.722],[30.8357,-29.7164],[30.8592,-29.7081],[30.8664,-29.7107],[30.8691,-29.7037],[30.8651,-29.6944],[30.8537,-29.6852],[30.8565,-29.6761],[30.8452,-29.6719],[30.8337,-29.6958],[30.8258,-29.6976],[30.8105,-29.682],[30.8115,-29.6736],[30.8058,-29.6562],[30.7874,-29.6493],[30.7781,-29.631],[30.7833,-29.6429],[30.7786,-29.6606]]]},"properties":{"tmax":38.87000008,"brucode":"Ua10a","tmin":4.23999999,"bru_clean":"Ua10","tmean":19.43999996,"map":858.66666667}},
{"type":"Feature","geometry":{"type":"Polygon","coordinates":[[[29.4039,-29.7152],[29.411,-29.7338],[29.4291,-29.7384],[29.4363,-29.7331],[29.4581,-29.7366],[29.4601,-29.7269],[29.4743,-29.7385],[29.4821,-29.7384],[29.4884,-29.7307],[29.4841,-29.7217],[29.5023,-29.7211],[29.522,-29.7157],[29.5236,-29.7049],[29.5095,-29.7075],[29.521,-29.6862],[29.5359,-29.6863],[29.5462,-29.6992],[29.5531,-29.6926],[29.543,-29.6801],[29.5521,-29.6616],[29.5416,-29.6576],[29.5256,-29.662],[29.5168,-29.6568],[29.5067,-29.6597],[29.5063,-29.6474],[29.5021,-29.6398],[29.4903,-29.6323],[29.4817,-29.6312],[29.4734,-29.6373],[29.4685,-29.6498],[29.4502,-29.6493],[29.4452,-29.6431],[29.4316,-29.6459],[29.4303,-29.6739],[29.4375,-29.6812],[29.4364,-29.6924],[29.4293,-29.6927],[29.4225,-29.7001],[29.4122,-29.6935],[29.3904,-29.6943],[29.4139,-29.7031],[29.412,-29.7132],[29.4039,-29.7152]]]},"properties":{"tmax":34.92432424,"brucode":"Zd7","tmin":-9.78378376,"bru_clean":"Zd7","tmean":13.91891887,"map":1050.05405405}},
{"type":"Feature","geometry":{"type":"Polygon","coordinates":[[[29.6831,-29.6783],[29.6966,-29.6926],[29.6942,-29.7032],[29.6809,-29.7063],[29.6921,-29.7137],[29.7103,-29.7065],[29.7065,-29.6989],[29.7142,-29.6888],[29.7255,-29.7002],[29.7346,-29.6998],[29.7439,-29.713],[29.7447,-29.7239],[29.7648,-29.7216],[29.7901,-29.7262],[29.7954,-29.7341],[29.7985,-29.7491],[29.8032,-29.7384],[29.8118,-29.7379],[29.8394,-29.7219],[29.835,-29.7175],[29.8256,-29.7145],[29.8215,-29.7071],[29.8071,-29.7092],[29.8066,-29.7157],[29.7765,-29.7219],[29.7715,-29.7179],[29.7697,-29.7035],[29.7605,-29.6935],[29.7667,-29.6853],[29.7563,-29.6724],[29.7747,-29.6601],[29.7421,-29.6498],[29.7373,-29.6648],[29.7317,-29.6696],[29.724,-29.6574],[29.7355,-29.6511],[29.7326,-29.643],[29.7211,-29.6403],[29.7175,-29.6336],[29.7082,-29.6389],[29.7133,-29.6656],[29.687,-29.668],[29.6831,-29.6783]]]},"properties":{"tmax":36.51578943,"brucode":"Xc11","tmin":-7.49473687,"bru_clean":"Xc11","tmean":15.15789484,"map":926.78947368}},
{"type":"Feature","geometry":{"type":"Polygon","coordinates":[[[30.5057,-29.7113],[30.526,-29.7164],[30.5424,-29.7249],[30.5514,-29.7237],[30.5647,-29.7273],[30.5822,-29.7212],[30.5889,-29.7239],[30.5922,-29.7127],[30.5794,-29.7138],[30.5804,-29.7026],[30.5682,-29.6955],[30.5693,-29.7148],[30.5611,-29.7131],[30.5561,-29.7028],[30.5487,-29.7033],[30.5512,-29.7198],[30.5433,-29.7179],[30.531,-29.6982],[30.5342,-29.6934],[30.5456,-29.6983],[30.5512,-29.6905],[30.5449,-29.6862],[30.5478,-29.6732],[30.5685,-29.6696],[30.5719,-29.6533],[30.5448,-29.6584],[30.5159,-29.6756],[30.5006,-29.6972],[30.5057,-29.7113]]]},"properties":{"tmax":40.65454552,"brucode":"Tb11","tmin":-1.20000001,"bru_clean":"Tb11","tmean":18.64545441,"map":725.45454546}},
{"type":"Feature","geometry":{"type":"Polygon","coordinates":[[[30.6596,-29.6981],[30.6463,-29.7043],[30.6301,-29.7092],[30.6255,-29.7189],[30.649,-29.7158],[30.6604,-29.7063],[30.671,-29.6884],[30.6861,-29.6922],[30.6775,-29.7051],[30.6629,-29.7172],[30.6623,-29.7303],[30.6787,-29.7348],[30.6897,-29.7447],[30.7083,-29.7449],[30.7178,-29.7373],[30.7369,-29.7305],[30.7366,-29.7236],[30.7436,-29.718],[30.7538,-29.6972],[30.7544,-29.6821],[30.7622,-29.6668],[30.7794,-29.6646],[30.7786,-29.6606],[30.7682,-29.6636],[30.7701,-29.6523],[30.7557,-29.6492],[30.7558,-29.6631],[30.742,-29.6712],[30.7454,-29.6803],[30.7227,-29.693],[30.7146,-29.7106],[30.7133,-29.7263],[30.7055,-29.7226],[30.6974,-29.7001],[30.6926,-29.6971],[30.6944,-29.6806],[30.6868,-29.6674],[30.6739,-29.6758],[30.6596,-29.6981]]]},"properties":{"tmax":39.64999962,"brucode":"Ub17","tmin":1.78571426,"bru_clean":"Ub17","tmean":18.87142863,"map":794.0625}},
{"type":"Feature","geometry":{"type":"Polygon","coordinates":[[[30.8032,-29.6486],[30.8117,-29.6525],[30.8158,-29.6657],[30.8178,-29.6608],[30.8132,-29.6487],[30.8032,-29.6486]]]},"properties":{"tmax":38.87000008,"brucode":"Ua10c","tmin":4.23999999,"bru_clean":"Ua10","tmean":19.43999996,"map":858.66666667}},
{"type":"Feature","geometry":{"type":"Polygon","coordinates":[[[30.2858,-29.6883],[30.2749,-29.6927],[30.2681,-29.7011],[30.2798,-29.706],[30.2865,-29.7146],[30.303,-29.7139],[30.3118,-29.7209],[30.3042,-29.7265],[30.3119,-29.7284],[30.3167,-29.7388],[30.337,-29.7267],[30.3475,-29.73],[30.3541,-29.7265],[30.3736,-29.7269],[30.3467,-29.71],[30.3402,-29.7052],[30.3254,-29.7059],[30.3286,-29.6953],[30.3253,-29.689],[30.3117,-29.6836],[30.3155,-29.673],[30.3085,-29.6601],[30.2975,-29.6778],[30.2858,-29.6883]]]},"properties":{"tmax":39.31111103,"brucode":"Wc32","tmin":-2.04444443,"bru_clean":"Wc32","tmean":17.09999996,"map":858.33333333}},
{"type":"Feature","geometry":{"type":"Polygon","coordinates":[[[30.7794,-29.6646],[30.7622,-29.6668],[30.7544,-29.6821],[30.7538,-29.6972],[30.7436,-29.718],[30.7366,-29.7236],[30.7369,-29.7305],[30.7178,-29.7373],[30.7083,-29.7449],[30.6897,-29.7447],[30.6787,-29.7348],[30.6623,-29.7303],[30.6662,-29.7552],[30.6779,-29.7642],[30.6808,-29.7709],[30.6918,-29.7741],[30.6906,-29.7826],[30.7036,-29.8189],[30.7019,-29.825],[30.7108,-29.8374],[30.7289,-29.8379],[30.7296,-29.8476],[30.7471,-29.8504],[30.7553,-29.8569],[30.7582,-29.8498],[30.7514,-29.8288],[30.7733,-29.8265],[30.7631,-29.8147],[30.7497,-29.8089],[30.7386,-29.7873],[30.7291,-29.7875],[30.7144,-29.778],[30.7167,-29.7528],[30.7241,-29.7457],[30.7505,-29.745],[30.7635,-29.7523],[30.7882,-29.7442],[30.8096,-29.7312],[30.8047,-29.7242],[30.7799,-29.7363],[30.7673,-29.7281],[30.7574,-29.7337],[30.7605,-29.7059],[30.7668,-29.6915],[30.7609,-29.6904],[30.7638,-29.6737],[30.7737,-29.671],[30.7794,-29.6646]]]},"properties":{"tmax":39.80740738,"brucode":"Wb16","tmin":1.90000001,"bru_clean":"Wb16","tmean":18.68888869,"map":844.44}},
{"type":"Feature","geometry":{"type":"Polygon","coordinates":[[[30.3467,-29.71],[30.3736,-29.7269],[30.3807,-29.741],[30.3711,-29.7505],[30.379,-29.7587],[30.3952,-29.7447],[30.4002,-29.7506],[30.3974,-29.772],[30.3993,-29.7814],[30.3901,-29.7823],[30.3871,-29.7965],[30.3964,-29.8061],[30.3916,-29.8142],[30.3834,-29.8175],[30.3876,-29.8304],[30.3926,-29.8345],[30.4038,-29.8334],[30.4123,-29.8186],[30.4246,-29.8069],[30.4356,-29.8023],[30.4421,-29.7962],[30.4488,-29.8059],[30.4601,-29.7992],[30.4667,-29.8004],[30.4722,-29.7902],[30.481,-29.784],[30.4923,-29.788],[30.4907,-29.7746],[30.4854,-29.7678],[30.4883,-29.7603],[30.502,-29.7701],[30.4984,-29.7891],[30.5066,-29.7891],[30.5409,-29.7771],[30.5603,-29.7782],[30.5706,-29.7727],[30.6073,-29.7877],[30.6035,-29.8078],[30.615,-29.8191],[30.6083,-29.8331],[30.6296,-29.8324],[30.6405,-29.8214],[30.6581,-29.8299],[30.6602,-29.8501],[30.6686,-29.8487],[30.6721,-29.8599],[30.6879,-29.8604],[30.7013,-29.8509],[30.6993,-29.8432],[30.6888,-29.8378],[30.6825,-29.8264],[30.6704,-29.8233],[30.6715,-29.8009],[30.6818,-29.8075],[30.6929,-29.8084],[30.7013,-29.833],[30.7108,-29.8374],[30.7019,-29.825],[30.7036,-29.8189],[30.6906,-29.7826],[30.6918,-29.7741],[30.6808,-29.7709],[30.6779,-29.7642],[30.6662,-29.7552],[30.6623,-29.7303],[30.6629,-29.7172],[30.6775,-29.7051],[30.6861,-29.6922],[30.671,-29.6884],[30.6604,-29.7063],[30.649,-29.7158],[30.6255,-29.7189],[30.6301,-29.7092],[30.6463,-29.7043],[30.6529,-29.6951],[30.6519,-29.6876],[30.6386,-29.6873],[30.6332,-29.6802],[30.6246,-29.6837],[30.6145,-29.6976],[30.6126,-29.7104],[30.6,-29.727],[30.5889,-29.7239],[30.5822,-29.7212],[30.5647,-29.7273],[30.5514,-29.7237],[30.5424,-29.7249],[30.526,-29.7164],[30.5057,-29.7113],[30.4939,-29.7055],[30.493,-29.7151],[30.4846,-29.7144],[30.4669,-29.7073],[30.4654,-29.7152],[30.4487,-29.7251],[30.4439,-29.7114],[30.4337,-29.7232],[30.4268,-29.7141],[30.4203,-29.7199],[30.4228,-29.7319],[30.4051,-29.7346],[30.4122,-29.7245],[30.4051,-29.7208],[30.3937,-29.7259],[30.3868,-29.7241],[30.3839,-29.7156],[30.39,-29.7059],[30.3913,-29.6935],[30.3813,-29.6813],[30.388,-29.6733],[30.3769,-29.6705],[30.3804,-29.695],[30.3687,-29.6998],[30.3634,-29.7094],[30.3537,-29.7035],[30.356,-29.6911],[30.3505,-29.6812],[30.3405,-29.6929],[30.3467,-29.71]]]},"properties":{"tmax":40.29700001,"brucode":"Vb15","tmin":-0.515,"bru_clean":"Vb15","tmean":18.29100016,"map":712.6185567}},
{"type":"Feature","geometry":{"type":"Polygon","coordinates":[[[30.9362,-29.6745],[30.9249,-29.683],[30.918,-29.6993],[30.9086,-29.6963],[30.8966,-29.7076],[30.8949,-29.7153],[30.8772,-29.7143],[30.8759,-29.7086],[30.8837,-29.7004],[30.899,-29.6919],[30.8867,-29.6947],[30.8664,-29.7107],[30.8592,-29.7081],[30.8357,-29.7164],[30.8289,-29.722],[30.8047,-29.7242],[30.8096,-29.7312],[30.8267,-29.7264],[30.8391,-29.7185],[30.8554,-29.7136],[30.8591,-29.7238],[30.8731,-29.7297],[30.894,-29.7235],[30.9019,-29.7528],[30.9101,-29.7461],[30.9341,-29.7454],[30.9573,-29.7325],[30.9659,-29.7322],[30.9718,-29.7237],[30.9603,-29.7072],[30.9729,-29.6869],[30.9813,-29.6768],[30.9656,-29.6735],[30.9558,-29.6788],[30.9471,-29.6714],[30.9362,-29.6745]]]},"properties":{"tmax":41.00000064,"brucode":"Wa7","tmin":4.66666667,"bru_clean":"Wa7","tmean":20,"map":944.3}},
{"type":"Feature","geometry":{"type":"Polygon","coordinates":[[[30.8171,-29.6719],[30.8206,-29.6863],[30.8289,-29.6792],[30.8171,-29.6719]]]},"properties":{"tmax":38.87000008,"brucode":"Ua10b","tmin":4.23999999,"bru_clean":"Ua10","tmean":19.43999996,"map":858.66666667}},
{"type":"Feature","geometry":{"type":"Polygon","coordinates":[[[29.691,-29.8151],[29.7056,-29.7971],[29.7085,-29.7831],[29.7198,-29.7965],[29.7252,-29.8079],[29.7351,-29.8084],[29.7544,-29.8154],[29.7501,-29.7992],[29.7285,-29.7937],[29.7206,-29.7807],[29.7245,-29.773],[29.7241,-29.7586],[29.7296,-29.7552],[29.7258,-29.7377],[29.7201,-29.7485],[29.7055,-29.7442],[29.7075,-29.7262],[29.6975,-29.7239],[29.6917,-29.735],[29.6833,-29.7411],[29.6694,-29.7402],[29.675,-29.7319],[29.678,-29.7197],[29.6659,-29.7142],[29.6721,-29.693],[29.6467,-29.7072],[29.6365,-29.7039],[29.6296,-29.7081],[29.6226,-29.7214],[29.6254,-29.7281],[29.6436,-29.738],[29.665,-29.7397],[29.6746,-29.7551],[29.6845,-29.7621],[29.6755,-29.7779],[29.6786,-29.7911],[29.691,-29.8151]]]},"properties":{"tmax":35.00952421,"brucode":"Ze3","tmin":-9.86190483,"bru_clean":"Ze3","tmean":13.1238095,"map":1006.09090909}},
{"type":"Feature","geometry":{"type":"Polygon","coordinates":[[[30.899,-29.6919],[30.8837,-29.7004],[30.8759,-29.7086],[30.8772,-29.7143],[30.8949,-29.7153],[30.8966,-29.7076],[30.9086,-29.6963],[30.899,-29.6919]]]},"properties":{"tmax":41.20000076,"brucode":"Ya11","tmin":4.80000019,"bru_clean":"Ya11","tmean":20.10000038,"map":902}},
{"type":"Feature","geometry":{"type":"Polygon","coordinates":[[[29.2742,-29.7044],[29.2691,-29.7022],[29.2525,-29.7065],[29.2377,-29.7059],[29.2417,-29.7166],[29.2237,-29.7164],[29.2151,-29.7414],[29.2023,-29.7353],[29.1976,-29.7379],[29.1969,-29.7559],[29.2093,-29.7625],[29.2217,-29.7783],[29.2097,-29.7831],[29.2023,-29.7683],[29.1817,-29.7626],[29.1743,-29.7722],[29.1949,-29.7837],[29.2118,-29.7861],[29.2176,-29.7987],[29.2248,-29.8039],[29.2271,-29.8163],[29.2158,-29.8178],[29.2087,-29.8287],[29.1992,-29.8211],[29.1781,-29.8235],[29.1753,-29.8304],[29.1949,-29.8384],[29.1718,-29.8463],[29.1611,-29.8551],[29.1664,-29.863],[29.177,-29.8632],[29.1909,-29.848],[29.2036,-29.844],[29.212,-29.8374],[29.2372,-29.846],[29.257,-29.8425],[29.2592,-29.8378],[29.2721,-29.8345],[29.2817,-29.8233],[29.2687,-29.8099],[29.2549,-29.8125],[29.2442,-29.8195],[29.2313,-29.8158],[29.2337,-29.8014],[29.2243,-29.7912],[29.2297,-29.7844],[29.2412,-29.7887],[29.249,-29.78],[29.2627,-29.7788],[29.2753,-29.7826],[29.2953,-29.7944],[29.3088,-29.7922],[29.3131,-29.7959],[29.3195,-29.8168],[29.3311,-29.814],[29.3323,-29.7956],[29.3407,-29.7905],[29.3411,-29.7838],[29.3526,-29.7694],[29.3264,-29.7603],[29.3018,-29.7633],[29.2872,-29.7494],[29.2716,-29.7562],[29.2395,-29.7559],[29.2249,-29.7598],[29.2144,-29.7553],[29.2144,-29.7463],[29.2268,-29.745],[29.2439,-29.7493],[29.2477,-29.7365],[29.2655,-29.735],[29.2727,-29.7264],[29.2602,-29.7086],[29.2742,-29.7044]]]},"properties":{"tmax":34.05000003,"brucode":"Ze2b","tmin":-7.86938777,"bru_clean":"Ze2","tmean":13.83520406,"map":1071.01538462}},
{"type":"Feature","geometry":{"type":"Polygon","coordinates":[[[29.8394,-29.7219],[29.8118,-29.7379],[29.8032,-29.7384],[29.7985,-29.7491],[29.8079,-29.7522],[29.8215,-29.7482],[29.8334,-29.7479],[29.8482,-29.7552],[29.848,-29.764],[29.8605,-29.7682],[29.8574,-29.7769],[29.8644,-29.7869],[29.8753,-29.7832],[29.8884,-29.7715],[29.8922,-29.7786],[29.905,-29.7866],[29.9142,-29.7865],[29.92,-29.7757],[29.9325,-29.7734],[29.9289,-29.785],[29.932,-29.793],[29.9484,-29.7933],[29.9448,-29.7888],[29.9498,-29.7798],[29.9681,-29.7791],[29.9746,-29.7842],[29.97,-29.7947],[29.9582,-29.7979],[29.9614,-29.8082],[29.9692,-29.8107],[29.9775,-29.8274],[29.9831,-29.8167],[29.9925,-29.8249],[30.0066,-29.8227],[30.0007,-29.8361],[29.9892,-29.8379],[29.9938,-29.8459],[30.0038,-29.8502],[30.0114,-29.8401],[30.0307,-29.8362],[30.041,-29.8474],[30.0429,-29.8612],[30.0545,-29.8642],[30.0632,-29.8454],[30.0844,-29.837],[30.0959,-29.8252],[30.124,-29.8381],[30.1275,-29.83],[30.1401,-29.8242],[30.1372,-29.8106],[30.119,-29.8051],[30.1096,-29.8059],[30.1063,-29.7899],[30.1119,-29.7831],[30.1027,-29.7784],[30.0901,-29.7808],[30.0806,-29.7868],[30.0729,-29.7964],[30.0728,-29.8082],[30.0626,-29.8087],[30.0575,-29.8144],[30.0541,-29.8361],[30.0424,-29.8362],[30.0377,-29.8286],[30.0414,-29.8096],[30.0297,-29.8008],[30.0324,-29.7908],[30.0476,-29.7912],[30.0604,-29.7952],[30.0691,-29.7931],[30.0709,-29.7817],[30.0531,-29.7817],[30.0321,-29.7777],[30.0343,-29.7648],[30.051,-29.7614],[30.0606,-29.7685],[30.0674,-29.744],[30.0529,-29.7567],[30.0455,-29.7563],[30.0329,-29.7628],[30.0272,-29.7608],[30.0246,-29.7465],[30.0287,-29.7406],[30.0183,-29.7345],[29.9964,-29.7269],[29.9696,-29.7345],[29.9896,-29.7348],[30.0001,-29.76],[30.0144,-29.763],[30.0141,-29.7727],[29.9943,-29.7768],[29.9845,-29.7625],[29.9784,-29.7626],[29.9837,-29.7825],[29.9956,-29.7803],[30.015,-29.7822],[30.0191,-29.7874],[30.0116,-29.8093],[29.9997,-29.8106],[29.9814,-29.7977],[29.9803,-29.7846],[29.9574,-29.7698],[29.9508,-29.7564],[29.937,-29.7473],[29.9177,-29.729],[29.9131,-29.7402],[29.9008,-29.7384],[29.8837,-29.7261],[29.8747,-29.7305],[29.8467,-29.7318],[29.8394,-29.7219]]]},"properties":{"tmax":38.06461551,"brucode":"Wc27a","tmin":-3.21999998,"bru_clean":"Wc27","tmean":16.7323077,"map":946.32307692}},
{"type":"Feature","geometry":{"type":"Polygon","coordinates":[[[30.894,-29.7235],[30.8731,-29.7297],[30.8591,-29.7238],[30.8554,-29.7136],[30.8391,-29.7185],[30.8267,-29.7264],[30.8096,-29.7312],[30.7882,-29.7442],[30.7635,-29.7523],[30.7505,-29.745],[30.7241,-29.7457],[30.7167,-29.7528],[30.7144,-29.778],[30.7291,-29.7875],[30.7386,-29.7873],[30.7497,-29.8089],[30.7631,-29.8147],[30.7673,-29.815],[30.7825,-29.82],[30.7983,-29.8206],[30.7997,-29.8166],[30.7823,-29.812],[30.7866,-29.8022],[30.8003,-29.7967],[30.813,-29.798],[30.8208,-29.8034],[30.8344,-29.7991],[30.8461,-29.8002],[30.8527,-29.7923],[30.8601,-29.7766],[30.8635,-29.7659],[30.8469,-29.7686],[30.8486,-29.7612],[30.886,-29.7375],[30.894,-29.7235]]]},"properties":{"tmax":38.71176495,"brucode":"Yb15","tmin":3.54705882,"bru_clean":"Yb15","tmean":18.77352939,"map":930.61764706}},
{"type":"Feature","geometry":{"type":"Polygon","coordinates":[[[29.7435,-29.7239],[29.7541,-29.7419],[29.7661,-29.7404],[29.7696,-29.7459],[29.7565,-29.7529],[29.7526,-29.7649],[29.7617,-29.7735],[29.7513,-29.7889],[29.7572,-29.7955],[29.7784,-29.775],[29.7861,-29.7792],[29.7817,-29.794],[29.7873,-29.8003],[29.7953,-29.7997],[29.8116,-29.7897],[29.8244,-29.8027],[29.8059,-29.7992],[29.7991,-29.8016],[29.7928,-29.8119],[29.7817,-29.8092],[29.7721,-29.8135],[29.7818,-29.8346],[29.7734,-29.844],[29.7945,-29.8517],[29.8037,-29.851],[29.8122,-29.8566],[29.8253,-29.8548],[29.8458,-29.8567],[29.8557,-29.861],[29.8634,-29.8544],[29.868,-29.8458],[29.8663,-29.8365],[29.8722,-29.8214],[29.8527,-29.8203],[29.8503,-29.8285],[29.8282,-29.8284],[29.8199,-29.8228],[29.8107,-29.8326],[29.8103,-29.8462],[29.8011,-29.8428],[29.8053,-29.8284],[29.8031,-29.8142],[29.81,-29.8065],[29.8193,-29.8127],[29.8362,-29.812],[29.8369,-29.8025],[29.848,-29.7947],[29.8497,-29.7855],[29.8644,-29.7869],[29.8574,-29.7769],[29.8605,-29.7682],[29.848,-29.764],[29.8482,-29.7552],[29.8334,-29.7479],[29.8215,-29.7482],[29.8079,-29.7522],[29.7985,-29.7491],[29.7954,-29.7341],[29.7901,-29.7262],[29.7648,-29.7216],[29.7447,-29.7239],[29.7435,-29.7239]]]},"properties":{"tmax":37.43103435,"brucode":"Yc16","tmin":-6.47586208,"bru_clean":"Yc16","tmean":15.23793099,"map":982.62068966}},
{"type":"Feature","geometry":{"type":"Polygon","coordinates":[[[29.7258,-29.7377],[29.7296,-29.7552],[29.7241,-29.7586],[29.7245,-29.773],[29.7206,-29.7807],[29.7285,-29.7937],[29.7501,-29.7992],[29.7544,-29.8154],[29.7351,-29.8084],[29.7252,-29.8079],[29.7198,-29.7965],[29.7085,-29.7831],[29.7056,-29.7971],[29.691,-29.8151],[29.6917,-29.8194],[29.7099,-29.8221],[29.7165,-29.8124],[29.7235,-29.829],[29.7321,-29.8388],[29.7557,-29.8338],[29.766,-29.8212],[29.7619,-29.7984],[29.7572,-29.7955],[29.7513,-29.7889],[29.7617,-29.7735],[29.7526,-29.7649],[29.7565,-29.7529],[29.7696,-29.7459],[29.7661,-29.7404],[29.7541,-29.7419],[29.7435,-29.7239],[29.7302,-29.7266],[29.7258,-29.7377]]]},"properties":{"tmax":36.51666673,"brucode":"Zd10","tmin":-8.37500004,"bru_clean":"Zd10","tmean":14.29999995,"map":1065.5}},
{"type":"Feature","geometry":{"type":"Polygon","coordinates":[[[30.4108,-29.843],[30.4174,-29.8356],[30.4307,-29.8278],[30.4408,-29.816],[30.4356,-29.8023],[30.4246,-29.8069],[30.4123,-29.8186],[30.4038,-29.8334],[30.3926,-29.8345],[30.3876,-29.8304],[30.3834,-29.8175],[30.3916,-29.8142],[30.3964,-29.8061],[30.3871,-29.7965],[30.3901,-29.7823],[30.3993,-29.7814],[30.3974,-29.772],[30.4002,-29.7506],[30.3952,-29.7447],[30.379,-29.7587],[30.3711,-29.7505],[30.3807,-29.741],[30.3736,-29.7269],[30.3541,-29.7265],[30.3475,-29.73],[30.337,-29.7267],[30.3167,-29.7388],[30.3119,-29.7284],[30.3042,-29.7265],[30.2964,-29.7365],[30.2828,-29.7403],[30.2847,-29.7476],[30.2655,-29.7425],[30.2798,-29.7613],[30.2921,-29.7697],[30.3137,-29.7571],[30.3167,-29.7633],[30.2997,-29.7786],[30.2926,-29.7823],[30.3005,-29.7913],[30.3103,-29.7752],[30.3211,-29.7789],[30.3238,-29.7915],[30.3395,-29.7706],[30.3489,-29.7723],[30.3468,-29.7909],[30.3393,-29.797],[30.3399,-29.8101],[30.3476,-29.8133],[30.3607,-29.8098],[30.3598,-29.8195],[30.3464,-29.817],[30.3457,-29.8229],[30.3348,-29.831],[30.3496,-29.8399],[30.3576,-29.8477],[30.3674,-29.8423],[30.3718,-29.8296],[30.3788,-29.8358],[30.37,-29.8446],[30.3709,-29.8539],[30.3815,-29.8609],[30.3859,-29.8491],[30.3953,-29.8491],[30.4,-29.8566],[30.4108,-29.843]]]},"properties":{"tmax":39.80641032,"brucode":"Wb13a","tmin":-0.81410257,"bru_clean":"Wb13","tmean":17.87435903,"map":800.44736842}},
{"type":"Feature","geometry":{"type":"Polygon","coordinates":[[[30.8601,-29.7766],[30.8527,-29.7923],[30.8461,-29.8002],[30.8344,-29.7991],[30.8208,-29.8034],[30.813,-29.798],[30.8003,-29.7967],[30.7866,-29.8022],[30.7823,-29.812],[30.7997,-29.8166],[30.7983,-29.8206],[30.7825,-29.82],[30.7673,-29.815],[30.7805,-29.8268],[30.8104,-29.8256],[30.8196,-29.8358],[30.8237,-29.8496],[30.8418,-29.8552],[30.8494,-29.8601],[30.8656,-29.8537],[30.8786,-29.8704],[30.8854,-29.8749],[30.8933,-29.8872],[30.9221,-29.8896],[30.9284,-29.8982],[30.9147,-29.9022],[30.9,-29.8991],[30.8809,-29.9046],[30.8862,-29.9162],[30.8799,-29.9288],[30.8668,-29.9248],[30.8563,-29.9168],[30.8505,-29.9331],[30.8405,-29.9338],[30.8376,-29.9489],[30.8389,-29.9588],[30.8555,-29.9711],[30.8547,-29.9809],[30.8685,-29.988],[30.8673,-29.9949],[30.8922,-29.9947],[30.904,-29.9915],[30.9245,-29.9982],[30.9343,-30.012],[30.957,-29.99],[30.9685,-29.9823],[30.9973,-29.9488],[31.0134,-29.9334],[31.0315,-29.9132],[31.0614,-29.876],[31.0461,-29.8831],[31.0297,-29.8843],[31.0149,-29.8801],[31.008,-29.8737],[31.0226,-29.8624],[31.0437,-29.8624],[31.0376,-29.8462],[31.0368,-29.8269],[31.0442,-29.803],[31.0599,-29.771],[31.0671,-29.7601],[31.0425,-29.7509],[31.0337,-29.7503],[31.0308,-29.7671],[31.0172,-29.7752],[31.008,-29.7867],[30.9986,-29.7921],[30.9877,-29.8036],[30.9734,-29.796],[30.949,-29.7934],[30.9422,-29.7982],[30.9258,-29.7975],[30.9083,-29.8078],[30.8975,-29.8081],[30.9157,-29.7931],[30.9067,-29.7816],[30.8895,-29.7663],[30.8823,-29.7639],[30.8601,-29.7766]]]},"properties":{"tmax":40.05703136,"brucode":"Ya13","tmin":4.45859375,"bru_clean":"Ya13","tmean":20.30312507,"map":956.00763359}},
{"type":"Feature","geometry":{"type":"Polygon","coordinates":[[[29.5942,-29.7508],[29.5772,-29.7705],[29.565,-29.7747],[29.5784,-29.7835],[29.6022,-29.7942],[29.6081,-29.8015],[29.612,-29.8144],[29.6186,-29.8232],[29.6198,-29.845],[29.637,-29.8374],[29.6451,-29.8543],[29.6537,-29.8659],[29.6606,-29.8636],[29.678,-29.8581],[29.6881,-29.8503],[29.6908,-29.8391],[29.6847,-29.8313],[29.688,-29.8217],[29.6821,-29.817],[29.6697,-29.7866],[29.6736,-29.7758],[29.659,-29.7667],[29.6683,-29.7568],[29.6604,-29.7517],[29.6422,-29.7536],[29.6321,-29.7619],[29.6212,-29.7545],[29.5942,-29.7508]]]},"properties":{"tmax":36.01538482,"brucode":"Vd5","tmin":-9.01538469,"bru_clean":"Vd5","tmean":14.33076925,"map":916.73076923}},
{"type":"Feature","geometry":{"type":"Polygon","coordinates":[[[30.4923,-29.788],[30.4983,-29.7964],[30.4938,-29.8053],[30.4993,-29.8111],[30.511,-29.7998],[30.5206,-29.7983],[30.5357,-29.7897],[30.5476,-29.7989],[30.5602,-29.7982],[30.5687,-29.7916],[30.5937,-29.7923],[30.601,-29.801],[30.5983,-29.8066],[30.6113,-29.82],[30.5973,-29.8247],[30.6003,-29.833],[30.6083,-29.8331],[30.615,-29.8191],[30.6035,-29.8078],[30.6073,-29.7877],[30.5706,-29.7727],[30.5603,-29.7782],[30.5409,-29.7771],[30.5066,-29.7891],[30.4984,-29.7891],[30.502,-29.7701],[30.4883,-29.7603],[30.4854,-29.7678],[30.4907,-29.7746],[30.4923,-29.788]]]},"properties":{"tmax":40.85714286,"brucode":"TUb11","tmin":-1.70000001,"bru_clean":"TUb11","tmean":18.30000005,"map":665.33333333}},
{"type":"Feature","geometry":{"type":"Polygon","coordinates":[[[29.8644,-29.7869],[29.8497,-29.7855],[29.848,-29.7947],[29.8369,-29.8025],[29.8362,-29.812],[29.8193,-29.8127],[29.81,-29.8065],[29.8031,-29.8142],[29.8053,-29.8284],[29.8011,-29.8428],[29.8103,-29.8462],[29.8107,-29.8326],[29.8199,-29.8228],[29.8282,-29.8284],[29.8503,-29.8285],[29.8527,-29.8203],[29.8722,-29.8214],[29.8663,-29.8365],[29.868,-29.8458],[29.8634,-29.8544],[29.8575,-29.8656],[29.8517,-29.8663],[29.8442,-29.8795],[29.8374,-29.8845],[29.8272,-29.8788],[29.8173,-29.8889],[29.8244,-29.8854],[29.8373,-29.8865],[29.8646,-29.8827],[29.8726,-29.8907],[29.8852,-29.8917],[29.8754,-29.9173],[29.888,-29.922],[29.8915,-29.9173],[29.889,-29.9066],[29.8961,-29.8897],[29.9066,-29.8973],[29.9221,-29.8964],[29.9325,-29.9054],[29.9319,-29.9215],[29.915,-29.908],[29.9014,-29.9159],[29.8943,-29.9284],[29.88,-29.9307],[29.8764,-29.9381],[29.8626,-29.9379],[29.8521,-29.948],[29.8601,-29.9547],[29.8767,-29.9631],[29.8898,-29.9641],[29.9039,-29.9686],[29.9,-29.9788],[29.9072,-29.9817],[29.9107,-29.972],[29.9104,-29.9632],[29.9181,-29.9587],[29.9166,-29.9481],[29.9298,-29.9401],[29.9324,-29.9305],[29.9445,-29.9338],[29.9592,-29.9339],[29.9607,-29.9221],[29.9812,-29.9229],[29.995,-29.9122],[29.998,-29.9001],[30.007,-29.904],[30.0222,-29.9027],[30.0356,-29.8929],[30.0464,-29.8964],[30.0571,-29.8825],[30.0563,-29.8756],[30.033,-29.8725],[30.025,-29.8632],[30.035,-29.8567],[30.0314,-29.8447],[30.0155,-29.8433],[30.0153,-29.852],[30.0036,-29.8543],[29.9963,-29.8573],[29.9879,-29.8513],[29.982,-29.8553],[29.9755,-29.8461],[29.9712,-29.8273],[29.9648,-29.8205],[29.9444,-29.8203],[29.9266,-29.8357],[29.9136,-29.835],[29.9262,-29.8146],[29.9433,-29.8091],[29.945,-29.8026],[29.9484,-29.7933],[29.932,-29.793],[29.9289,-29.785],[29.9325,-29.7734],[29.92,-29.7757],[29.9142,-29.7865],[29.905,-29.7866],[29.8922,-29.7786],[29.8884,-29.7715],[29.8753,-29.7832],[29.8644,-29.7869]],[[29.968,-29.8416],[29.9598,-29.8455],[29.9588,-29.8656],[29.9842,-29.8741],[29.9821,-29.8814],[29.9691,-29.88],[29.962,-29.8981],[29.9392,-29.8894],[29.9466,-29.8757],[29.9362,-29.8682],[29.9258,-29.8678],[29.9228,-29.859],[29.9077,-29.8525],[29.9169,-29.8452],[29.9303,-29.8541],[29.9396,-29.8373],[29.9436,-29.8431],[29.9625,-29.8375],[29.968,-29.8416]]]},"properties":{"tmax":38.09264722,"brucode":"Xc13","tmin":-4.84264706,"bru_clean":"Xc13","tmean":15.97647055,"map":897.3880597}},
{"type":"Feature","geometry":{"type":"Polygon","coordinates":[[[29.688,-29.8217],[29.6847,-29.8313],[29.6908,-29.8391],[29.6881,-29.8503],[29.678,-29.8581],[29.6606,-29.8636],[29.6632,-29.8801],[29.6724,-29.8831],[29.6745,-29.8745],[29.6879,-29.8761],[29.6952,-29.8975],[29.7024,-29.8967],[29.7032,-29.8841],[29.7123,-29.8773],[29.7306,-29.8699],[29.7375,-29.8951],[29.7368,-29.9149],[29.742,-29.9226],[29.7428,-29.9382],[29.7503,-29.9359],[29.7531,-29.9255],[29.7646,-29.9168],[29.7668,-29.9244],[29.7839,-29.9281],[29.7915,-29.9192],[29.7999,-29.9226],[29.8071,-29.921],[29.8214,-29.9308],[29.831,-29.9234],[29.8464,-29.9258],[29.8556,-29.9214],[29.8636,-29.9227],[29.8541,-29.9061],[29.854,-29.8959],[29.8444,-29.8929],[29.8173,-29.8889],[29.8272,-29.8788],[29.8374,-29.8845],[29.8442,-29.8795],[29.8517,-29.8663],[29.8575,-29.8656],[29.8634,-29.8544],[29.8557,-29.861],[29.8458,-29.8567],[29.8253,-29.8548],[29.8122,-29.8566],[29.8037,-29.851],[29.7945,-29.8517],[29.7734,-29.844],[29.7818,-29.8346],[29.7721,-29.8135],[29.7817,-29.8092],[29.7928,-29.8119],[29.7991,-29.8016],[29.8059,-29.7992],[29.8244,-29.8027],[29.8116,-29.7897],[29.7953,-29.7997],[29.7873,-29.8003],[29.7817,-29.794],[29.7861,-29.7792],[29.7784,-29.775],[29.7572,-29.7955],[29.7619,-29.7984],[29.766,-29.8212],[29.7557,-29.8338],[29.7321,-29.8388],[29.7235,-29.829],[29.7165,-29.8124],[29.7099,-29.8221],[29.6917,-29.8194],[29.688,-29.8217]]]},"properties":{"tmax":37.53684208,"brucode":"Yd21b","tmin":-7.13333336,"bru_clean":"Yd21","tmean":14.64035089,"map":946.22413793}},
{"type":"Feature","geometry":{"type":"Polygon","coordinates":[[[29.9484,-29.7933],[29.945,-29.8026],[29.9549,-29.8076],[29.9513,-29.8153],[29.9648,-29.8205],[29.9712,-29.8273],[29.9755,-29.8461],[29.982,-29.8553],[29.9879,-29.8513],[29.9963,-29.8573],[30.0036,-29.8543],[30.0038,-29.8502],[29.9938,-29.8459],[29.9892,-29.8379],[30.0007,-29.8361],[30.0066,-29.8227],[29.9925,-29.8249],[29.9831,-29.8167],[29.9775,-29.8274],[29.9692,-29.8107],[29.9614,-29.8082],[29.9582,-29.7979],[29.97,-29.7947],[29.9746,-29.7842],[29.9681,-29.7791],[29.9498,-29.7798],[29.9448,-29.7888],[29.9484,-29.7933]]]},"properties":{"tmax":38.91250038,"brucode":"VWb1","tmin":-3.64999995,"bru_clean":"VWb1","tmean":17.0625,"map":931.75}},
{"type":"Feature","geometry":{"type":"Polygon","coordinates":[[[30.4356,-29.8023],[30.4408,-29.816],[30.4502,-29.825],[30.4678,-29.8252],[30.4728,-29.8386],[30.4819,-29.8539],[30.4917,-29.8415],[30.5069,-29.8329],[30.513,-29.846],[30.5245,-29.8486],[30.5271,-29.8419],[30.5388,-29.8354],[30.5542,-29.8323],[30.56,-29.8494],[30.5654,-29.83],[30.5745,-29.8331],[30.5683,-29.8543],[30.5703,-29.8622],[30.5776,-29.8674],[30.5744,-29.8744],[30.5821,-29.8795],[30.5979,-29.8749],[30.6033,-29.8824],[30.6116,-29.8753],[30.6195,-29.8804],[30.6343,-29.864],[30.6372,-29.8529],[30.6252,-29.8495],[30.6222,-29.8595],[30.6136,-29.8569],[30.6113,-29.8448],[30.5976,-29.8455],[30.5975,-29.839],[30.581,-29.8349],[30.5973,-29.8247],[30.6113,-29.82],[30.5983,-29.8066],[30.601,-29.801],[30.5937,-29.7923],[30.5687,-29.7916],[30.5602,-29.7982],[30.5476,-29.7989],[30.5357,-29.7897],[30.5206,-29.7983],[30.511,-29.7998],[30.4993,-29.8111],[30.4938,-29.8053],[30.4983,-29.7964],[30.4923,-29.788],[30.481,-29.784],[30.4722,-29.7902],[30.4667,-29.8004],[30.4601,-29.7992],[30.4488,-29.8059],[30.4421,-29.7962],[30.4356,-29.8023]]]},"properties":{"tmax":40.31481467,"brucode":"Sb5","tmin":-0.46666667,"bru_clean":"Sb5","tmean":18.44444437,"map":695.21428571}},
{"type":"Feature","geometry":{"type":"Polygon","coordinates":[[[30.7108,-29.8374],[30.7013,-29.833],[30.6929,-29.8084],[30.6818,-29.8075],[30.6715,-29.8009],[30.6704,-29.8233],[30.6825,-29.8264],[30.6888,-29.8378],[30.6993,-29.8432],[30.7013,-29.8509],[30.6879,-29.8604],[30.6721,-29.8599],[30.6686,-29.8487],[30.6602,-29.8501],[30.6581,-29.8299],[30.6405,-29.8214],[30.6296,-29.8324],[30.6083,-29.8331],[30.6003,-29.833],[30.5973,-29.8247],[30.581,-29.8349],[30.5975,-29.839],[30.5976,-29.8455],[30.6113,-29.8448],[30.6136,-29.8569],[30.6222,-29.8595],[30.6252,-29.8495],[30.6372,-29.8529],[30.6343,-29.864],[30.6412,-29.8611],[30.6584,-29.8708],[30.6621,-29.8861],[30.6805,-29.8894],[30.6922,-29.8876],[30.6907,-29.8771],[30.7061,-29.8666],[30.7189,-29.8651],[30.7349,-29.8742],[30.7425,-29.8641],[30.758,-29.859],[30.7553,-29.8569],[30.7471,-29.8504],[30.7296,-29.8476],[30.7289,-29.8379],[30.7108,-29.8374]]]},"properties":{"tmax":40.57647054,"brucode":"TUa4","tmin":1.87058822,"bru_clean":"TUa4","tmean":19.1705881,"map":786.05555556}},
{"type":"Feature","geometry":{"type":"Polygon","coordinates":[[[29.9648,-29.8205],[29.9513,-29.8153],[29.9549,-29.8076],[29.945,-29.8026],[29.9433,-29.8091],[29.9262,-29.8146],[29.9136,-29.835],[29.9266,-29.8357],[29.9444,-29.8203],[29.9648,-29.8205]]]},"properties":{"tmax":38.06461551,"brucode":"Wc27b","tmin":-3.21999998,"bru_clean":"Wc27","tmean":16.7323077,"map":946.32307692}},
{"type":"Feature","geometry":{"type":"Polygon","coordinates":[[[29.2372,-29.846],[29.2383,-29.8559],[29.2592,-29.8672],[29.2745,-29.868],[29.2832,-29.8802],[29.2977,-29.8837],[29.304,-29.8767],[29.3019,-29.8639],[29.2924,-29.8569],[29.2972,-29.8398],[29.2933,-29.828],[29.2853,-29.816],[29.2687,-29.8099],[29.2817,-29.8233],[29.2721,-29.8345],[29.2592,-29.8378],[29.257,-29.8425],[29.2372,-29.846]]]},"properties":{"tmax":34.22857121,"brucode":"Zd8","tmin":-9.70000022,"bru_clean":"Zd8","tmean":13.54285731,"map":1077.42857143}},
{"type":"Feature","geometry":{"type":"Polygon","coordinates":[[[30.7553,-29.8569],[30.758,-29.859],[30.7605,-29.8626],[30.7459,-29.8792],[30.7184,-29.8842],[30.7197,-29.894],[30.7261,-29.901],[30.7347,-29.9014],[30.7688,-29.8918],[30.7642,-29.9116],[30.7473,-29.9051],[30.7351,-29.9061],[30.7072,-29.9031],[30.6961,-29.9047],[30.678,-29.919],[30.6854,-29.9222],[30.6877,-29.9308],[30.7021,-29.9327],[30.6927,-29.9447],[30.7163,-29.948],[30.7252,-29.9413],[30.7359,-29.9416],[30.7474,-29.9369],[30.758,-29.9461],[30.7445,-29.9493],[30.7409,-29.9688],[30.7566,-29.9727],[30.7653,-29.9634],[30.7885,-29.955],[30.7999,-29.9612],[30.8196,-29.9661],[30.8302,-29.9586],[30.8389,-29.9588],[30.8376,-29.9489],[30.8405,-29.9338],[30.8505,-29.9331],[30.8563,-29.9168],[30.8668,-29.9248],[30.8799,-29.9288],[30.8862,-29.9162],[30.8809,-29.9046],[30.9,-29.8991],[30.9147,-29.9022],[30.9284,-29.8982],[30.9221,-29.8896],[30.8933,-29.8872],[30.8854,-29.8749],[30.8786,-29.8704],[30.8656,-29.8537],[30.8494,-29.8601],[30.8418,-29.8552],[30.8237,-29.8496],[30.8196,-29.8358],[30.8104,-29.8256],[30.7805,-29.8268],[30.7673,-29.815],[30.7631,-29.8147],[30.7733,-29.8265],[30.7514,-29.8288],[30.7582,-29.8498],[30.7553,-29.8569]]]},"properties":{"tmax":39.0014924,"brucode":"Wa8","tmin":4.76417911,"bru_clean":"Wa8","tmean":19.62835827,"map":909.60606061}},
{"type":"Feature","geometry":{"type":"Polygon","coordinates":[[[30.4253,-29.8434],[30.4411,-29.8326],[30.4479,-29.8376],[30.4382,-29.845],[30.4549,-29.8402],[30.4568,-29.8334],[30.4671,-29.8296],[30.474,-29.8523],[30.4867,-29.8678],[30.5053,-29.8692],[30.5163,-29.8672],[30.5296,-29.8709],[30.5401,-29.8686],[30.5567,-29.8602],[30.56,-29.8494],[30.5542,-29.8323],[30.5388,-29.8354],[30.5271,-29.8419],[30.5245,-29.8486],[30.513,-29.846],[30.5069,-29.8329],[30.4917,-29.8415],[30.4819,-29.8539],[30.4728,-29.8386],[30.4678,-29.8252],[30.4502,-29.825],[30.4408,-29.816],[30.4307,-29.8278],[30.4174,-29.8356],[30.4108,-29.843],[30.4253,-29.8434]]]},"properties":{"tmax":39.39000015,"brucode":"Ub16","tmin":0.06999999,"bru_clean":"Ub16","tmean":18.15000019,"map":712.5}},
{"type":"Feature","geometry":{"type":"Polygon","coordinates":[[[30.4382,-29.845],[30.4332,-29.8466],[30.4315,-29.8597],[30.4473,-29.8554],[30.4507,-29.868],[30.4635,-29.8717],[30.4766,-29.8847],[30.4852,-29.8864],[30.4872,-29.8967],[30.4949,-29.9116],[30.5049,-29.9129],[30.5213,-29.9229],[30.5416,-29.9137],[30.5503,-29.9228],[30.5518,-29.9064],[30.5743,-29.9096],[30.5632,-29.8819],[30.5568,-29.8704],[30.5368,-29.8802],[30.5296,-29.8709],[30.5163,-29.8672],[30.5053,-29.8692],[30.4867,-29.8678],[30.474,-29.8523],[30.4671,-29.8296],[30.4568,-29.8334],[30.4549,-29.8402],[30.4382,-29.845]]]},"properties":{"tmax":39.26111094,"brucode":"Vb16","tmin":0.76666666,"bru_clean":"Vb16","tmean":18.23888885,"map":739.5}},
{"type":"Feature","geometry":{"type":"Polygon","coordinates":[[[30.56,-29.8494],[30.5567,-29.8602],[30.5401,-29.8686],[30.5296,-29.8709],[30.5368,-29.8802],[30.5568,-29.8704],[30.5632,-29.8819],[30.5743,-29.9096],[30.5518,-29.9064],[30.5503,-29.9228],[30.5542,-29.9323],[30.5534,-29.9428],[30.5791,-29.9482],[30.5931,-29.9535],[30.6053,-29.952],[30.6403,-29.933],[30.6612,-29.9346],[30.6595,-29.9275],[30.678,-29.919],[30.6961,-29.9047],[30.7072,-29.9031],[30.7351,-29.9061],[30.7473,-29.9051],[30.7642,-29.9116],[30.7688,-29.8918],[30.7347,-29.9014],[30.7261,-29.901],[30.7197,-29.894],[30.7184,-29.8842],[30.7459,-29.8792],[30.7605,-29.8626],[30.758,-29.859],[30.7425,-29.8641],[30.7349,-29.8742],[30.7189,-29.8651],[30.7061,-29.8666],[30.6907,-29.8771],[30.6922,-29.8876],[30.6805,-29.8894],[30.6621,-29.8861],[30.6584,-29.8708],[30.6412,-29.8611],[30.6343,-29.864],[30.6195,-29.8804],[30.6116,-29.8753],[30.6033,-29.8824],[30.5979,-29.8749],[30.5821,-29.8795],[30.5744,-29.8744],[30.5776,-29.8674],[30.5703,-29.8622],[30.5683,-29.8543],[30.5745,-29.8331],[30.5654,-29.83],[30.56,-29.8494]]]},"properties":{"tmax":39.33333343,"brucode":"VWb4","tmin":2.02564102,"bru_clean":"VWb4","tmean":18.65384601,"map":793.65789474}},
{"type":"Feature","geometry":{"type":"Polygon","coordinates":[[[30.3461,-29.8699],[30.3463,-29.8802],[30.351,-29.8898],[30.3348,-29.8869],[30.3252,-29.9012],[30.3414,-29.9123],[30.3498,-29.9126],[30.3542,-29.9229],[30.3659,-29.9263],[30.3489,-29.9358],[30.3378,-29.946],[30.3477,-29.9583],[30.348,-29.9775],[30.3605,-29.9799],[30.37,-29.9669],[30.3854,-29.9582],[30.3933,-29.958],[30.4051,-29.9723],[30.4173,-29.978],[30.4223,-29.99],[30.4335,-29.9816],[30.4439,-29.969],[30.4603,-29.9674],[30.4706,-29.9694],[30.4569,-29.9397],[30.4393,-29.9473],[30.4346,-29.9418],[30.4186,-29.9471],[30.4156,-29.9415],[30.4273,-29.9283],[30.4284,-29.9224],[30.4473,-29.918],[30.4509,-29.9124],[30.4649,-29.9085],[30.4752,-29.912],[30.4782,-29.8985],[30.4719,-29.8927],[30.4766,-29.8847],[30.4635,-29.8717],[30.4507,-29.868],[30.4473,-29.8554],[30.4315,-29.8597],[30.4332,-29.8466],[30.4382,-29.845],[30.4479,-29.8376],[30.4411,-29.8326],[30.4253,-29.8434],[30.4193,-29.8731],[30.3949,-29.8671],[30.3943,-29.8744],[30.3864,-29.8773],[30.3794,-29.8913],[30.3735,-29.8826],[30.3774,-29.8757],[30.3661,-29.8694],[30.3694,-29.8604],[30.364,-29.8552],[30.3491,-29.8536],[30.3526,-29.8645],[30.3461,-29.8699]]]},"properties":{"tmax":39.80641032,"brucode":"Wb13b","tmin":-0.81410257,"bru_clean":"Wb13","tmean":17.87435903,"map":800.44736842}},
{"type":"Feature","geometry":{"type":"Polygon","coordinates":[[[30.156,-29.9566],[30.1453,-29.9632],[30.1304,-29.9546],[30.1377,-29.9419],[30.1337,-29.9331],[30.1235,-29.9275],[30.0985,-29.923],[30.1127,-29.9174],[30.1191,-29.9045],[30.1509,-29.9108],[30.1555,-29.9046],[30.1434,-29.8972],[30.1319,-29.8973],[30.1229,-29.8872],[30.1126,-29.8909],[30.1082,-29.8834],[30.0914,-29.8958],[30.0842,-29.8868],[30.0713,-29.879],[30.0719,-29.8582],[30.0799,-29.8469],[30.094,-29.8492],[30.108,-29.8455],[30.1221,-29.8464],[30.0939,-29.8345],[30.0844,-29.837],[30.0632,-29.8454],[30.0545,-29.8642],[30.0429,-29.8612],[30.041,-29.8474],[30.0307,-29.8362],[30.0114,-29.8401],[30.0038,-29.8502],[30.0036,-29.8543],[30.0153,-29.852],[30.0155,-29.8433],[30.0314,-29.8447],[30.035,-29.8567],[30.025,-29.8632],[30.033,-29.8725],[30.0563,-29.8756],[30.0571,-29.8825],[30.0464,-29.8964],[30.0356,-29.8929],[30.0222,-29.9027],[30.007,-29.904],[29.998,-29.9001],[29.995,-29.9122],[29.9991,-29.9355],[30.0047,-29.9464],[30.0126,-29.9492],[30.0187,-29.9624],[30.0156,-29.9476],[30.0063,-29.9424],[30.007,-29.9273],[30.0175,-29.937],[30.0198,-29.9266],[30.0382,-29.9271],[30.0439,-29.9173],[30.0606,-29.9185],[30.0675,-29.9102],[30.0584,-29.9135],[30.0448,-29.9135],[30.015,-29.9218],[30.0099,-29.9153],[30.0349,-29.9089],[30.0565,-29.9067],[30.0648,-29.9003],[30.0616,-29.893],[30.0773,-29.8877],[30.0873,-29.8949],[30.085,-29.9026],[30.0967,-29.906],[30.1027,-29.9128],[30.0887,-29.9217],[30.0883,-29.9283],[30.0942,-29.9454],[30.1027,-29.9403],[30.121,-29.9465],[30.1148,-29.9545],[30.1154,-29.963],[30.1109,-29.9743],[30.1222,-29.9768],[30.141,-29.9726],[30.163,-29.9831],[30.1625,-29.9747],[30.171,-29.9717],[30.184,-29.9766],[30.1859,-29.99],[30.2232,-29.9973],[30.2185,-29.971],[30.2097,-29.9795],[30.2013,-29.9795],[30.1922,-29.97],[30.1964,-29.9585],[30.184,-29.9604],[30.184,-29.9522],[30.1786,-29.9283],[30.1597,-29.9383],[30.156,-29.9566]]]},"properties":{"tmax":38.35675657,"brucode":"UVb3a","tmin":-0.82702703,"bru_clean":"UVb3","tmean":17.67297296,"map":970.02702703}},
{"type":"Feature","geometry":{"type":"Polygon","coordinates":[[[29.968,-29.8416],[29.9625,-29.8375],[29.9436,-29.8431],[29.9396,-29.8373],[29.9303,-29.8541],[29.9169,-29.8452],[29.9077,-29.8525],[29.9228,-29.859],[29.9258,-29.8678],[29.9362,-29.8682],[29.9466,-29.8757],[29.9392,-29.8894],[29.962,-29.8981],[29.9691,-29.88],[29.9821,-29.8814],[29.9842,-29.8741],[29.9588,-29.8656],[29.9598,-29.8455],[29.968,-29.8416]]]},"properties":{"tmax":37.86666679,"brucode":"Yc19","tmin":-5.44999997,"bru_clean":"Yc19","tmean":15.58333349,"map":996}},
{"type":"Feature","geometry":{"type":"Polygon","coordinates":[[[29.6198,-29.845],[29.6154,-29.8669],[29.6032,-29.8702],[29.5974,-29.8814],[29.5988,-29.8885],[29.614,-29.8962],[29.6209,-29.9034],[29.6379,-29.909],[29.6431,-29.9221],[29.6571,-29.9227],[29.6784,-29.9308],[29.681,-29.9375],[29.6906,-29.9369],[29.6828,-29.9217],[29.6749,-29.9148],[29.6508,-29.9067],[29.6356,-29.8933],[29.6446,-29.8726],[29.6415,-29.8618],[29.6451,-29.8543],[29.637,-29.8374],[29.6198,-29.845]]]},"properties":{"tmax":37.53684208,"brucode":"Yd21a","tmin":-7.13333336,"bru_clean":"Yd21","tmean":14.64035089,"map":946.22413793}},
{"type":"Feature","geometry":{"type":"Polygon","coordinates":[[[30.2099,-29.9261],[30.2157,-29.9273],[30.2198,-29.9427],[30.2287,-29.9366],[30.2307,-29.9209],[30.2231,-29.9123],[30.238,-29.9124],[30.2567,-29.9428],[30.2751,-29.9265],[30.2852,-29.9213],[30.2889,-29.927],[30.2865,-29.9401],[30.2985,-29.9433],[30.3086,-29.9371],[30.3067,-29.9523],[30.3104,-29.9646],[30.3058,-29.9728],[30.3066,-29.9887],[30.2968,-29.9996],[30.3133,-30.0072],[30.3256,-30.0035],[30.3232,-29.9954],[30.3331,-29.9796],[30.3292,-29.9644],[30.3477,-29.9583],[30.3378,-29.946],[30.3489,-29.9358],[30.3659,-29.9263],[30.3542,-29.9229],[30.3498,-29.9126],[30.3414,-29.9123],[30.3252,-29.9012],[30.3348,-29.8869],[30.351,-29.8898],[30.3463,-29.8802],[30.3461,-29.8699],[30.3307,-29.8733],[30.3248,-29.8648],[30.3061,-29.8638],[30.2972,-29.8714],[30.2797,-29.8622],[30.2898,-29.849],[30.2741,-29.8504],[30.2685,-29.857],[30.2538,-29.8564],[30.2336,-29.8472],[30.2286,-29.8545],[30.2244,-29.8717],[30.2329,-29.8732],[30.2438,-29.8695],[30.2454,-29.8783],[30.2285,-29.8925],[30.2108,-29.8945],[30.2108,-29.9017],[30.203,-29.9061],[30.1915,-29.901],[30.1877,-29.9055],[30.1954,-29.9194],[30.2099,-29.9261]]]},"properties":{"tmax":39.44634154,"brucode":"Yb7","tmin":-0.79512195,"bru_clean":"Yb7","tmean":17.80243906,"map":937}},
{"type":"Feature","geometry":{"type":"Polygon","coordinates":[[[29.177,-29.8632],[29.1793,-29.8673],[29.1996,-29.861],[29.2153,-29.8672],[29.227,-29.8766],[29.23,-29.8855],[29.2467,-29.8805],[29.2608,-29.8945],[29.2541,-29.9031],[29.236,-29.8949],[29.1971,-29.8946],[29.1913,-29.9092],[29.2036,-29.9284],[29.2137,-29.9305],[29.2268,-29.9414],[29.2292,-29.9525],[29.222,-29.958],[29.2282,-29.9708],[29.2129,-29.9832],[29.2051,-29.9764],[29.1975,-29.989],[29.2081,-29.9984],[29.2096,-30.0003],[29.206,-29.9921],[29.2287,-29.9858],[29.2342,-30],[29.2458,-29.9873],[29.2456,-29.9797],[29.2642,-29.9847],[29.2624,-29.9754],[29.2537,-29.9637],[29.2514,-29.9506],[29.2436,-29.9393],[29.2264,-29.935],[29.2234,-29.9199],[29.2131,-29.9244],[29.2127,-29.9038],[29.2263,-29.9061],[29.2458,-29.9183],[29.2547,-29.9181],[29.263,-29.9042],[29.2729,-29.8999],[29.2602,-29.89],[29.256,-29.8784],[29.2309,-29.8659],[29.2369,-29.8614],[29.2285,-29.8541],[29.2036,-29.844],[29.1909,-29.848],[29.177,-29.8632]]]},"properties":{"tmax":33.89999989,"brucode":"Ye6b","tmin":-10.047619,"bru_clean":"Ye6","tmean":12.94285706,"map":947.80952381}},
{"type":"Feature","geometry":{"type":"Polygon","coordinates":[[[30.1221,-29.8464],[30.108,-29.8455],[30.094,-29.8492],[30.0799,-29.8469],[30.0719,-29.8582],[30.0713,-29.879],[30.0842,-29.8868],[30.0914,-29.8958],[30.1082,-29.8834],[30.1126,-29.8909],[30.1229,-29.8872],[30.1319,-29.8973],[30.1434,-29.8972],[30.1555,-29.9046],[30.1748,-29.9046],[30.1656,-29.9028],[30.1402,-29.8886],[30.1262,-29.8772],[30.1183,-29.8793],[30.1069,-29.8717],[30.1147,-29.8598],[30.11,-29.8561],[30.0984,-29.8619],[30.0944,-29.8741],[30.0862,-29.8709],[30.0946,-29.8544],[30.1186,-29.8553],[30.1221,-29.8464]]]},"properties":{"tmax":38.06461551,"brucode":"Wc27c","tmin":-3.21999998,"bru_clean":"Wc27","tmean":16.7323077,"map":946.32307692}},
{"type":"Feature","geometry":{"type":"Polygon","coordinates":[[[29.177,-29.8632],[29.1721,-29.8722],[29.1579,-29.8748],[29.1439,-29.8722],[29.1488,-29.8838],[29.1606,-29.8827],[29.164,-29.8927],[29.1585,-29.9056],[29.1694,-29.9163],[29.1548,-29.9259],[29.1253,-29.9303],[29.1091,-29.9377],[29.1026,-29.9573],[29.0904,-29.96],[29.0812,-29.9662],[29.0732,-29.9649],[29.0673,-29.9723],[29.0509,-29.9822],[29.0323,-29.9876],[29.03,-29.9972],[29.0151,-30.0015],[29.0455,-30.0132],[29.0684,-30.0439],[29.0908,-30.0568],[29.1083,-30.0819],[29.1119,-30.0744],[29.0923,-30.0473],[29.0927,-30.0412],[29.1013,-30.0334],[29.1039,-30.0259],[29.1237,-30.0381],[29.1371,-30.0372],[29.1446,-30.0332],[29.1389,-30.0238],[29.1383,-30.0125],[29.1583,-30.0145],[29.1619,-30.0039],[29.152,-29.9918],[29.1435,-29.9867],[29.1424,-29.9773],[29.1673,-29.9878],[29.1768,-29.9869],[29.1754,-29.9691],[29.1705,-29.9658],[29.1652,-29.9522],[29.1708,-29.94],[29.1781,-29.9499],[29.1811,-29.9433],[29.1928,-29.9397],[29.1986,-29.9559],[29.2077,-29.9417],[29.2139,-29.959],[29.2069,-29.9625],[29.2106,-29.9755],[29.2051,-29.9764],[29.2129,-29.9832],[29.2282,-29.9708],[29.222,-29.958],[29.2292,-29.9525],[29.2268,-29.9414],[29.2137,-29.9305],[29.2036,-29.9284],[29.1913,-29.9092],[29.1971,-29.8946],[29.236,-29.8949],[29.2541,-29.9031],[29.2608,-29.8945],[29.2467,-29.8805],[29.23,-29.8855],[29.227,-29.8766],[29.2153,-29.8672],[29.1996,-29.861],[29.1793,-29.8673],[29.177,-29.8632]]]},"properties":{"tmax":33.89491531,"brucode":"Yf1","tmin":-12.03559323,"bru_clean":"Yf1","tmean":12.54915257,"map":879.38983051}},
{"type":"Feature","geometry":{"type":"Polygon","coordinates":[[[29.8173,-29.8889],[29.8444,-29.8929],[29.854,-29.8959],[29.8541,-29.9061],[29.8636,-29.9227],[29.8742,-29.9268],[29.8764,-29.9381],[29.88,-29.9307],[29.8943,-29.9284],[29.9014,-29.9159],[29.915,-29.908],[29.9319,-29.9215],[29.9325,-29.9054],[29.9221,-29.8964],[29.9066,-29.8973],[29.8961,-29.8897],[29.889,-29.9066],[29.8915,-29.9173],[29.888,-29.922],[29.8754,-29.9173],[29.8852,-29.8917],[29.8726,-29.8907],[29.8646,-29.8827],[29.8373,-29.8865],[29.8244,-29.8854],[29.8173,-29.8889]]]},"properties":{"tmax":37.74285725,"brucode":"Yc17","tmin":-5.74285712,"bru_clean":"Yc17","tmean":15.32857146,"map":880.85714286}},
{"type":"Feature","geometry":{"type":"Polygon","coordinates":[[[30.4766,-29.8847],[30.4719,-29.8927],[30.4782,-29.8985],[30.4752,-29.912],[30.4649,-29.9085],[30.4509,-29.9124],[30.4473,-29.918],[30.4284,-29.9224],[30.4273,-29.9283],[30.4156,-29.9415],[30.4186,-29.9471],[30.4346,-29.9418],[30.4393,-29.9473],[30.4569,-29.9397],[30.4706,-29.9694],[30.4603,-29.9674],[30.4439,-29.969],[30.4602,-29.974],[30.4614,-29.9818],[30.4755,-29.9875],[30.4772,-29.9952],[30.4923,-29.9924],[30.4975,-29.9858],[30.5243,-29.9905],[30.5202,-30.0023],[30.5249,-30.007],[30.5222,-30.026],[30.5308,-30.0209],[30.5416,-30.0226],[30.5436,-30.0346],[30.5496,-30.039],[30.559,-30.0313],[30.561,-30.0093],[30.5676,-30.0061],[30.568,-30.0039],[30.5552,-30.0045],[30.5578,-29.996],[30.545,-29.9894],[30.5513,-29.9736],[30.5434,-29.9642],[30.5346,-29.9714],[30.528,-29.9686],[30.5398,-29.957],[30.5414,-29.9412],[30.5329,-29.9399],[30.5213,-29.9229],[30.5049,-29.9129],[30.4949,-29.9116],[30.4872,-29.8967],[30.4852,-29.8864],[30.4766,-29.8847]]]},"properties":{"tmax":39.51025645,"brucode":"Yb10b","tmin":1.1051282,"bru_clean":"Yb10","tmean":18.37179497,"map":838.10526316}},
{"type":"Feature","geometry":{"type":"Polygon","coordinates":[[[30.0675,-29.9102],[30.0763,-29.9132],[30.053,-29.9436],[30.0606,-29.9528],[30.0698,-29.9527],[30.0798,-29.9577],[30.0802,-29.9667],[30.0909,-29.972],[30.0888,-29.9839],[30.112,-29.999],[30.1186,-29.998],[30.1228,-29.9902],[30.1164,-29.9852],[30.1042,-29.9881],[30.1032,-29.9786],[30.1109,-29.9743],[30.1154,-29.963],[30.1148,-29.9545],[30.121,-29.9465],[30.1027,-29.9403],[30.0942,-29.9454],[30.0883,-29.9283],[30.0887,-29.9217],[30.1027,-29.9128],[30.0967,-29.906],[30.085,-29.9026],[30.0873,-29.8949],[30.0773,-29.8877],[30.0616,-29.893],[30.0648,-29.9003],[30.0565,-29.9067],[30.0349,-29.9089],[30.0099,-29.9153],[30.015,-29.9218],[30.0448,-29.9135],[30.0584,-29.9135],[30.0675,-29.9102]]]},"properties":{"tmax":38.09230716,"brucode":"TUb8","tmin":-1.60769229,"bru_clean":"TUb8","tmean":17.43846145,"map":997.41666667}},
{"type":"Feature","geometry":{"type":"Polygon","coordinates":[[[30.1964,-29.9585],[30.1922,-29.97],[30.2013,-29.9795],[30.2097,-29.9795],[30.2185,-29.971],[30.2283,-29.9704],[30.2406,-29.9787],[30.2503,-29.9686],[30.2567,-29.9428],[30.238,-29.9124],[30.2231,-29.9123],[30.2307,-29.9209],[30.2287,-29.9366],[30.2198,-29.9427],[30.2157,-29.9273],[30.2099,-29.9261],[30.2032,-29.9341],[30.1964,-29.9585]]]},"properties":{"tmax":38.90833346,"brucode":"Wb10a","tmin":0.85,"bru_clean":"Wb10","tmean":18.34999975,"map":862.83333333}},
{"type":"Feature","geometry":{"type":"Polygon","coordinates":[[[30.5213,-29.9229],[30.5329,-29.9399],[30.5414,-29.9412],[30.5398,-29.957],[30.528,-29.9686],[30.5346,-29.9714],[30.5434,-29.9642],[30.5513,-29.9736],[30.545,-29.9894],[30.5578,-29.996],[30.5552,-30.0045],[30.568,-30.0039],[30.5782,-29.9906],[30.5928,-29.9892],[30.5869,-29.9798],[30.5862,-29.9674],[30.5767,-29.9626],[30.5791,-29.9482],[30.5534,-29.9428],[30.5542,-29.9323],[30.5503,-29.9228],[30.5416,-29.9137],[30.5213,-29.9229]]]},"properties":{"tmax":39.33999977,"brucode":"Ub15","tmin":1.83999999,"bru_clean":"Ub15","tmean":18.55000019,"map":835.90909091}},
{"type":"Feature","geometry":{"type":"Polygon","coordinates":[[[29.9072,-29.9817],[29.9122,-30.0077],[29.9179,-30.0135],[29.9207,-30.0369],[29.9155,-30.0493],[29.9216,-30.0591],[29.9161,-30.0619],[29.9253,-30.0771],[29.9158,-30.0843],[29.9119,-30.0974],[29.9399,-30.0869],[29.9511,-30.0866],[29.9433,-30.0729],[29.96,-30.0737],[29.9519,-30.0711],[29.9532,-30.0586],[29.9388,-30.0476],[29.9303,-30.0297],[29.956,-30.021],[29.9786,-30.009],[29.9926,-30.0185],[29.998,-30.0129],[30.0097,-30.0284],[30.0146,-30.0207],[30.0327,-30.0209],[30.0403,-30.0316],[30.0476,-30.0306],[30.0537,-30.0373],[30.0882,-30.0346],[30.1003,-30.029],[30.0913,-30.0243],[30.0978,-30.0123],[30.0946,-30.009],[30.112,-29.999],[30.0888,-29.9839],[30.0909,-29.972],[30.0802,-29.9667],[30.0798,-29.9577],[30.0698,-29.9527],[30.0606,-29.9528],[30.053,-29.9436],[30.0763,-29.9132],[30.0675,-29.9102],[30.0606,-29.9185],[30.0439,-29.9173],[30.0382,-29.9271],[30.0198,-29.9266],[30.0175,-29.937],[30.007,-29.9273],[30.0063,-29.9424],[30.0156,-29.9476],[30.0187,-29.9624],[30.0195,-29.9762],[30.0084,-29.9809],[30.0022,-29.9935],[30.0009,-30.0036],[29.9856,-30.0061],[29.9748,-30.0046],[29.9517,-30.019],[29.9424,-30.0211],[29.9329,-30.0173],[29.9248,-30.0205],[29.9232,-29.9986],[29.9127,-29.9854],[29.9107,-29.972],[29.9072,-29.9817]]]},"properties":{"tmax":37.52777778,"brucode":"Yc18","tmin":-3.71388888,"bru_clean":"Yc18","tmean":16.15277778,"map":998.75}},
{"type":"Feature","geometry":{"type":"Polygon","coordinates":[[[30.1748,-29.9046],[30.1555,-29.9046],[30.1509,-29.9108],[30.1191,-29.9045],[30.1127,-29.9174],[30.0985,-29.923],[30.1235,-29.9275],[30.1337,-29.9331],[30.1377,-29.9419],[30.1304,-29.9546],[30.1453,-29.9632],[30.156,-29.9566],[30.1571,-29.9477],[30.1474,-29.9353],[30.1729,-29.9139],[30.1748,-29.9046]]]},"properties":{"tmax":37.15999985,"brucode":"Zc5","tmin":-1.19999999,"bru_clean":"Zc5","tmean":16.9,"map":1147.4}},
{"type":"Feature","geometry":{"type":"Polygon","coordinates":[[[29.9107,-29.972],[29.9127,-29.9854],[29.9232,-29.9986],[29.9248,-30.0205],[29.9329,-30.0173],[29.9424,-30.0211],[29.9517,-30.019],[29.9748,-30.0046],[29.9856,-30.0061],[30.0009,-30.0036],[30.0022,-29.9935],[30.0084,-29.9809],[30.0195,-29.9762],[30.0187,-29.9624],[30.0126,-29.9492],[30.0047,-29.9464],[29.9991,-29.9355],[29.995,-29.9122],[29.9812,-29.9229],[29.9607,-29.9221],[29.9592,-29.9339],[29.9445,-29.9338],[29.9324,-29.9305],[29.9298,-29.9401],[29.9166,-29.9481],[29.9181,-29.9587],[29.9104,-29.9632],[29.9107,-29.972]]]},"properties":{"tmax":37.61428561,"brucode":"Wc29","tmin":-4.88214288,"bru_clean":"Wc29","tmean":15.68571421,"map":781.46428571}},
{"type":"Feature","geometry":{"type":"Polygon","coordinates":[[[29.8764,-29.9381],[29.8742,-29.9268],[29.8636,-29.9227],[29.8556,-29.9214],[29.8464,-29.9258],[29.831,-29.9234],[29.8214,-29.9308],[29.8071,-29.921],[29.7999,-29.9226],[29.8134,-29.9388],[29.8147,-29.9478],[29.8255,-29.9633],[29.8479,-29.965],[29.833,-29.9501],[29.8212,-29.9422],[29.8204,-29.9355],[29.8435,-29.939],[29.8454,-29.9432],[29.8626,-29.9379],[29.8764,-29.9381]]]},"properties":{"tmax":37.89999962,"brucode":"Zc4","tmin":-5.47500014,"bru_clean":"Zc4","tmean":15.5999999,"map":1056.75}},
{"type":"Feature","geometry":{"type":"Polygon","coordinates":[[[30.678,-29.919],[30.6595,-29.9275],[30.6612,-29.9346],[30.6403,-29.933],[30.6053,-29.952],[30.5931,-29.9535],[30.5791,-29.9482],[30.5767,-29.9626],[30.5862,-29.9674],[30.5869,-29.9798],[30.5928,-29.9892],[30.5856,-29.993],[30.5839,-30.003],[30.5889,-30.0114],[30.6037,-30.0007],[30.6179,-30.0194],[30.616,-30.0421],[30.626,-30.0478],[30.6459,-30.0417],[30.654,-30.052],[30.6493,-30.0586],[30.6636,-30.0612],[30.6725,-30.0672],[30.6918,-30.0563],[30.7174,-30.0568],[30.7251,-30.048],[30.7154,-30.0451],[30.7095,-30.0379],[30.7176,-30.0341],[30.7191,-30.0244],[30.724,-30.0121],[30.7151,-30.004],[30.733,-30.0036],[30.7365,-29.9937],[30.7489,-29.9858],[30.7507,-29.9766],[30.731,-29.978],[30.7276,-29.9688],[30.7129,-29.9693],[30.7039,-29.9735],[30.6867,-29.9709],[30.6579,-29.9787],[30.657,-29.9695],[30.6632,-29.9635],[30.6619,-29.9533],[30.6662,-29.9444],[30.6779,-29.9462],[30.6803,-29.9366],[30.6763,-29.9268],[30.6854,-29.9222],[30.678,-29.919]]]},"properties":{"tmax":38.37173901,"brucode":"Yb11","tmin":2.40869566,"bru_clean":"Yb11","tmean":18.71521734,"map":900.13043478}},
{"type":"Feature","geometry":{"type":"Polygon","coordinates":[[[30.2751,-29.9265],[30.2784,-29.945],[30.2651,-29.9609],[30.2773,-29.9667],[30.2789,-29.9498],[30.2865,-29.9401],[30.2889,-29.927],[30.2852,-29.9213],[30.2751,-29.9265]]]},"properties":{"tmax":38.90833346,"brucode":"Wb10b","tmin":0.85,"bru_clean":"Wb10","tmean":18.34999975,"map":862.83333333}},
{"type":"Feature","geometry":{"type":"Polygon","coordinates":[[[29.742,-29.9226],[29.7173,-29.9374],[29.715,-29.9586],[29.7233,-29.9833],[29.7406,-29.9807],[29.7598,-29.973],[29.761,-29.9638],[29.7578,-29.9511],[29.7489,-29.9469],[29.7428,-29.9382],[29.742,-29.9226]]]},"properties":{"tmax":38.2,"brucode":"Zd9","tmin":-5.5000001,"bru_clean":"Zd9","tmean":15.66000023,"map":942}},
{"type":"Feature","geometry":{"type":"Polygon","coordinates":[[[30.6854,-29.9222],[30.6763,-29.9268],[30.6803,-29.9366],[30.6779,-29.9462],[30.6662,-29.9444],[30.6619,-29.9533],[30.6632,-29.9635],[30.657,-29.9695],[30.6579,-29.9787],[30.6867,-29.9709],[30.7039,-29.9735],[30.7129,-29.9693],[30.7276,-29.9688],[30.7409,-29.9688],[30.7445,-29.9493],[30.758,-29.9461],[30.7474,-29.9369],[30.7359,-29.9416],[30.7252,-29.9413],[30.7163,-29.948],[30.6927,-29.9447],[30.7021,-29.9327],[30.6877,-29.9308],[30.6854,-29.9222]]]},"properties":{"tmax":38.7,"brucode":"Wb15","tmin":2.99999995,"bru_clean":"Wb15","tmean":18.9,"map":878.6}},
{"type":"Feature","geometry":{"type":"Polygon","coordinates":[[[30.2865,-29.9401],[30.2789,-29.9498],[30.2773,-29.9667],[30.2651,-29.9609],[30.2784,-29.945],[30.2751,-29.9265],[30.2567,-29.9428],[30.2503,-29.9686],[30.2406,-29.9787],[30.2615,-29.9853],[30.2735,-29.9965],[30.2848,-29.9935],[30.2968,-29.9996],[30.3066,-29.9887],[30.3058,-29.9728],[30.3104,-29.9646],[30.3067,-29.9523],[30.3086,-29.9371],[30.2985,-29.9433],[30.2865,-29.9401]]]},"properties":{"tmax":38.35675657,"brucode":"UVb3b","tmin":-0.82702703,"bru_clean":"UVb3","tmean":17.67297296,"map":970.02702703}},
{"type":"Feature","geometry":{"type":"Polygon","coordinates":[[[29.2051,-29.9764],[29.2106,-29.9755],[29.1984,-29.9629],[29.1924,-29.974],[29.1757,-29.9666],[29.182,-29.9627],[29.1781,-29.9499],[29.1708,-29.94],[29.1652,-29.9522],[29.1705,-29.9658],[29.1754,-29.9691],[29.1768,-29.9869],[29.1673,-29.9878],[29.1424,-29.9773],[29.1435,-29.9867],[29.152,-29.9918],[29.1619,-30.0039],[29.1651,-29.9972],[29.1797,-29.9929],[29.1852,-29.9805],[29.1945,-29.9823],[29.1895,-29.9922],[29.2081,-29.9984],[29.1975,-29.989],[29.2051,-29.9764]]]},"properties":{"tmax":34.02499962,"brucode":"Xe1","tmin":-10.3499999,"bru_clean":"Xe1","tmean":13.07500029,"map":911.25}},
{"type":"Feature","geometry":{"type":"Polygon","coordinates":[[[29.1781,-29.9499],[29.182,-29.9627],[29.1757,-29.9666],[29.1924,-29.974],[29.1984,-29.9629],[29.2106,-29.9755],[29.2069,-29.9625],[29.2139,-29.959],[29.2077,-29.9417],[29.1986,-29.9559],[29.1928,-29.9397],[29.1811,-29.9433],[29.1781,-29.9499]]]},"properties":{"tmax":33.89999989,"brucode":"Ye6a","tmin":-10.047619,"bru_clean":"Ye6","tmean":12.94285706,"map":947.80952381}},
{"type":"Feature","geometry":{"type":"Polygon","coordinates":[[[30.1109,-29.9743],[30.1032,-29.9786],[30.1042,-29.9881],[30.1164,-29.9852],[30.1228,-29.9902],[30.1186,-29.998],[30.1257,-29.9859],[30.1344,-29.9822],[30.1511,-29.9966],[30.1759,-30.0016],[30.1803,-30.0097],[30.1962,-30.011],[30.2014,-30.0181],[30.2162,-30.0188],[30.2206,-30.0152],[30.2417,-30.0109],[30.2449,-30.0148],[30.2589,-30.013],[30.2541,-30.0221],[30.2597,-30.0306],[30.2527,-30.0365],[30.2533,-30.0409],[30.2606,-30.0461],[30.2498,-30.0477],[30.2493,-30.0494],[30.251,-30.0574],[30.2636,-30.057],[30.267,-30.0497],[30.256,-30.0414],[30.2674,-30.028],[30.2706,-30.0218],[30.305,-30.0167],[30.3142,-30.0368],[30.3146,-30.0449],[30.2911,-30.0398],[30.2857,-30.053],[30.3005,-30.0588],[30.3148,-30.0482],[30.3251,-30.0682],[30.3301,-30.0536],[30.3193,-30.0464],[30.3269,-30.0338],[30.3333,-30.0399],[30.3353,-30.0369],[30.3288,-30.0298],[30.3131,-30.0304],[30.3155,-30.0216],[30.3111,-30.0134],[30.2991,-30.0127],[30.2893,-30.0158],[30.2842,-30.0012],[30.2686,-30.0027],[30.2499,-30.0107],[30.2404,-30.0014],[30.2315,-30.0082],[30.214,-30.0126],[30.2027,-30.0127],[30.1857,-30.0005],[30.1843,-29.9924],[30.1771,-29.9849],[30.184,-29.9766],[30.171,-29.9717],[30.1625,-29.9747],[30.163,-29.9831],[30.141,-29.9726],[30.1222,-29.9768],[30.1109,-29.9743]]]},"properties":{"tmax":39.12499968,"brucode":"Ra2","tmin":0.875,"bru_clean":"Ra2","tmean":18.58333333,"map":584.06666667}},
{"type":"Feature","geometry":{"type":"Polygon","coordinates":[[[30.8389,-29.9588],[30.8302,-29.9586],[30.8196,-29.9661],[30.7999,-29.9612],[30.7885,-29.955],[30.7653,-29.9634],[30.7566,-29.9727],[30.7409,-29.9688],[30.7276,-29.9688],[30.731,-29.978],[30.7507,-29.9766],[30.7489,-29.9858],[30.7365,-29.9937],[30.733,-30.0036],[30.7151,-30.004],[30.724,-30.0121],[30.7191,-30.0244],[30.73,-30.041],[30.7414,-30.0462],[30.7457,-30.0577],[30.7622,-30.0597],[30.7641,-30.0519],[30.7749,-30.0477],[30.766,-30.0412],[30.7676,-30.0335],[30.7761,-30.0277],[30.7684,-30.0168],[30.7583,-30.0199],[30.7537,-30.0286],[30.7411,-30.0247],[30.7457,-30.0135],[30.7561,-30.0073],[30.7552,-29.9968],[30.7642,-29.9907],[30.768,-29.998],[30.7646,-30.0066],[30.7713,-30.0109],[30.7824,-30.0093],[30.7808,-30.0203],[30.7843,-30.0316],[30.7929,-30.0339],[30.7958,-30.0427],[30.7906,-30.0516],[30.8045,-30.0716],[30.8241,-30.0722],[30.8279,-30.0782],[30.8224,-30.0873],[30.8088,-30.1002],[30.7951,-30.0995],[30.7823,-30.0917],[30.7752,-30.0974],[30.7621,-30.0922],[30.7479,-30.0965],[30.7454,-30.1072],[30.7351,-30.1224],[30.7051,-30.1254],[30.6969,-30.1314],[30.7046,-30.1433],[30.7218,-30.1417],[30.7276,-30.1585],[30.734,-30.1625],[30.7415,-30.158],[30.7507,-30.1631],[30.7624,-30.1804],[30.7623,-30.1873],[30.7487,-30.1884],[30.734,-30.1821],[30.727,-30.1894],[30.7283,-30.1997],[30.7151,-30.2067],[30.7034,-30.2016],[30.7091,-30.1898],[30.7065,-30.183],[30.694,-30.177],[30.6712,-30.1783],[30.6717,-30.1932],[30.6629,-30.1994],[30.6565,-30.1915],[30.6413,-30.2008],[30.6327,-30.1991],[30.6275,-30.1891],[30.6167,-30.1882],[30.6112,-30.1953],[30.6208,-30.2075],[30.6299,-30.2137],[30.6249,-30.2231],[30.6304,-30.2403],[30.6372,-30.2451],[30.6484,-30.2351],[30.672,-30.2376],[30.6807,-30.2439],[30.6806,-30.2557],[30.6902,-30.255],[30.6939,-30.2648],[30.7058,-30.262],[30.7138,-30.268],[30.7106,-30.2793],[30.6982,-30.2774],[30.6833,-30.279],[30.6724,-30.2684],[30.6591,-30.2733],[30.6418,-30.2668],[30.6352,-30.259],[30.6245,-30.2627],[30.6173,-30.2608],[30.6125,-30.2708],[30.5987,-30.2721],[30.5936,-30.2669],[30.565,-30.2616],[30.5582,-30.2779],[30.5549,-30.2966],[30.5365,-30.3087],[30.5408,-30.324],[30.5321,-30.3238],[30.5306,-30.3317],[30.5202,-30.3298],[30.5066,-30.3316],[30.511,-30.351],[30.5047,-30.3617],[30.5057,-30.3771],[30.5189,-30.385],[30.5288,-30.3859],[30.5251,-30.4111],[30.5173,-30.4178],[30.5037,-30.4167],[30.4964,-30.4211],[30.4991,-30.4272],[30.5117,-30.4318],[30.5176,-30.4284],[30.5278,-30.4313],[30.5311,-30.4439],[30.5188,-30.4514],[30.4964,-30.4532],[30.482,-30.463],[30.4719,-30.4522],[30.4627,-30.4511],[30.4358,-30.4597],[30.4176,-30.4791],[30.413,-30.4804],[30.421,-30.5046],[30.4068,-30.5249],[30.39,-30.525],[30.3811,-30.534],[30.4007,-30.5391],[30.4075,-30.5363],[30.4269,-30.5481],[30.4436,-30.5486],[30.4434,-30.5619],[30.4333,-30.5646],[30.4368,-30.5746],[30.4709,-30.5823],[30.4794,-30.5912],[30.4857,-30.582],[30.4939,-30.5897],[30.4834,-30.5946],[30.4596,-30.6009],[30.4524,-30.5937],[30.4421,-30.5913],[30.4274,-30.6018],[30.4145,-30.6],[30.4138,-30.6219],[30.4167,-30.6324],[30.4036,-30.6425],[30.3955,-30.6344],[30.3854,-30.642],[30.3783,-30.6516],[30.3819,-30.6658],[30.3913,-30.6708],[30.3843,-30.6779],[30.3825,-30.6921],[30.3662,-30.6984],[30.3597,-30.6973],[30.3536,-30.683],[30.3357,-30.6902],[30.3326,-30.685],[30.3186,-30.6961],[30.3125,-30.695],[30.3011,-30.7017],[30.2917,-30.7113],[30.3121,-30.7124],[30.3133,-30.7275],[30.3093,-30.7441],[30.304,-30.7499],[30.3007,-30.7636],[30.3026,-30.7782],[30.2896,-30.7848],[30.2876,-30.7911],[30.2677,-30.7988],[30.2626,-30.7887],[30.2541,-30.8029],[30.2525,-30.8162],[30.248,-30.8213],[30.2386,-30.8146],[30.2319,-30.8168],[30.2313,-30.8284],[30.2232,-30.8365],[30.2204,-30.8467],[30.2091,-30.8528],[30.1946,-30.87],[30.1889,-30.8826],[30.1898,-30.899],[30.1806,-30.9001],[30.1952,-30.9167],[30.1921,-30.9287],[30.1836,-30.9358],[30.1848,-30.9533],[30.1953,-30.9489],[30.2097,-30.9674],[30.1986,-30.9776],[30.2282,-30.9876],[30.2322,-30.9844],[30.2357,-30.9643],[30.2518,-30.9438],[30.2512,-30.9343],[30.2375,-30.9267],[30.2509,-30.9163],[30.2583,-30.9201],[30.2608,-30.9305],[30.2719,-30.9209],[30.2805,-30.9185],[30.2904,-30.8952],[30.2953,-30.8908],[30.2972,-30.8776],[30.3034,-30.8659],[30.3002,-30.8492],[30.295,-30.8437],[30.3164,-30.834],[30.3301,-30.8214],[30.337,-30.821],[30.3819,-30.8281],[30.3977,-30.8341],[30.4047,-30.8276],[30.4252,-30.7858],[30.4468,-30.7616],[30.4481,-30.7559],[30.4601,-30.7422],[30.4592,-30.7364],[30.4811,-30.7142],[30.4988,-30.6881],[30.5102,-30.677],[30.5191,-30.6573],[30.5258,-30.6513],[30.5457,-30.6276],[30.5483,-30.6135],[30.5683,-30.5921],[30.5841,-30.5599],[30.5936,-30.5485],[30.606,-30.5395],[30.6132,-30.5216],[30.6247,-30.5127],[30.6326,-30.4974],[30.6336,-30.4869],[30.6521,-30.4654],[30.6531,-30.4545],[30.6735,-30.4284],[30.6717,-30.425],[30.6866,-30.4006],[30.6932,-30.3953],[30.7016,-30.3776],[30.7157,-30.3629],[30.72,-30.3529],[30.7325,-30.3424],[30.7475,-30.3042],[30.7599,-30.2888],[30.7627,-30.2701],[30.7795,-30.2511],[30.79,-30.2307],[30.7984,-30.2215],[30.804,-30.1987],[30.8107,-30.1899],[30.8194,-30.1715],[30.8322,-30.1504],[30.8453,-30.1342],[30.8628,-30.0936],[30.8917,-30.048],[30.92,-30.0219],[30.9343,-30.012],[30.9245,-29.9982],[30.904,-29.9915],[30.8922,-29.9947],[30.8673,-29.9949],[30.8685,-29.988],[30.8547,-29.9809],[30.8555,-29.9711],[30.8389,-29.9588]]]},"properties":{"tmax":37.86313722,"brucode":"Ya12","tmin":3.27058823,"bru_clean":"Ya12","tmean":19.90352938,"map":1001.08754864}},
{"type":"Feature","geometry":{"type":"Polygon","coordinates":[[[30.3605,-29.9799],[30.3533,-30.0035],[30.3717,-30.004],[30.3901,-30.0233],[30.3988,-30.0097],[30.398,-30.0047],[30.406,-29.9947],[30.3998,-29.9918],[30.4051,-29.9723],[30.3933,-29.958],[30.3854,-29.9582],[30.37,-29.9669],[30.3605,-29.9799]]]},"properties":{"tmax":39.51025645,"brucode":"Yb10a","tmin":1.1051282,"bru_clean":"Yb10","tmean":18.37179497,"map":838.10526316}},
{"type":"Feature","geometry":{"type":"Polygon","coordinates":[[[30.3477,-29.9583],[30.3292,-29.9644],[30.3331,-29.9796],[30.3232,-29.9954],[30.3256,-30.0035],[30.3337,-30.008],[30.3407,-30.0174],[30.352,-30.0173],[30.3616,-30.0248],[30.3606,-30.0439],[30.3834,-30.0463],[30.3776,-30.0525],[30.3665,-30.0559],[30.3836,-30.0673],[30.4032,-30.0357],[30.3827,-30.0305],[30.3901,-30.0233],[30.3717,-30.004],[30.3533,-30.0035],[30.3605,-29.9799],[30.348,-29.9775],[30.3477,-29.9583]]]},"properties":{"tmax":40.11666616,"brucode":"VWb3","tmin":1.13333332,"bru_clean":"VWb3","tmean":18.85833327,"map":758.75}},
{"type":"Feature","geometry":{"type":"Polygon","coordinates":[[[30.4051,-29.9723],[30.3998,-29.9918],[30.406,-29.9947],[30.398,-30.0047],[30.3988,-30.0097],[30.3901,-30.0233],[30.3827,-30.0305],[30.4032,-30.0357],[30.3836,-30.0673],[30.3982,-30.0687],[30.4115,-30.0614],[30.4276,-30.0481],[30.4398,-30.05],[30.4481,-30.0663],[30.4471,-30.0475],[30.4515,-30.0384],[30.4776,-30.0276],[30.4815,-30.0101],[30.4746,-30.0022],[30.4679,-30.0021],[30.4514,-30.0129],[30.4486,-30.0049],[30.4346,-30.0026],[30.4223,-29.99],[30.4173,-29.978],[30.4051,-29.9723]]]},"properties":{"tmax":40.07857159,"brucode":"Xb6","tmin":1.65000001,"bru_clean":"Xb6","tmean":18.97857135,"map":831.35714286}},
{"type":"Feature","geometry":{"type":"Polygon","coordinates":[[[30.4223,-29.99],[30.4346,-30.0026],[30.4486,-30.0049],[30.4514,-30.0129],[30.4679,-30.0021],[30.4746,-30.0022],[30.4815,-30.0101],[30.4834,-30.0098],[30.4929,-30.001],[30.5033,-30.0028],[30.5019,-30.0182],[30.5127,-30.0218],[30.5078,-30.0387],[30.5179,-30.0393],[30.5315,-30.0334],[30.5428,-30.0382],[30.5516,-30.0465],[30.5691,-30.0494],[30.5776,-30.0479],[30.5992,-30.0566],[30.6169,-30.058],[30.604,-30.0551],[30.5924,-30.0469],[30.5816,-30.047],[30.5789,-30.0339],[30.5818,-30.0272],[30.5763,-30.0161],[30.5676,-30.0061],[30.561,-30.0093],[30.559,-30.0313],[30.5496,-30.039],[30.5436,-30.0346],[30.5416,-30.0226],[30.5308,-30.0209],[30.5222,-30.026],[30.5249,-30.007],[30.5202,-30.0023],[30.5243,-29.9905],[30.4975,-29.9858],[30.4923,-29.9924],[30.4772,-29.9952],[30.4755,-29.9875],[30.4614,-29.9818],[30.4602,-29.974],[30.4439,-29.969],[30.4335,-29.9816],[30.4223,-29.99]]]},"properties":{"tmax":40.00869552,"brucode":"Wb14a","tmin":2.27391304,"bru_clean":"Wb14","tmean":19.16521736,"map":868.7826087}},
{"type":"Feature","geometry":{"type":"Polygon","coordinates":[[[30.184,-29.9766],[30.1771,-29.9849],[30.1843,-29.9924],[30.1857,-30.0005],[30.2027,-30.0127],[30.214,-30.0126],[30.2315,-30.0082],[30.2404,-30.0014],[30.2499,-30.0107],[30.2686,-30.0027],[30.2842,-30.0012],[30.2893,-30.0158],[30.2991,-30.0127],[30.3111,-30.0134],[30.3155,-30.0216],[30.3131,-30.0304],[30.3288,-30.0298],[30.3353,-30.0369],[30.3415,-30.0256],[30.3349,-30.02],[30.3337,-30.008],[30.3256,-30.0035],[30.3133,-30.0072],[30.2968,-29.9996],[30.2848,-29.9935],[30.2735,-29.9965],[30.2615,-29.9853],[30.2406,-29.9787],[30.2283,-29.9704],[30.2185,-29.971],[30.2232,-29.9973],[30.1859,-29.99],[30.184,-29.9766]]]},"properties":{"tmax":39.55454566,"brucode":"TUb9","tmin":1.61818181,"bru_clean":"TUb9","tmean":19.00909094,"map":616.45454546}},
{"type":"Feature","geometry":{"type":"Polygon","coordinates":[[[29.2096,-30.0003],[29.2071,-30.0059],[29.1772,-30.0136],[29.1795,-30.0257],[29.1858,-30.0271],[29.1843,-30.0429],[29.1963,-30.0443],[29.1949,-30.0562],[29.2098,-30.0485],[29.2025,-30.0255],[29.2104,-30.0182],[29.2328,-30.0236],[29.2383,-30.016],[29.2342,-30],[29.2287,-29.9858],[29.206,-29.9921],[29.2096,-30.0003]]]},"properties":{"tmax":34.2874999,"brucode":"Yf2","tmin":-10.3375001,"bru_clean":"Yf2","tmean":13.2874999,"map":855.25}},
{"type":"Feature","geometry":{"type":"Polygon","coordinates":[[[30.5676,-30.0061],[30.5763,-30.0161],[30.595,-30.0243],[30.602,-30.0314],[30.5955,-30.0393],[30.5983,-30.0467],[30.6169,-30.058],[30.5992,-30.0566],[30.6057,-30.0659],[30.5972,-30.0781],[30.593,-30.0925],[30.596,-30.1007],[30.622,-30.0894],[30.6315,-30.0998],[30.6211,-30.1089],[30.6136,-30.1206],[30.5987,-30.1265],[30.6085,-30.1368],[30.614,-30.1336],[30.6227,-30.1443],[30.6177,-30.1585],[30.6209,-30.1614],[30.6181,-30.1773],[30.6081,-30.1811],[30.5992,-30.1617],[30.5935,-30.1572],[30.5751,-30.1572],[30.5675,-30.1675],[30.5764,-30.1753],[30.5697,-30.1836],[30.556,-30.1841],[30.5482,-30.1879],[30.5339,-30.2086],[30.5379,-30.2195],[30.5484,-30.2264],[30.5376,-30.2332],[30.5245,-30.2472],[30.5072,-30.2471],[30.5065,-30.2522],[30.51,-30.2539],[30.5185,-30.2599],[30.5309,-30.2619],[30.551,-30.2561],[30.5698,-30.258],[30.5759,-30.2562],[30.6173,-30.2608],[30.6245,-30.2627],[30.6352,-30.259],[30.6418,-30.2668],[30.6591,-30.2733],[30.6724,-30.2684],[30.6833,-30.279],[30.6982,-30.2774],[30.7106,-30.2793],[30.7138,-30.268],[30.7058,-30.262],[30.6939,-30.2648],[30.6902,-30.255],[30.6806,-30.2557],[30.6807,-30.2439],[30.672,-30.2376],[30.6484,-30.2351],[30.6372,-30.2451],[30.6304,-30.2403],[30.6249,-30.2231],[30.6299,-30.2137],[30.6208,-30.2075],[30.6112,-30.1953],[30.6167,-30.1882],[30.6275,-30.1891],[30.6327,-30.1991],[30.6413,-30.2008],[30.6565,-30.1915],[30.6629,-30.1994],[30.6717,-30.1932],[30.6712,-30.1783],[30.694,-30.177],[30.7065,-30.183],[30.7091,-30.1898],[30.7034,-30.2016],[30.7151,-30.2067],[30.7283,-30.1997],[30.727,-30.1894],[30.734,-30.1821],[30.7487,-30.1884],[30.7623,-30.1873],[30.7624,-30.1804],[30.7507,-30.1631],[30.7415,-30.158],[30.734,-30.1625],[30.7276,-30.1585],[30.7218,-30.1417],[30.7046,-30.1433],[30.6969,-30.1314],[30.7051,-30.1254],[30.7351,-30.1224],[30.7454,-30.1072],[30.7479,-30.0965],[30.7621,-30.0922],[30.7752,-30.0974],[30.7823,-30.0917],[30.7951,-30.0995],[30.8088,-30.1002],[30.8224,-30.0873],[30.8279,-30.0782],[30.8241,-30.0722],[30.8045,-30.0716],[30.7906,-30.0516],[30.7958,-30.0427],[30.7929,-30.0339],[30.7843,-30.0316],[30.7808,-30.0203],[30.7824,-30.0093],[30.7713,-30.0109],[30.7646,-30.0066],[30.768,-29.998],[30.7642,-29.9907],[30.7552,-29.9968],[30.7561,-30.0073],[30.7457,-30.0135],[30.7411,-30.0247],[30.7537,-30.0286],[30.7583,-30.0199],[30.7684,-30.0168],[30.7761,-30.0277],[30.7676,-30.0335],[30.766,-30.0412],[30.7749,-30.0477],[30.7641,-30.0519],[30.7622,-30.0597],[30.7457,-30.0577],[30.7414,-30.0462],[30.73,-30.041],[30.7191,-30.0244],[30.7176,-30.0341],[30.7095,-30.0379],[30.7154,-30.0451],[30.7251,-30.048],[30.7174,-30.0568],[30.6918,-30.0563],[30.6725,-30.0672],[30.6636,-30.0612],[30.6493,-30.0586],[30.654,-30.052],[30.6459,-30.0417],[30.626,-30.0478],[30.616,-30.0421],[30.6179,-30.0194],[30.6037,-30.0007],[30.5889,-30.0114],[30.5839,-30.003],[30.5856,-29.993],[30.5928,-29.9892],[30.5782,-29.9906],[30.568,-30.0039],[30.5676,-30.0061]]]},"properties":{"tmax":38.29912283,"brucode":"Wa5","tmin":2.44736842,"bru_clean":"Wa5","tmean":19.44561394,"map":932.31858407}},
{"type":"Feature","geometry":{"type":"Polygon","coordinates":[[[30.112,-29.999],[30.0946,-30.009],[30.1024,-30.0158],[30.1206,-30.0106],[30.1399,-30.0015],[30.1312,-30.0149],[30.1459,-30.0214],[30.1412,-30.0323],[30.1678,-30.0249],[30.1666,-30.0311],[30.208,-30.0242],[30.2181,-30.0251],[30.2297,-30.0216],[30.2301,-30.0308],[30.2247,-30.0386],[30.2286,-30.0464],[30.2146,-30.0499],[30.2209,-30.056],[30.2175,-30.0654],[30.2009,-30.0774],[30.2098,-30.0802],[30.206,-30.0919],[30.2162,-30.0897],[30.2193,-30.0972],[30.2245,-30.0951],[30.2279,-30.0806],[30.2229,-30.0689],[30.2324,-30.0616],[30.2277,-30.0538],[30.2372,-30.0446],[30.2498,-30.0477],[30.2606,-30.0461],[30.2533,-30.0409],[30.2527,-30.0365],[30.2597,-30.0306],[30.2541,-30.0221],[30.2589,-30.013],[30.2449,-30.0148],[30.2417,-30.0109],[30.2206,-30.0152],[30.2162,-30.0188],[30.2014,-30.0181],[30.1962,-30.011],[30.1803,-30.0097],[30.1759,-30.0016],[30.1511,-29.9966],[30.1344,-29.9822],[30.1257,-29.9859],[30.1186,-29.998],[30.112,-29.999]]]},"properties":{"tmax":39.26470588,"brucode":"Sb4a","tmin":0.09411765,"bru_clean":"Sb4","tmean":18.30784319,"map":552.92307692}},
{"type":"Feature","geometry":{"type":"Polygon","coordinates":[[[30.3982,-30.0687],[30.3863,-30.0758],[30.379,-30.0882],[30.3854,-30.0925],[30.4115,-30.0897],[30.4079,-30.0843],[30.4273,-30.0743],[30.4378,-30.0811],[30.448,-30.0828],[30.4597,-30.0893],[30.4733,-30.091],[30.4749,-30.0853],[30.4865,-30.0765],[30.4981,-30.0759],[30.5136,-30.0847],[30.526,-30.0852],[30.5419,-30.0946],[30.5465,-30.103],[30.555,-30.1022],[30.5632,-30.1203],[30.5536,-30.1254],[30.5494,-30.1139],[30.5324,-30.0955],[30.516,-30.0929],[30.5113,-30.0997],[30.5117,-30.1099],[30.5,-30.1151],[30.4853,-30.1069],[30.4769,-30.118],[30.4824,-30.1304],[30.4672,-30.1414],[30.4832,-30.1475],[30.4801,-30.1538],[30.5024,-30.1585],[30.509,-30.1563],[30.5275,-30.1638],[30.5262,-30.1809],[30.5077,-30.1707],[30.5056,-30.1885],[30.496,-30.1922],[30.4878,-30.1896],[30.4855,-30.1774],[30.4657,-30.1909],[30.4519,-30.1783],[30.4465,-30.1798],[30.4561,-30.197],[30.4449,-30.195],[30.4281,-30.2011],[30.4178,-30.1959],[30.4019,-30.208],[30.3931,-30.1962],[30.3937,-30.1899],[30.3873,-30.1977],[30.3867,-30.2111],[30.4055,-30.2102],[30.4146,-30.2016],[30.4261,-30.2113],[30.443,-30.1992],[30.4515,-30.2013],[30.4609,-30.1965],[30.4776,-30.1947],[30.4795,-30.2038],[30.4758,-30.2121],[30.4851,-30.217],[30.4813,-30.2266],[30.4579,-30.2262],[30.4494,-30.2394],[30.4511,-30.249],[30.4645,-30.2528],[30.5006,-30.2506],[30.5065,-30.2522],[30.5072,-30.2471],[30.5245,-30.2472],[30.5376,-30.2332],[30.5484,-30.2264],[30.5379,-30.2195],[30.5339,-30.2086],[30.5482,-30.1879],[30.556,-30.1841],[30.5697,-30.1836],[30.5764,-30.1753],[30.5675,-30.1675],[30.5751,-30.1572],[30.5935,-30.1572],[30.5992,-30.1617],[30.6081,-30.1811],[30.6181,-30.1773],[30.6209,-30.1614],[30.6177,-30.1585],[30.6227,-30.1443],[30.614,-30.1336],[30.6085,-30.1368],[30.5987,-30.1265],[30.6136,-30.1206],[30.6211,-30.1089],[30.6315,-30.0998],[30.622,-30.0894],[30.596,-30.1007],[30.593,-30.0925],[30.5972,-30.0781],[30.6057,-30.0659],[30.5992,-30.0566],[30.5776,-30.0479],[30.5691,-30.0494],[30.5516,-30.0465],[30.5428,-30.0382],[30.5315,-30.0334],[30.5179,-30.0393],[30.5078,-30.0387],[30.5127,-30.0218],[30.5019,-30.0182],[30.5033,-30.0028],[30.4929,-30.001],[30.4834,-30.0098],[30.4941,-30.0141],[30.4958,-30.0266],[30.49,-30.0367],[30.4968,-30.0418],[30.4819,-30.0516],[30.4649,-30.0728],[30.4582,-30.0749],[30.4481,-30.0663],[30.4398,-30.05],[30.4276,-30.0481],[30.4115,-30.0614],[30.3982,-30.0687]],[[30.51,-30.0578],[30.524,-30.0573],[30.5298,-30.0625],[30.5518,-30.0656],[30.5625,-30.0633],[30.6002,-30.0692],[30.5894,-30.0807],[30.5797,-30.0782],[30.5803,-30.0921],[30.5749,-30.1004],[30.5681,-30.0963],[30.5701,-30.0863],[30.5451,-30.0868],[30.5371,-30.0684],[30.51,-30.0578]]]},"properties":{"tmax":38.73249993,"brucode":"UVa7","tmin":2.70999999,"bru_clean":"UVa7","tmean":19.42249992,"map":877.70731707}},
{"type":"Feature","geometry":{"type":"Polygon","coordinates":[[[30.3333,-30.0399],[30.3456,-30.0495],[30.3555,-30.073],[30.3644,-30.0784],[30.3571,-30.0885],[30.3689,-30.0962],[30.3702,-30.1055],[30.3801,-30.1074],[30.3877,-30.109],[30.3826,-30.1188],[30.393,-30.1235],[30.412,-30.122],[30.4224,-30.1109],[30.4399,-30.1073],[30.451,-30.1151],[30.4573,-30.1235],[30.4742,-30.1199],[30.4769,-30.118],[30.4853,-30.1069],[30.5,-30.1151],[30.5117,-30.1099],[30.5113,-30.0997],[30.516,-30.0929],[30.5324,-30.0955],[30.5494,-30.1139],[30.5536,-30.1254],[30.5632,-30.1203],[30.555,-30.1022],[30.5465,-30.103],[30.5419,-30.0946],[30.526,-30.0852],[30.5136,-30.0847],[30.4981,-30.0759],[30.4865,-30.0765],[30.4749,-30.0853],[30.4733,-30.091],[30.4597,-30.0893],[30.448,-30.0828],[30.4378,-30.0811],[30.4273,-30.0743],[30.4079,-30.0843],[30.4115,-30.0897],[30.3854,-30.0925],[30.379,-30.0882],[30.3863,-30.0758],[30.3982,-30.0687],[30.3836,-30.0673],[30.3665,-30.0559],[30.3776,-30.0525],[30.3834,-30.0463],[30.3606,-30.0439],[30.3616,-30.0248],[30.352,-30.0173],[30.3407,-30.0174],[30.3337,-30.008],[30.3349,-30.02],[30.3415,-30.0256],[30.3353,-30.0369],[30.3333,-30.0399]]]},"properties":{"tmax":40.29130471,"brucode":"Sa3","tmin":2.46086955,"bru_clean":"Sa3","tmean":19.52608697,"map":764.43478261}},
{"type":"Feature","geometry":{"type":"Polygon","coordinates":[[[30.1003,-30.029],[30.1185,-30.0362],[30.1176,-30.0474],[30.1293,-30.0592],[30.1515,-30.0539],[30.1606,-30.0458],[30.1596,-30.0324],[30.1666,-30.0311],[30.1678,-30.0249],[30.1412,-30.0323],[30.1459,-30.0214],[30.1312,-30.0149],[30.1399,-30.0015],[30.1206,-30.0106],[30.1024,-30.0158],[30.0946,-30.009],[30.0978,-30.0123],[30.0913,-30.0243],[30.1003,-30.029]]]},"properties":{"tmax":38.38181825,"brucode":"Vb22a","tmin":-0.04545454,"bru_clean":"Vb22","tmean":18.05454584,"map":639.81818182}},
{"type":"Feature","geometry":{"type":"Polygon","coordinates":[[[30.2493,-30.0494],[30.2466,-30.0571],[30.2352,-30.0613],[30.2324,-30.089],[30.2329,-30.1007],[30.2076,-30.1125],[30.202,-30.1172],[30.1872,-30.117],[30.2063,-30.1341],[30.194,-30.1406],[30.1769,-30.1307],[30.1673,-30.133],[30.1678,-30.1404],[30.1609,-30.1476],[30.1519,-30.1497],[30.148,-30.1576],[30.139,-30.1618],[30.1291,-30.1573],[30.1346,-30.1657],[30.1487,-30.1635],[30.1515,-30.1538],[30.1633,-30.1495],[30.1759,-30.1499],[30.1723,-30.1621],[30.1635,-30.1611],[30.1595,-30.1679],[30.1713,-30.1778],[30.1869,-30.185],[30.1905,-30.1784],[30.1865,-30.1662],[30.1977,-30.1641],[30.2073,-30.1732],[30.2142,-30.17],[30.2096,-30.1599],[30.2207,-30.1571],[30.2175,-30.1447],[30.2191,-30.1349],[30.2277,-30.1339],[30.2328,-30.1398],[30.2275,-30.16],[30.2402,-30.1528],[30.2473,-30.1527],[30.2426,-30.1394],[30.2482,-30.1174],[30.2546,-30.1028],[30.2626,-30.095],[30.265,-30.0863],[30.257,-30.0799],[30.2687,-30.0755],[30.2725,-30.0824],[30.2822,-30.0758],[30.2911,-30.078],[30.3051,-30.073],[30.3046,-30.091],[30.3213,-30.0999],[30.3239,-30.1143],[30.3148,-30.1158],[30.3131,-30.1239],[30.3282,-30.121],[30.3397,-30.1273],[30.3446,-30.1189],[30.3343,-30.1094],[30.3543,-30.095],[30.3622,-30.0971],[30.3687,-30.1086],[30.3801,-30.1074],[30.3702,-30.1055],[30.3689,-30.0962],[30.3571,-30.0885],[30.3644,-30.0784],[30.3555,-30.073],[30.3456,-30.0495],[30.3333,-30.0399],[30.3269,-30.0338],[30.3193,-30.0464],[30.3301,-30.0536],[30.3251,-30.0682],[30.3148,-30.0482],[30.3005,-30.0588],[30.2857,-30.053],[30.2911,-30.0398],[30.3146,-30.0449],[30.3142,-30.0368],[30.305,-30.0167],[30.2706,-30.0218],[30.2674,-30.028],[30.256,-30.0414],[30.267,-30.0497],[30.2636,-30.057],[30.251,-30.0574],[30.2493,-30.0494]]]},"properties":{"tmax":39.26470588,"brucode":"Sb4b","tmin":0.09411765,"bru_clean":"Sb4","tmean":18.30784319,"map":552.92307692}},
{"type":"Feature","geometry":{"type":"Polygon","coordinates":[[[29.96,-30.0737],[29.9665,-30.0717],[29.9593,-30.0658],[29.9719,-30.0549],[29.9636,-30.0485],[29.955,-30.0337],[29.9776,-30.0315],[29.979,-30.0214],[29.9927,-30.0242],[30.0034,-30.0386],[29.9995,-30.0463],[30.0209,-30.0498],[30.0318,-30.0465],[30.0358,-30.0387],[30.0437,-30.0403],[30.0501,-30.0509],[30.0643,-30.0426],[30.0704,-30.0468],[30.0882,-30.0346],[30.0537,-30.0373],[30.0476,-30.0306],[30.0403,-30.0316],[30.0327,-30.0209],[30.0146,-30.0207],[30.0097,-30.0284],[29.998,-30.0129],[29.9926,-30.0185],[29.9786,-30.009],[29.956,-30.021],[29.9303,-30.0297],[29.9388,-30.0476],[29.9532,-30.0586],[29.9519,-30.0711],[29.96,-30.0737]]]},"properties":{"tmax":37.37272713,"brucode":"Xc17","tmin":-4.07272725,"bru_clean":"Xc17","tmean":15.9272728,"map":916.25}},
{"type":"Feature","geometry":{"type":"Polygon","coordinates":[[[30.4481,-30.0663],[30.4582,-30.0749],[30.4649,-30.0728],[30.4819,-30.0516],[30.4968,-30.0418],[30.49,-30.0367],[30.4958,-30.0266],[30.4941,-30.0141],[30.4834,-30.0098],[30.4815,-30.0101],[30.4776,-30.0276],[30.4515,-30.0384],[30.4471,-30.0475],[30.4481,-30.0663]]]},"properties":{"tmax":40.00869552,"brucode":"Wb14b","tmin":2.27391304,"bru_clean":"Wb14","tmean":19.16521736,"map":868.7826087}},
{"type":"Feature","geometry":{"type":"Polygon","coordinates":[[[30.0882,-30.0346],[30.0704,-30.0468],[30.0643,-30.0426],[30.0501,-30.0509],[30.0437,-30.0403],[30.0358,-30.0387],[30.0318,-30.0465],[30.0209,-30.0498],[29.9995,-30.0463],[30.0034,-30.0386],[29.9927,-30.0242],[29.979,-30.0214],[29.9776,-30.0315],[29.955,-30.0337],[29.9636,-30.0485],[29.9719,-30.0549],[29.9593,-30.0658],[29.9665,-30.0717],[29.9825,-30.0626],[29.9938,-30.0694],[30.0066,-30.0689],[30.0093,-30.075],[30.026,-30.0657],[30.0342,-30.0644],[30.0367,-30.0512],[30.05,-30.0565],[30.0616,-30.0508],[30.0904,-30.0555],[30.1045,-30.0469],[30.1176,-30.0474],[30.1185,-30.0362],[30.1003,-30.029],[30.0882,-30.0346]]]},"properties":{"tmax":37.51333338,"brucode":"Wc39","tmin":-3.55999996,"bru_clean":"Wc39","tmean":16.27333336,"map":860}},
{"type":"Feature","geometry":{"type":"Polygon","coordinates":[[[30.1666,-30.0311],[30.1596,-30.0324],[30.1606,-30.0458],[30.168,-30.0455],[30.1675,-30.0609],[30.1716,-30.061],[30.1842,-30.0472],[30.1921,-30.0531],[30.2053,-30.0462],[30.2115,-30.0553],[30.2044,-30.0619],[30.1942,-30.063],[30.188,-30.0689],[30.1831,-30.0821],[30.1663,-30.088],[30.1789,-30.0951],[30.2028,-30.0849],[30.1969,-30.1004],[30.187,-30.1031],[30.1793,-30.1128],[30.1659,-30.1089],[30.1599,-30.1147],[30.1752,-30.1243],[30.1833,-30.113],[30.2104,-30.1071],[30.2193,-30.0972],[30.2162,-30.0897],[30.206,-30.0919],[30.2098,-30.0802],[30.2009,-30.0774],[30.2175,-30.0654],[30.2209,-30.056],[30.2146,-30.0499],[30.2286,-30.0464],[30.2247,-30.0386],[30.2301,-30.0308],[30.2297,-30.0216],[30.2181,-30.0251],[30.208,-30.0242],[30.1666,-30.0311]]]},"properties":{"tmax":38.77000008,"brucode":"Tb12","tmin":0.54,"bru_clean":"Tb12","tmean":18.40999985,"map":623.1}},
{"type":"Feature","geometry":{"type":"Polygon","coordinates":[[[30.6169,-30.058],[30.5983,-30.0467],[30.5955,-30.0393],[30.602,-30.0314],[30.595,-30.0243],[30.5763,-30.0161],[30.5818,-30.0272],[30.5789,-30.0339],[30.5816,-30.047],[30.5924,-30.0469],[30.604,-30.0551],[30.6169,-30.058]]]},"properties":{"tmax":39.51025645,"brucode":"Yb10c","tmin":1.1051282,"bru_clean":"Yb10","tmean":18.37179497,"map":838.10526316}},
{"type":"Feature","geometry":{"type":"Polygon","coordinates":[[[29.1949,-30.0562],[29.211,-30.0646],[29.2249,-30.0607],[29.2139,-30.0439],[29.2124,-30.0347],[29.2252,-30.0328],[29.234,-30.0437],[29.2459,-30.0439],[29.2483,-30.0377],[29.246,-30.0227],[29.2383,-30.016],[29.2328,-30.0236],[29.2104,-30.0182],[29.2025,-30.0255],[29.2098,-30.0485],[29.1949,-30.0562]]]},"properties":{"tmax":33.89999989,"brucode":"Ye6c","tmin":-10.047619,"bru_clean":"Ye6","tmean":12.94285706,"map":947.80952381}},
{"type":"Feature","geometry":{"type":"Polygon","coordinates":[[[29.1083,-30.0819],[29.1123,-30.0969],[29.1163,-30.0993],[29.1196,-30.122],[29.1158,-30.1322],[29.1209,-30.1421],[29.1353,-30.1351],[29.1381,-30.1176],[29.1429,-30.108],[29.1392,-30.0936],[29.1553,-30.0851],[29.152,-30.0709],[29.1563,-30.0634],[29.1441,-30.0621],[29.1351,-30.0497],[29.1388,-30.045],[29.1511,-30.0556],[29.1597,-30.05],[29.1571,-30.0422],[29.1446,-30.0332],[29.1371,-30.0372],[29.1237,-30.0381],[29.1039,-30.0259],[29.1013,-30.0334],[29.0927,-30.0412],[29.0923,-30.0473],[29.1119,-30.0744],[29.1083,-30.0819]]]},"properties":{"tmax":35.83571407,"brucode":"Xd6","tmin":-11.30000005,"bru_clean":"Xd6","tmean":14.22857148,"map":796.64285714}},
{"type":"Feature","geometry":{"type":"Polygon","coordinates":[[[30.1716,-30.061],[30.1772,-30.0746],[30.1683,-30.0734],[30.1527,-30.0829],[30.1357,-30.1008],[30.1446,-30.0966],[30.1659,-30.1089],[30.1793,-30.1128],[30.187,-30.1031],[30.1969,-30.1004],[30.2028,-30.0849],[30.1789,-30.0951],[30.1663,-30.088],[30.1831,-30.0821],[30.188,-30.0689],[30.1942,-30.063],[30.2044,-30.0619],[30.2115,-30.0553],[30.2053,-30.0462],[30.1921,-30.0531],[30.1842,-30.0472],[30.1716,-30.061]]]},"properties":{"tmax":38.38181825,"brucode":"Vb22b","tmin":-0.04545454,"bru_clean":"Vb22","tmean":18.05454584,"map":639.81818182}},
{"type":"Feature","geometry":{"type":"Polygon","coordinates":[[[30.1176,-30.0474],[30.1045,-30.0469],[30.0904,-30.0555],[30.0616,-30.0508],[30.05,-30.0565],[30.0367,-30.0512],[30.0342,-30.0644],[30.0437,-30.0725],[30.0422,-30.0885],[30.0373,-30.0972],[30.0503,-30.1017],[30.063,-30.09],[30.0711,-30.0962],[30.1007,-30.0815],[30.1111,-30.0708],[30.1486,-30.0732],[30.1586,-30.0642],[30.1675,-30.0609],[30.168,-30.0455],[30.1606,-30.0458],[30.1515,-30.0539],[30.1293,-30.0592],[30.1176,-30.0474]]]},"properties":{"tmax":37.86428561,"brucode":"Ub20","tmin":-2.10714288,"bru_clean":"Ub20","tmean":17.01428591,"map":800.75}},
{"type":"Feature","geometry":{"type":"Polygon","coordinates":[[[30.2498,-30.0477],[30.2372,-30.0446],[30.2277,-30.0538],[30.2324,-30.0616],[30.2229,-30.0689],[30.2279,-30.0806],[30.2245,-30.0951],[30.2193,-30.0972],[30.2104,-30.1071],[30.1833,-30.113],[30.1752,-30.1243],[30.1674,-30.1245],[30.1527,-30.1323],[30.1628,-30.1396],[30.1425,-30.1553],[30.1291,-30.1573],[30.139,-30.1618],[30.148,-30.1576],[30.1519,-30.1497],[30.1609,-30.1476],[30.1678,-30.1404],[30.1673,-30.133],[30.1769,-30.1307],[30.194,-30.1406],[30.2063,-30.1341],[30.1872,-30.117],[30.202,-30.1172],[30.2076,-30.1125],[30.2329,-30.1007],[30.2324,-30.089],[30.2352,-30.0613],[30.2466,-30.0571],[30.2493,-30.0494],[30.2498,-30.0477]]]},"properties":{"tmax":39.03636343,"brucode":"Rb1","tmin":-0.15454546,"bru_clean":"Rb1","tmean":18.39090919,"map":634.6}},
{"type":"Feature","geometry":{"type":"Polygon","coordinates":[[[30.51,-30.0578],[30.5371,-30.0684],[30.5451,-30.0868],[30.5701,-30.0863],[30.5681,-30.0963],[30.5749,-30.1004],[30.5803,-30.0921],[30.5797,-30.0782],[30.5894,-30.0807],[30.6002,-30.0692],[30.5625,-30.0633],[30.5518,-30.0656],[30.5298,-30.0625],[30.524,-30.0573],[30.51,-30.0578]]]},"properties":{"tmax":40.02499962,"brucode":"Yb19","tmin":3.34999996,"bru_clean":"Yb19","tmean":19.4749999,"map":945.25}},
{"type":"Feature","geometry":{"type":"Polygon","coordinates":[[[30.1675,-30.0609],[30.1586,-30.0642],[30.1486,-30.0732],[30.1111,-30.0708],[30.1007,-30.0815],[30.0873,-30.1007],[30.0893,-30.1081],[30.1141,-30.1123],[30.1182,-30.1014],[30.1286,-30.0974],[30.1357,-30.1008],[30.1527,-30.0829],[30.1683,-30.0734],[30.1772,-30.0746],[30.1716,-30.061],[30.1675,-30.0609]]]},"properties":{"tmax":38.63333257,"brucode":"Wb22","tmin":-1.38333329,"bru_clean":"Wb22","tmean":17.70000013,"map":693.66666667}},
{"type":"Feature","geometry":{"type":"Polygon","coordinates":[[[30.2473,-30.1527],[30.2599,-30.1484],[30.2741,-30.1449],[30.2841,-30.1511],[30.2996,-30.1528],[30.307,-30.1466],[30.3171,-30.1474],[30.3212,-30.1364],[30.3312,-30.1254],[30.3282,-30.121],[30.3131,-30.1239],[30.3148,-30.1158],[30.3239,-30.1143],[30.3213,-30.0999],[30.3046,-30.091],[30.3051,-30.073],[30.2911,-30.078],[30.2822,-30.0758],[30.2725,-30.0824],[30.2687,-30.0755],[30.257,-30.0799],[30.265,-30.0863],[30.2626,-30.095],[30.2546,-30.1028],[30.2482,-30.1174],[30.2426,-30.1394],[30.2473,-30.1527]]]},"properties":{"tmax":39.2055556,"brucode":"Ub22","tmin":-0.64444445,"bru_clean":"Ub22","tmean":17.78333325,"map":617.88888889}},
{"type":"Feature","geometry":{"type":"Polygon","coordinates":[[[30.4769,-30.118],[30.4742,-30.1199],[30.468,-30.128],[30.4585,-30.1299],[30.4392,-30.1232],[30.4268,-30.1239],[30.4199,-30.1318],[30.406,-30.1289],[30.3917,-30.1306],[30.3741,-30.1275],[30.3702,-30.1232],[30.3719,-30.1116],[30.3826,-30.1188],[30.3877,-30.109],[30.3801,-30.1074],[30.3687,-30.1086],[30.3622,-30.0971],[30.3543,-30.095],[30.3343,-30.1094],[30.3446,-30.1189],[30.3397,-30.1273],[30.3282,-30.121],[30.3312,-30.1254],[30.3212,-30.1364],[30.3171,-30.1474],[30.307,-30.1466],[30.2996,-30.1528],[30.2944,-30.1734],[30.3088,-30.1804],[30.344,-30.186],[30.3622,-30.1835],[30.3654,-30.1905],[30.3771,-30.1892],[30.3908,-30.1838],[30.3937,-30.1899],[30.3931,-30.1962],[30.4019,-30.208],[30.4178,-30.1959],[30.4281,-30.2011],[30.4449,-30.195],[30.4561,-30.197],[30.4465,-30.1798],[30.4519,-30.1783],[30.4657,-30.1909],[30.4855,-30.1774],[30.4878,-30.1896],[30.496,-30.1922],[30.5056,-30.1885],[30.5077,-30.1707],[30.5262,-30.1809],[30.5275,-30.1638],[30.509,-30.1563],[30.5024,-30.1585],[30.4801,-30.1538],[30.4832,-30.1475],[30.4672,-30.1414],[30.4824,-30.1304],[30.4769,-30.118]]]},"properties":{"tmax":39.12340408,"brucode":"Wb23","tmin":0.65106383,"bru_clean":"Wb23","tmean":18.5340428,"map":749.52173913}},
{"type":"Feature","geometry":{"type":"Polygon","coordinates":[[[30.1659,-30.1089],[30.1446,-30.0966],[30.1357,-30.1008],[30.1286,-30.0974],[30.1182,-30.1014],[30.1141,-30.1123],[30.0873,-30.1275],[30.069,-30.1135],[30.0659,-30.1236],[30.0584,-30.1214],[30.0503,-30.1293],[30.038,-30.1277],[30.0286,-30.1136],[30.0218,-30.1111],[30.0352,-30.1401],[30.0445,-30.1425],[30.0487,-30.1598],[30.0557,-30.1561],[30.0657,-30.1634],[30.0661,-30.1808],[30.0592,-30.1897],[30.0579,-30.2013],[30.0649,-30.2033],[30.0774,-30.1996],[30.0794,-30.1791],[30.0828,-30.174],[30.1061,-30.168],[30.1004,-30.1595],[30.1015,-30.1505],[30.0924,-30.1508],[30.0968,-30.1393],[30.1159,-30.1444],[30.1226,-30.1429],[30.1221,-30.1243],[30.1316,-30.1237],[30.1369,-30.1135],[30.1509,-30.1171],[30.1599,-30.1147],[30.1659,-30.1089]]]},"properties":{"tmax":39.32777744,"brucode":"Wc40","tmin":-2.67222222,"bru_clean":"Wc40","tmean":17.54999987,"map":788.88235294}},
{"type":"Feature","geometry":{"type":"Polygon","coordinates":[[[30.3826,-30.1188],[30.3719,-30.1116],[30.3702,-30.1232],[30.3741,-30.1275],[30.3917,-30.1306],[30.406,-30.1289],[30.4199,-30.1318],[30.4268,-30.1239],[30.4392,-30.1232],[30.4585,-30.1299],[30.468,-30.128],[30.4742,-30.1199],[30.4573,-30.1235],[30.451,-30.1151],[30.4399,-30.1073],[30.4224,-30.1109],[30.412,-30.122],[30.393,-30.1235],[30.3826,-30.1188]]]},"properties":{"tmax":39.72500038,"brucode":"Vb24","tmin":1.42500001,"bru_clean":"Vb24","tmean":18.80000019,"map":865.25}},
{"type":"Feature","geometry":{"type":"Polygon","coordinates":[[[30.1291,-30.1573],[30.1425,-30.1553],[30.1628,-30.1396],[30.1527,-30.1323],[30.1674,-30.1245],[30.1752,-30.1243],[30.1599,-30.1147],[30.1509,-30.1171],[30.1369,-30.1135],[30.1316,-30.1237],[30.1221,-30.1243],[30.1226,-30.1429],[30.1159,-30.1444],[30.0968,-30.1393],[30.0924,-30.1508],[30.1015,-30.1505],[30.1004,-30.1595],[30.1061,-30.168],[30.1054,-30.1778],[30.1192,-30.1777],[30.1307,-30.1725],[30.1324,-30.1834],[30.1154,-30.2022],[30.1212,-30.2047],[30.1353,-30.1995],[30.1348,-30.1951],[30.1463,-30.1877],[30.1485,-30.1954],[30.1759,-30.188],[30.1713,-30.1778],[30.1595,-30.1679],[30.1635,-30.1611],[30.1723,-30.1621],[30.1759,-30.1499],[30.1633,-30.1495],[30.1515,-30.1538],[30.1487,-30.1635],[30.1346,-30.1657],[30.1291,-30.1573]]]},"properties":{"tmax":39.20000047,"brucode":"Ub21","tmin":-2.16153847,"bru_clean":"Ub21","tmean":17.66923068,"map":737.07692308}},
{"type":"Feature","geometry":{"type":"Polygon","coordinates":[[[30.1905,-30.1784],[30.1964,-30.1929],[30.2153,-30.1994],[30.2278,-30.1962],[30.2542,-30.1969],[30.2629,-30.2008],[30.268,-30.1934],[30.2571,-30.1839],[30.2469,-30.1884],[30.2388,-30.1839],[30.2203,-30.1914],[30.2226,-30.1802],[30.233,-30.181],[30.2415,-30.1762],[30.2506,-30.1787],[30.2571,-30.1695],[30.2717,-30.1851],[30.2708,-30.1672],[30.2616,-30.1607],[30.2599,-30.1484],[30.2473,-30.1527],[30.2402,-30.1528],[30.2275,-30.16],[30.2328,-30.1398],[30.2277,-30.1339],[30.2191,-30.1349],[30.2175,-30.1447],[30.2207,-30.1571],[30.2096,-30.1599],[30.2142,-30.17],[30.2073,-30.1732],[30.1977,-30.1641],[30.1865,-30.1662],[30.1905,-30.1784]]]},"properties":{"tmax":39.13999939,"brucode":"Vc30","tmin":-1.47999998,"bru_clean":"Vc30","tmean":17.89999962,"map":677.8}},
{"type":"Feature","geometry":{"type":"Polygon","coordinates":[[[30.3937,-30.1899],[30.3908,-30.1838],[30.3771,-30.1892],[30.3654,-30.1905],[30.3622,-30.1835],[30.344,-30.186],[30.3088,-30.1804],[30.2944,-30.1734],[30.2996,-30.1528],[30.2841,-30.1511],[30.2741,-30.1449],[30.2599,-30.1484],[30.2616,-30.1607],[30.2708,-30.1672],[30.2717,-30.1851],[30.2571,-30.1695],[30.2506,-30.1787],[30.2415,-30.1762],[30.233,-30.181],[30.2226,-30.1802],[30.2203,-30.1914],[30.2388,-30.1839],[30.2469,-30.1884],[30.2571,-30.1839],[30.268,-30.1934],[30.2629,-30.2008],[30.2542,-30.1969],[30.2278,-30.1962],[30.219,-30.2071],[30.2247,-30.2113],[30.2249,-30.2373],[30.2369,-30.2337],[30.2396,-30.2282],[30.2573,-30.2166],[30.2765,-30.2089],[30.2762,-30.2263],[30.2648,-30.2294],[30.2596,-30.238],[30.2694,-30.2401],[30.2729,-30.2329],[30.2923,-30.2221],[30.2891,-30.211],[30.2944,-30.1994],[30.3123,-30.2061],[30.302,-30.2159],[30.3032,-30.2239],[30.322,-30.2265],[30.3483,-30.2184],[30.344,-30.2134],[30.3497,-30.2056],[30.36,-30.2072],[30.3665,-30.2028],[30.3816,-30.2003],[30.3867,-30.2111],[30.3873,-30.1977],[30.3937,-30.1899]]]},"properties":{"tmax":39.20434753,"brucode":"Vb23","tmin":-0.89130435,"bru_clean":"Vb23","tmean":18.03913017,"map":726.30434783}},
{"type":"Feature","geometry":{"type":"Polygon","coordinates":[[[29.2473,-30.2498],[29.2457,-30.2342],[29.2389,-30.2167],[29.2283,-30.2098],[29.2116,-30.2086],[29.2065,-30.2178],[29.2023,-30.2424],[29.197,-30.2362],[29.1702,-30.2329],[29.1585,-30.2213],[29.1469,-30.2185],[29.1346,-30.2328],[29.1298,-30.2192],[29.1355,-30.2146],[29.1284,-30.2104],[29.123,-30.2026],[29.1233,-30.1963],[29.1404,-30.2028],[29.133,-30.1844],[29.1201,-30.1892],[29.113,-30.1875],[29.1028,-30.1762],[29.1138,-30.1905],[29.1103,-30.1993],[29.1136,-30.2098],[29.1189,-30.206],[29.1322,-30.2164],[29.1238,-30.2181],[29.123,-30.2228],[29.1304,-30.2272],[29.126,-30.2385],[29.1292,-30.2483],[29.1397,-30.2619],[29.1506,-30.257],[29.1525,-30.2575],[29.1655,-30.2524],[29.173,-30.2694],[29.1948,-30.2795],[29.202,-30.2918],[29.2266,-30.2972],[29.2365,-30.2892],[29.2399,-30.2818],[29.2315,-30.2691],[29.2379,-30.2674],[29.2473,-30.2498]]]},"properties":{"tmax":39.03478258,"brucode":"Ud3a","tmin":-12.2130433,"bru_clean":"Ud3","tmean":14.95652161,"map":725.95454546}},
{"type":"Feature","geometry":{"type":"Polygon","coordinates":[[[30.5065,-30.2522],[30.5006,-30.2506],[30.4645,-30.2528],[30.4511,-30.249],[30.4494,-30.2394],[30.4579,-30.2262],[30.4813,-30.2266],[30.4851,-30.217],[30.4758,-30.2121],[30.4795,-30.2038],[30.4776,-30.1947],[30.4609,-30.1965],[30.4515,-30.2013],[30.443,-30.1992],[30.4261,-30.2113],[30.4146,-30.2016],[30.4055,-30.2102],[30.3867,-30.2111],[30.3816,-30.2003],[30.3665,-30.2028],[30.36,-30.2072],[30.3497,-30.2056],[30.344,-30.2134],[30.3483,-30.2184],[30.322,-30.2265],[30.3176,-30.2383],[30.3002,-30.2406],[30.3036,-30.2472],[30.2953,-30.2565],[30.2847,-30.2509],[30.2839,-30.2622],[30.2932,-30.2763],[30.2991,-30.2728],[30.3152,-30.2769],[30.3232,-30.2841],[30.3191,-30.2971],[30.3071,-30.2973],[30.3002,-30.3087],[30.2878,-30.2886],[30.2787,-30.2823],[30.2729,-30.2943],[30.2664,-30.2917],[30.259,-30.3062],[30.2511,-30.2977],[30.2434,-30.283],[30.2335,-30.2844],[30.2364,-30.2946],[30.253,-30.308],[30.2513,-30.3233],[30.2567,-30.3274],[30.2629,-30.3187],[30.2773,-30.3109],[30.276,-30.3321],[30.2893,-30.3263],[30.2866,-30.3523],[30.2984,-30.3562],[30.2999,-30.3699],[30.2903,-30.3712],[30.2729,-30.3672],[30.2493,-30.349],[30.2355,-30.3503],[30.2315,-30.3639],[30.2208,-30.3671],[30.2252,-30.3764],[30.2256,-30.3921],[30.2127,-30.3948],[30.2189,-30.4082],[30.2264,-30.4032],[30.2323,-30.3904],[30.2428,-30.3891],[30.2369,-30.4015],[30.2414,-30.4045],[30.2306,-30.4295],[30.2392,-30.4318],[30.2358,-30.4449],[30.2413,-30.4558],[30.2585,-30.4511],[30.2725,-30.444],[30.2769,-30.4538],[30.291,-30.442],[30.3001,-30.4309],[30.3173,-30.4309],[30.3163,-30.4495],[30.3207,-30.4634],[30.3278,-30.4484],[30.3417,-30.4672],[30.354,-30.4667],[30.3502,-30.4494],[30.3506,-30.4377],[30.3648,-30.4463],[30.3728,-30.4397],[30.3885,-30.4471],[30.4092,-30.4366],[30.4169,-30.4359],[30.4252,-30.4267],[30.4377,-30.4313],[30.4457,-30.4232],[30.4401,-30.4161],[30.4441,-30.4055],[30.4297,-30.3984],[30.4096,-30.3936],[30.4096,-30.3812],[30.3933,-30.3777],[30.3775,-30.3797],[30.371,-30.3848],[30.36,-30.3841],[30.3496,-30.3766],[30.3626,-30.3713],[30.3625,-30.3597],[30.3503,-30.3509],[30.3522,-30.3401],[30.3683,-30.3431],[30.3691,-30.3365],[30.3853,-30.3402],[30.3941,-30.3391],[30.3847,-30.3273],[30.3975,-30.3206],[30.3915,-30.3093],[30.4053,-30.3089],[30.4046,-30.297],[30.3932,-30.3003],[30.387,-30.2969],[30.3656,-30.2927],[30.3764,-30.2844],[30.369,-30.2745],[30.3713,-30.2556],[30.3855,-30.2526],[30.3974,-30.2552],[30.4252,-30.2568],[30.4331,-30.2684],[30.4445,-30.2743],[30.4571,-30.2729],[30.4855,-30.2623],[30.4916,-30.2551],[30.5063,-30.261],[30.51,-30.2539],[30.5065,-30.2522]]]},"properties":{"tmax":36.69090892,"brucode":"Wb24","tmin":0.85537189,"bru_clean":"Wb24","tmean":18.21487602,"map":835.09836066}},
{"type":"Feature","geometry":{"type":"Polygon","coordinates":[[[30.2004,-30.2056],[30.1875,-30.2028],[30.19,-30.2197],[30.1664,-30.2182],[30.1517,-30.2252],[30.1429,-30.2382],[30.1441,-30.2446],[30.1609,-30.23],[30.1693,-30.2307],[30.1617,-30.2425],[30.1662,-30.2525],[30.185,-30.2521],[30.1841,-30.2619],[30.1958,-30.2739],[30.2057,-30.274],[30.2172,-30.2682],[30.2162,-30.2579],[30.22,-30.2485],[30.2131,-30.2311],[30.2208,-30.2191],[30.2095,-30.2048],[30.2044,-30.2124],[30.2083,-30.2218],[30.2032,-30.2326],[30.2082,-30.2443],[30.1991,-30.2436],[30.1953,-30.2319],[30.2004,-30.2056]]]},"properties":{"tmax":39.31818217,"brucode":"UVc12","tmin":-2.19090908,"bru_clean":"UVc12","tmean":17.7363635,"map":725.90909091}},
{"type":"Feature","geometry":{"type":"MultiPolygon","coordinates":[[[[29.2379,-30.2674],[29.2622,-30.2784],[29.2661,-30.2823],[29.2703,-30.275],[29.2918,-30.2733],[29.2946,-30.2584],[29.3059,-30.2539],[29.3102,-30.2476],[29.3219,-30.2415],[29.3176,-30.2335],[29.3086,-30.2336],[29.2972,-30.2446],[29.2812,-30.248],[29.2807,-30.233],[29.2955,-30.2165],[29.2939,-30.2094],[29.2793,-30.2116],[29.27,-30.2292],[29.2717,-30.24],[29.2613,-30.246],[29.2473,-30.2498],[29.2379,-30.2674]]],[[[29.2266,-30.2972],[29.2334,-30.3063],[29.2547,-30.3048],[29.2399,-30.2818],[29.2365,-30.2892],[29.2266,-30.2972]]]]},"properties":{"tmax":37.33000031,"brucode":"TUd3","tmin":-11.14000006,"bru_clean":"TUd3","tmean":14.71000013,"map":693.9}},
{"type":"Feature","geometry":{"type":"MultiPolygon","coordinates":[[[[29.2661,-30.2823],[29.2972,-30.315],[29.3141,-30.3102],[29.3245,-30.3042],[29.3295,-30.2978],[29.3259,-30.2911],[29.335,-30.2636],[29.336,-30.251],[29.3219,-30.2415],[29.3102,-30.2476],[29.3059,-30.2539],[29.2946,-30.2584],[29.2918,-30.2733],[29.2703,-30.275],[29.2661,-30.2823]]],[[[29.1948,-30.4697],[29.2056,-30.4706],[29.2164,-30.4601],[29.2257,-30.459],[29.235,-30.4512],[29.2264,-30.4342],[29.2137,-30.4241],[29.1968,-30.4344],[29.1984,-30.4623],[29.1948,-30.4697]]],[[[29.2445,-30.406],[29.2432,-30.4039],[29.2325,-30.4078],[29.2442,-30.4076],[29.2445,-30.406]]]]},"properties":{"tmax":36.39999975,"brucode":"Ud4","tmin":-9.80666663,"bru_clean":"Ud4","tmean":13.91999995,"map":686}},
{"type":"Feature","geometry":{"type":"Polygon","coordinates":[[[29.1525,-30.2575],[29.1632,-30.2737],[29.1579,-30.2771],[29.1825,-30.2868],[29.1952,-30.2903],[29.202,-30.2918],[29.1948,-30.2795],[29.173,-30.2694],[29.1655,-30.2524],[29.1525,-30.2575]]]},"properties":{"tmax":39.19999886,"brucode":"Sd1","tmin":-12.14999962,"bru_clean":"Sd1","tmean":15,"map":688.5}},
{"type":"Feature","geometry":{"type":"Polygon","coordinates":[[[30.6173,-30.2608],[30.5759,-30.2562],[30.5698,-30.258],[30.551,-30.2561],[30.5309,-30.2619],[30.5185,-30.2599],[30.51,-30.2539],[30.5063,-30.261],[30.4916,-30.2551],[30.4855,-30.2623],[30.4571,-30.2729],[30.4445,-30.2743],[30.4331,-30.2684],[30.4252,-30.2568],[30.3974,-30.2552],[30.3855,-30.2526],[30.3713,-30.2556],[30.381,-30.2614],[30.388,-30.2758],[30.3948,-30.2805],[30.4042,-30.2794],[30.4004,-30.2643],[30.4228,-30.2659],[30.4317,-30.2798],[30.4327,-30.3129],[30.4415,-30.3166],[30.4568,-30.314],[30.4607,-30.3201],[30.472,-30.317],[30.4783,-30.3252],[30.4875,-30.3298],[30.4876,-30.3476],[30.4777,-30.3536],[30.4797,-30.3623],[30.4902,-30.3626],[30.4961,-30.3552],[30.5047,-30.3617],[30.511,-30.351],[30.5066,-30.3316],[30.5202,-30.3298],[30.5306,-30.3317],[30.5321,-30.3238],[30.5408,-30.324],[30.5365,-30.3087],[30.5549,-30.2966],[30.5582,-30.2779],[30.565,-30.2616],[30.5936,-30.2669],[30.5987,-30.2721],[30.6125,-30.2708],[30.6173,-30.2608]]]},"properties":{"tmax":36.65749989,"brucode":"Yb20a","tmin":0.9,"bru_clean":"Yb20","tmean":18.57000008,"map":861.45}},
{"type":"Feature","geometry":{"type":"Polygon","coordinates":[[[30.3941,-30.3391],[30.4057,-30.3436],[30.4121,-30.3561],[30.4209,-30.3555],[30.4303,-30.3544],[30.443,-30.348],[30.4584,-30.3488],[30.4744,-30.3426],[30.4798,-30.332],[30.4686,-30.3253],[30.4534,-30.3301],[30.4429,-30.3302],[30.4379,-30.3228],[30.4257,-30.327],[30.4214,-30.3183],[30.4327,-30.3129],[30.4317,-30.2798],[30.4228,-30.2659],[30.4004,-30.2643],[30.4042,-30.2794],[30.3948,-30.2805],[30.388,-30.2758],[30.381,-30.2614],[30.3713,-30.2556],[30.369,-30.2745],[30.3764,-30.2844],[30.3656,-30.2927],[30.387,-30.2969],[30.3932,-30.3003],[30.4046,-30.297],[30.4053,-30.3089],[30.3915,-30.3093],[30.3975,-30.3206],[30.3847,-30.3273],[30.3941,-30.3391]]]},"properties":{"tmax":36.60714286,"brucode":"Xb12","tmin":0.14285715,"bru_clean":"Xb12","tmean":18.01428563,"map":810.64285714}},
{"type":"Feature","geometry":{"type":"MultiPolygon","coordinates":[[[[29.2972,-30.315],[29.3019,-30.3201],[29.2987,-30.3343],[29.2923,-30.3449],[29.3004,-30.3506],[29.3,-30.3583],[29.303,-30.3711],[29.3204,-30.3817],[29.3104,-30.3975],[29.2981,-30.3916],[29.2985,-30.4021],[29.2837,-30.4064],[29.2836,-30.3774],[29.2771,-30.3762],[29.2824,-30.3957],[29.2749,-30.3973],[29.2727,-30.4118],[29.2843,-30.4101],[29.3077,-30.4135],[29.312,-30.4074],[29.3204,-30.3966],[29.3378,-30.3858],[29.343,-30.3882],[29.3477,-30.38],[29.3352,-30.3782],[29.3244,-30.3633],[29.322,-30.3555],[29.3097,-30.3543],[29.3037,-30.3386],[29.3151,-30.336],[29.3182,-30.3205],[29.3259,-30.3211],[29.3303,-30.3097],[29.3245,-30.3042],[29.3141,-30.3102],[29.2972,-30.315]]],[[[29.2558,-30.4013],[29.2612,-30.4092],[29.2715,-30.398],[29.2558,-30.4013]]]]},"properties":{"tmax":35.5727272,"brucode":"Ye8","tmin":-10.20000016,"bru_clean":"Ye8","tmean":12.92727271,"map":724.90909091}},
{"type":"Feature","geometry":{"type":"Polygon","coordinates":[[[30.2567,-30.3274],[30.2402,-30.3298],[30.2301,-30.3159],[30.2361,-30.3067],[30.2272,-30.3048],[30.2166,-30.3081],[30.2086,-30.3166],[30.2107,-30.3288],[30.2088,-30.3326],[30.2315,-30.3639],[30.2355,-30.3503],[30.2493,-30.349],[30.2729,-30.3672],[30.2903,-30.3712],[30.2999,-30.3699],[30.2984,-30.3562],[30.2866,-30.3523],[30.2893,-30.3263],[30.276,-30.3321],[30.2773,-30.3109],[30.2629,-30.3187],[30.2567,-30.3274]]]},"properties":{"tmax":37.65999947,"brucode":"Xc18","tmin":-0.85999999,"bru_clean":"Xc18","tmean":18.1,"map":810.5}},
{"type":"Feature","geometry":{"type":"Polygon","coordinates":[[[30.5047,-30.3617],[30.4961,-30.3552],[30.4902,-30.3626],[30.4797,-30.3623],[30.4777,-30.3536],[30.4876,-30.3476],[30.4875,-30.3298],[30.4783,-30.3252],[30.472,-30.317],[30.4607,-30.3201],[30.4568,-30.314],[30.4415,-30.3166],[30.4327,-30.3129],[30.4214,-30.3183],[30.4257,-30.327],[30.4379,-30.3228],[30.4429,-30.3302],[30.4534,-30.3301],[30.4686,-30.3253],[30.4798,-30.332],[30.4744,-30.3426],[30.4584,-30.3488],[30.443,-30.348],[30.4303,-30.3544],[30.4209,-30.3555],[30.4191,-30.3639],[30.4288,-30.3721],[30.4493,-30.3747],[30.4646,-30.3672],[30.4857,-30.3812],[30.5057,-30.3771],[30.5047,-30.3617]]]},"properties":{"tmax":37.00909077,"brucode":"Xa2","tmin":-0.71818181,"bru_clean":"Xa2","tmean":18.44545451,"map":892}},
{"type":"Feature","geometry":{"type":"Polygon","coordinates":[[[29.3097,-30.3543],[29.3248,-30.3484],[29.3333,-30.3419],[29.3494,-30.3475],[29.3477,-30.3541],[29.3303,-30.3602],[29.3377,-30.372],[29.3614,-30.3727],[29.3767,-30.3643],[29.3762,-30.3549],[29.3843,-30.3438],[29.3841,-30.3383],[29.347,-30.3289],[29.3482,-30.3185],[29.3375,-30.3196],[29.3303,-30.3097],[29.3259,-30.3211],[29.3182,-30.3205],[29.3151,-30.336],[29.3037,-30.3386],[29.3097,-30.3543]]]},"properties":{"tmax":36.04285703,"brucode":"Vd10","tmin":-9.40000003,"bru_clean":"Vd10","tmean":13.5,"map":693.57142857}},
{"type":"Feature","geometry":{"type":"Polygon","coordinates":[[[30.4964,-30.4211],[30.4712,-30.4005],[30.4694,-30.3844],[30.4493,-30.3747],[30.4288,-30.3721],[30.4191,-30.3639],[30.4209,-30.3555],[30.4121,-30.3561],[30.4057,-30.3436],[30.3941,-30.3391],[30.3853,-30.3402],[30.3691,-30.3365],[30.3683,-30.3431],[30.3522,-30.3401],[30.3503,-30.3509],[30.3625,-30.3597],[30.3626,-30.3713],[30.3496,-30.3766],[30.36,-30.3841],[30.371,-30.3848],[30.3775,-30.3797],[30.3933,-30.3777],[30.4096,-30.3812],[30.4096,-30.3936],[30.4297,-30.3984],[30.4441,-30.4055],[30.4401,-30.4161],[30.4457,-30.4232],[30.4377,-30.4313],[30.4252,-30.4267],[30.4169,-30.4359],[30.4092,-30.4366],[30.3885,-30.4471],[30.3728,-30.4397],[30.3648,-30.4463],[30.3506,-30.4377],[30.3502,-30.4494],[30.354,-30.4667],[30.3417,-30.4672],[30.3278,-30.4484],[30.3207,-30.4634],[30.3163,-30.4495],[30.3173,-30.4309],[30.3001,-30.4309],[30.291,-30.442],[30.2769,-30.4538],[30.2806,-30.463],[30.2895,-30.4707],[30.3022,-30.4661],[30.3078,-30.4729],[30.3232,-30.4734],[30.3212,-30.4903],[30.3287,-30.5004],[30.3227,-30.5041],[30.325,-30.5124],[30.3381,-30.5169],[30.334,-30.5272],[30.3466,-30.5296],[30.3617,-30.5073],[30.3663,-30.5077],[30.3719,-30.5046],[30.3785,-30.4891],[30.3718,-30.4752],[30.3736,-30.4664],[30.3875,-30.4663],[30.3996,-30.472],[30.4028,-30.4627],[30.4178,-30.4538],[30.4358,-30.4597],[30.4627,-30.4511],[30.4719,-30.4522],[30.482,-30.463],[30.4964,-30.4532],[30.5188,-30.4514],[30.5311,-30.4439],[30.5278,-30.4313],[30.5176,-30.4284],[30.5117,-30.4318],[30.4991,-30.4272],[30.4964,-30.4211]]]},"properties":{"tmax":36.1877552,"brucode":"Wa11","tmin":2.48367347,"bru_clean":"Wa11","tmean":18.89183671,"map":914.48979592}},
{"type":"Feature","geometry":{"type":"Polygon","coordinates":[[[30.2315,-30.3639],[30.2088,-30.3326],[30.2107,-30.3288],[30.2021,-30.3352],[30.199,-30.3459],[30.2097,-30.3561],[30.2107,-30.3679],[30.1994,-30.367],[30.1937,-30.3605],[30.1869,-30.3625],[30.1781,-30.3722],[30.1809,-30.3972],[30.1941,-30.3949],[30.1857,-30.4112],[30.1947,-30.4126],[30.203,-30.4223],[30.1878,-30.4239],[30.1949,-30.4332],[30.1992,-30.4516],[30.2067,-30.4534],[30.2157,-30.4421],[30.2099,-30.4375],[30.2155,-30.4253],[30.2103,-30.4165],[30.2189,-30.4082],[30.2127,-30.3948],[30.2256,-30.3921],[30.2252,-30.3764],[30.2208,-30.3671],[30.2315,-30.3639]]]},"properties":{"tmax":37.68823511,"brucode":"WXb1b","tmin":0.73529412,"bru_clean":"WXb1","tmean":18.55294115,"map":793.4375}},
{"type":"Feature","geometry":{"type":"MultiPolygon","coordinates":[[[[29.303,-30.3711],[29.305,-30.3799],[29.2836,-30.3774],[29.2837,-30.4064],[29.2985,-30.4021],[29.2981,-30.3916],[29.3104,-30.3975],[29.3204,-30.3817],[29.303,-30.3711]]],[[[29.2923,-30.3449],[29.3,-30.3583],[29.3004,-30.3506],[29.2923,-30.3449]]]]},"properties":{"tmax":35.40000025,"brucode":"Yf4","tmin":-10.46666654,"bru_clean":"Yf4","tmean":12.69999981,"map":736}},
{"type":"Feature","geometry":{"type":"Polygon","coordinates":[[[30.5057,-30.3771],[30.4857,-30.3812],[30.4646,-30.3672],[30.4493,-30.3747],[30.4694,-30.3844],[30.4712,-30.4005],[30.4964,-30.4211],[30.5037,-30.4167],[30.5173,-30.4178],[30.5251,-30.4111],[30.5288,-30.3859],[30.5189,-30.385],[30.5057,-30.3771]]]},"properties":{"tmax":36.65749989,"brucode":"Yb20b","tmin":0.9,"bru_clean":"Yb20","tmean":18.57000008,"map":861.45}},
{"type":"Feature","geometry":{"type":"Polygon","coordinates":[[[30.2189,-30.4082],[30.2103,-30.4165],[30.2155,-30.4253],[30.2099,-30.4375],[30.2157,-30.4421],[30.2067,-30.4534],[30.1992,-30.4516],[30.1949,-30.4332],[30.1878,-30.4239],[30.1783,-30.4289],[30.1748,-30.4438],[30.1799,-30.4551],[30.1809,-30.4697],[30.1598,-30.4681],[30.1575,-30.4796],[30.1686,-30.4868],[30.1934,-30.4764],[30.1988,-30.4877],[30.1952,-30.5032],[30.209,-30.5105],[30.2021,-30.5266],[30.2186,-30.5336],[30.2345,-30.5341],[30.2392,-30.5302],[30.2447,-30.5259],[30.2309,-30.5215],[30.2361,-30.5088],[30.2365,-30.4981],[30.2474,-30.4956],[30.2551,-30.4849],[30.2391,-30.4773],[30.2304,-30.4811],[30.2137,-30.4771],[30.2018,-30.4658],[30.2207,-30.4646],[30.2258,-30.456],[30.2413,-30.4558],[30.2358,-30.4449],[30.2392,-30.4318],[30.2306,-30.4295],[30.2414,-30.4045],[30.2369,-30.4015],[30.2428,-30.3891],[30.2323,-30.3904],[30.2264,-30.4032],[30.2189,-30.4082]]]},"properties":{"tmax":37.88518524,"brucode":"Ub23a","tmin":2.19629628,"bru_clean":"Ub23","tmean":18.78888879,"map":852.96153846}},
{"type":"Feature","geometry":{"type":"Polygon","coordinates":[[[29.312,-30.4074],[29.3169,-30.4159],[29.3317,-30.4206],[29.3529,-30.431],[29.3682,-30.4406],[29.3664,-30.4532],[29.3522,-30.4623],[29.3548,-30.4695],[29.3702,-30.4739],[29.3827,-30.4686],[29.393,-30.4683],[29.404,-30.4749],[29.4046,-30.4578],[29.4096,-30.4482],[29.3914,-30.4419],[29.386,-30.4353],[29.3738,-30.4334],[29.3709,-30.4283],[29.3734,-30.4164],[29.3694,-30.4101],[29.3588,-30.4113],[29.3504,-30.4169],[29.3431,-30.4064],[29.3346,-30.4057],[29.3316,-30.3966],[29.3432,-30.3935],[29.343,-30.3882],[29.3378,-30.3858],[29.3204,-30.3966],[29.312,-30.4074]]]},"properties":{"tmax":35.95555496,"brucode":"Yd25","tmin":-9.35555532,"bru_clean":"Yd25","tmean":13.49999989,"map":805.25}},
{"type":"Feature","geometry":{"type":"Polygon","coordinates":[[[29.2445,-30.406],[29.2549,-30.4074],[29.277,-30.424],[29.3057,-30.4279],[29.3135,-30.4214],[29.3341,-30.4324],[29.345,-30.4356],[29.3378,-30.4429],[29.3131,-30.4471],[29.3109,-30.4533],[29.3193,-30.4618],[29.3157,-30.4805],[29.3155,-30.495],[29.3276,-30.4943],[29.3428,-30.4806],[29.346,-30.4734],[29.3652,-30.4842],[29.3655,-30.4928],[29.3604,-30.5024],[29.3656,-30.5088],[29.361,-30.5179],[29.3691,-30.5412],[29.3752,-30.5452],[29.3946,-30.5451],[29.4043,-30.5279],[29.3972,-30.5119],[29.3814,-30.4971],[29.3816,-30.4882],[29.3905,-30.4873],[29.4078,-30.5054],[29.4139,-30.4944],[29.4224,-30.494],[29.425,-30.5033],[29.444,-30.518],[29.4485,-30.5136],[29.4491,-30.5015],[29.4568,-30.488],[29.4586,-30.475],[29.4356,-30.4622],[29.4355,-30.4515],[29.4096,-30.4482],[29.4046,-30.4578],[29.4289,-30.4718],[29.442,-30.4774],[29.436,-30.4829],[29.4153,-30.4808],[29.404,-30.4749],[29.393,-30.4683],[29.3827,-30.4686],[29.3702,-30.4739],[29.3548,-30.4695],[29.3522,-30.4623],[29.3664,-30.4532],[29.3682,-30.4406],[29.3529,-30.431],[29.3317,-30.4206],[29.3169,-30.4159],[29.312,-30.4074],[29.3077,-30.4135],[29.2843,-30.4101],[29.2727,-30.4118],[29.2749,-30.3973],[29.2715,-30.398],[29.2612,-30.4092],[29.2558,-30.4013],[29.2548,-30.4015],[29.2462,-30.4033],[29.2432,-30.4039],[29.2445,-30.406]]]},"properties":{"tmax":36.35200012,"brucode":"WXd5","tmin":-8.70800003,"bru_clean":"WXd5","tmean":13.85599995,"map":753.56}},
{"type":"Feature","geometry":{"type":"Polygon","coordinates":[[[29.2442,-30.4076],[29.2577,-30.4188],[29.2785,-30.4301],[29.2809,-30.4397],[29.2991,-30.4405],[29.2963,-30.4536],[29.2856,-30.4731],[29.2687,-30.4682],[29.2787,-30.4901],[29.2561,-30.4897],[29.2502,-30.4858],[29.2263,-30.4926],[29.2242,-30.4835],[29.2118,-30.4954],[29.2177,-30.4994],[29.2062,-30.512],[29.192,-30.5204],[29.186,-30.5125],[29.1757,-30.5171],[29.1833,-30.5237],[29.1729,-30.5377],[29.1831,-30.556],[29.1947,-30.56],[29.1987,-30.5736],[29.1935,-30.5964],[29.1847,-30.6011],[29.1834,-30.6109],[29.2123,-30.6125],[29.2124,-30.6037],[29.2245,-30.6043],[29.2276,-30.5944],[29.2401,-30.5862],[29.2509,-30.5792],[29.2538,-30.5702],[29.2706,-30.5761],[29.2998,-30.5565],[29.3157,-30.5647],[29.3093,-30.5431],[29.3023,-30.5337],[29.29,-30.5245],[29.2981,-30.5059],[29.2918,-30.505],[29.2825,-30.4952],[29.2919,-30.4902],[29.3155,-30.495],[29.3157,-30.4805],[29.3193,-30.4618],[29.3109,-30.4533],[29.3131,-30.4471],[29.3378,-30.4429],[29.345,-30.4356],[29.3341,-30.4324],[29.3135,-30.4214],[29.3057,-30.4279],[29.277,-30.424],[29.2549,-30.4074],[29.2445,-30.406],[29.2442,-30.4076]]]},"properties":{"tmax":36.58085113,"brucode":"Vd9","tmin":-8.63829794,"bru_clean":"Vd9","tmean":14.12340424,"map":729.82978723}},
{"type":"Feature","geometry":{"type":"Polygon","coordinates":[[[29.1881,-30.4837],[29.1773,-30.5157],[29.1504,-30.5104],[29.1417,-30.5308],[29.1458,-30.5312],[29.1465,-30.5321],[29.1509,-30.521],[29.1641,-30.5157],[29.1757,-30.5171],[29.186,-30.5125],[29.192,-30.5204],[29.2062,-30.512],[29.2177,-30.4994],[29.2118,-30.4954],[29.2242,-30.4835],[29.2263,-30.4926],[29.2502,-30.4858],[29.2561,-30.4897],[29.2787,-30.4901],[29.2687,-30.4682],[29.2856,-30.4731],[29.2963,-30.4536],[29.2991,-30.4405],[29.2809,-30.4397],[29.2785,-30.4301],[29.2577,-30.4188],[29.2442,-30.4076],[29.2325,-30.4078],[29.2284,-30.41],[29.234,-30.4204],[29.2412,-30.4139],[29.2541,-30.4218],[29.2604,-30.436],[29.2605,-30.4444],[29.2438,-30.4425],[29.2372,-30.4383],[29.2333,-30.4286],[29.2252,-30.4272],[29.2205,-30.4224],[29.2187,-30.4213],[29.2179,-30.4216],[29.2137,-30.4241],[29.2264,-30.4342],[29.235,-30.4512],[29.2257,-30.459],[29.2164,-30.4601],[29.2056,-30.4706],[29.1948,-30.4697],[29.1884,-30.4831],[29.1881,-30.4837]]]},"properties":{"tmax":36.35454559,"brucode":"Wd15","tmin":-9.159091,"bru_clean":"Wd15","tmean":13.80909096,"map":752.86363636}},
{"type":"Feature","geometry":{"type":"Polygon","coordinates":[[[29.4096,-30.4482],[29.4355,-30.4515],[29.4349,-30.4405],[29.418,-30.4416],[29.3979,-30.4296],[29.4017,-30.4206],[29.3953,-30.414],[29.3833,-30.4153],[29.3694,-30.4101],[29.3734,-30.4164],[29.3709,-30.4283],[29.3738,-30.4334],[29.386,-30.4353],[29.3914,-30.4419],[29.4096,-30.4482]]]},"properties":{"tmax":35.89999924,"brucode":"Ye9a","tmin":-9.44000015,"bru_clean":"Ye9","tmean":13.32000027,"map":778}},
{"type":"Feature","geometry":{"type":"Polygon","coordinates":[[[29.2284,-30.41],[29.2273,-30.4263],[29.2205,-30.4224],[29.2252,-30.4272],[29.2333,-30.4286],[29.2372,-30.4383],[29.2438,-30.4425],[29.2605,-30.4444],[29.2604,-30.436],[29.2541,-30.4218],[29.2412,-30.4139],[29.234,-30.4204],[29.2284,-30.41]]]},"properties":{"tmax":35.85000038,"brucode":"Xe5","tmin":-9.75,"bru_clean":"Xe5","tmean":13.19999981,"map":789.5}},
{"type":"Feature","geometry":{"type":"Polygon","coordinates":[[[29.1519,-30.5605],[29.1153,-30.5796],[29.1238,-30.5871],[29.146,-30.5952],[29.1368,-30.6027],[29.1642,-30.6112],[29.1713,-30.6027],[29.1829,-30.6001],[29.1807,-30.5964],[29.1541,-30.5862],[29.149,-30.573],[29.1519,-30.5605]]]},"properties":{"tmax":36.72000046,"brucode":"WXd4","tmin":-8.7,"bru_clean":"WXd4","tmean":14.27999992,"map":763.6}},
{"type":"Feature","geometry":{"type":"Polygon","coordinates":[[[30.2413,-30.4558],[30.2258,-30.456],[30.2207,-30.4646],[30.2018,-30.4658],[30.2137,-30.4771],[30.2304,-30.4811],[30.2391,-30.4773],[30.2551,-30.4849],[30.2474,-30.4956],[30.2365,-30.4981],[30.2361,-30.5088],[30.2309,-30.5215],[30.2447,-30.5259],[30.2582,-30.5203],[30.2768,-30.5351],[30.2848,-30.5252],[30.3152,-30.5293],[30.315,-30.5397],[30.3102,-30.5512],[30.3259,-30.5542],[30.3324,-30.5467],[30.3442,-30.5359],[30.3466,-30.5296],[30.334,-30.5272],[30.3381,-30.5169],[30.325,-30.5124],[30.3227,-30.5041],[30.3287,-30.5004],[30.3212,-30.4903],[30.3232,-30.4734],[30.3078,-30.4729],[30.3022,-30.4661],[30.2895,-30.4707],[30.2806,-30.463],[30.2769,-30.4538],[30.2725,-30.444],[30.2585,-30.4511],[30.2413,-30.4558]]]},"properties":{"tmax":35.97037026,"brucode":"VWa7","tmin":3.57777779,"bru_clean":"VWa7","tmean":19.0444444,"map":867.88888889}},
{"type":"Feature","geometry":{"type":"Polygon","coordinates":[[[30.4358,-30.4597],[30.4178,-30.4538],[30.4028,-30.4627],[30.3996,-30.472],[30.3875,-30.4663],[30.3736,-30.4664],[30.3718,-30.4752],[30.3785,-30.4891],[30.3719,-30.5046],[30.3663,-30.5077],[30.3811,-30.534],[30.39,-30.525],[30.4068,-30.5249],[30.421,-30.5046],[30.413,-30.4804],[30.4176,-30.4791],[30.4358,-30.4597]]]},"properties":{"tmax":35.50909112,"brucode":"Yb21","tmin":4.08181815,"bru_clean":"Yb21","tmean":19.10000003,"map":924.36363636}},
{"type":"Feature","geometry":{"type":"Polygon","coordinates":[[[29.404,-30.4749],[29.4153,-30.4808],[29.436,-30.4829],[29.442,-30.4774],[29.4289,-30.4718],[29.4046,-30.4578],[29.404,-30.4749]]]},"properties":{"tmax":35.89999924,"brucode":"Ye9b","tmin":-9.44000015,"bru_clean":"Ye9","tmean":13.32000027,"map":778}},
{"type":"Feature","geometry":{"type":"Polygon","coordinates":[[[30.1575,-30.4796],[30.1566,-30.4854],[30.1765,-30.4959],[30.1728,-30.5046],[30.1761,-30.5231],[30.2114,-30.5347],[30.2081,-30.5457],[30.1965,-30.5461],[30.1919,-30.5709],[30.1948,-30.5846],[30.1994,-30.5785],[30.2041,-30.5558],[30.2116,-30.5543],[30.2157,-30.541],[30.2228,-30.5452],[30.2345,-30.5341],[30.2186,-30.5336],[30.2021,-30.5266],[30.209,-30.5105],[30.1952,-30.5032],[30.1988,-30.4877],[30.1934,-30.4764],[30.1686,-30.4868],[30.1575,-30.4796]]]},"properties":{"tmax":37.93333308,"brucode":"Wb25","tmin":2.19999999,"bru_clean":"Wb25","tmean":18.77777799,"map":851.11111111}},
{"type":"Feature","geometry":{"type":"Polygon","coordinates":[[[30.3811,-30.534],[30.3663,-30.5077],[30.3617,-30.5073],[30.3466,-30.5296],[30.3442,-30.5359],[30.3324,-30.5467],[30.3433,-30.5495],[30.3522,-30.5567],[30.3612,-30.5538],[30.367,-30.5641],[30.3763,-30.5643],[30.3847,-30.5768],[30.3882,-30.5915],[30.3785,-30.6063],[30.3692,-30.6053],[30.3583,-30.5941],[30.3545,-30.5829],[30.3445,-30.5772],[30.3323,-30.5869],[30.317,-30.5785],[30.3192,-30.5703],[30.3138,-30.5647],[30.2951,-30.5656],[30.3007,-30.5536],[30.3102,-30.5512],[30.315,-30.5397],[30.3074,-30.5437],[30.2435,-30.548],[30.2542,-30.5639],[30.2695,-30.5627],[30.2777,-30.5579],[30.2901,-30.5618],[30.2859,-30.5682],[30.2983,-30.571],[30.3051,-30.582],[30.3146,-30.5817],[30.3334,-30.6073],[30.3523,-30.61],[30.3523,-30.6186],[30.3594,-30.6397],[30.3644,-30.6479],[30.3783,-30.6516],[30.3854,-30.642],[30.3955,-30.6344],[30.4036,-30.6425],[30.4167,-30.6324],[30.4138,-30.6219],[30.4145,-30.6],[30.4274,-30.6018],[30.4421,-30.5913],[30.4524,-30.5937],[30.4596,-30.6009],[30.4834,-30.5946],[30.4939,-30.5897],[30.4857,-30.582],[30.4794,-30.5912],[30.4709,-30.5823],[30.4368,-30.5746],[30.4333,-30.5646],[30.4434,-30.5619],[30.4436,-30.5486],[30.4269,-30.5481],[30.4075,-30.5363],[30.4007,-30.5391],[30.3811,-30.534]]]},"properties":{"tmax":36.2,"brucode":"Wa12","tmin":5.05142858,"bru_clean":"Wa12","tmean":19.86285716,"map":891.64705882}},
{"type":"Feature","geometry":{"type":"Polygon","coordinates":[[[29.1757,-30.5171],[29.1641,-30.5157],[29.1509,-30.521],[29.1465,-30.5321],[29.148,-30.542],[29.1577,-30.5539],[29.1664,-30.5414],[29.1731,-30.5528],[29.162,-30.5601],[29.1519,-30.5605],[29.149,-30.573],[29.1541,-30.5862],[29.1807,-30.5964],[29.1829,-30.6001],[29.1847,-30.6011],[29.1935,-30.5964],[29.1987,-30.5736],[29.1947,-30.56],[29.1831,-30.556],[29.1729,-30.5377],[29.1833,-30.5237],[29.1757,-30.5171]]]},"properties":{"tmax":36.87500095,"brucode":"Vc28","tmin":-8.23750007,"bru_clean":"Vc28","tmean":14.48749995,"map":706.875}},
{"type":"Feature","geometry":{"type":"Polygon","coordinates":[[[30.2392,-30.5302],[30.2435,-30.548],[30.3074,-30.5437],[30.315,-30.5397],[30.3152,-30.5293],[30.2848,-30.5252],[30.2768,-30.5351],[30.2582,-30.5203],[30.2447,-30.5259],[30.2392,-30.5302]]]},"properties":{"tmax":35.97999954,"brucode":"Xb13","tmin":3.01999998,"bru_clean":"Xb13","tmean":18.75999947,"map":844.2}},
{"type":"Feature","geometry":{"type":"Polygon","coordinates":[[[30.2345,-30.5341],[30.2228,-30.5452],[30.2157,-30.541],[30.2116,-30.5543],[30.2041,-30.5558],[30.1994,-30.5785],[30.1948,-30.5846],[30.1892,-30.5891],[30.1936,-30.6054],[30.1992,-30.6096],[30.199,-30.6184],[30.2057,-30.6269],[30.2099,-30.6437],[30.2072,-30.653],[30.2386,-30.6461],[30.2483,-30.639],[30.2358,-30.6307],[30.2303,-30.6215],[30.2336,-30.606],[30.2426,-30.598],[30.2428,-30.6142],[30.2492,-30.6175],[30.2611,-30.6163],[30.2705,-30.6233],[30.2799,-30.6385],[30.2919,-30.6361],[30.3104,-30.6217],[30.3183,-30.619],[30.3371,-30.624],[30.344,-30.6428],[30.3594,-30.6397],[30.3523,-30.6186],[30.3523,-30.61],[30.3334,-30.6073],[30.3146,-30.5817],[30.3051,-30.582],[30.2983,-30.571],[30.2859,-30.5682],[30.2901,-30.5618],[30.2777,-30.5579],[30.2695,-30.5627],[30.2542,-30.5639],[30.2435,-30.548],[30.2392,-30.5302],[30.2345,-30.5341]]]},"properties":{"tmax":36.81739111,"brucode":"Va5a","tmin":4.01304348,"bru_clean":"Va5","tmean":19.58913032,"map":859.78723404}},
{"type":"Feature","geometry":{"type":"Polygon","coordinates":[[[30.3102,-30.5512],[30.3007,-30.5536],[30.2951,-30.5656],[30.3138,-30.5647],[30.3192,-30.5703],[30.317,-30.5785],[30.3323,-30.5869],[30.3445,-30.5772],[30.3545,-30.5829],[30.3583,-30.5941],[30.3692,-30.6053],[30.3785,-30.6063],[30.3882,-30.5915],[30.3847,-30.5768],[30.3763,-30.5643],[30.367,-30.5641],[30.3612,-30.5538],[30.3522,-30.5567],[30.3433,-30.5495],[30.3324,-30.5467],[30.3259,-30.5542],[30.3102,-30.5512]]]},"properties":{"tmax":36.81739111,"brucode":"Va5b","tmin":4.01304348,"bru_clean":"Va5","tmean":19.58913032,"map":859.78723404}},
{"type":"Feature","geometry":{"type":"Polygon","coordinates":[[[29.2401,-30.5862],[29.2498,-30.5832],[29.2788,-30.5793],[29.2778,-30.5903],[29.2679,-30.5976],[29.2435,-30.6057],[29.2345,-30.6198],[29.261,-30.621],[29.277,-30.6369],[29.3036,-30.6394],[29.3225,-30.6445],[29.3456,-30.6717],[29.352,-30.6664],[29.3452,-30.6653],[29.341,-30.6559],[29.3332,-30.6492],[29.335,-30.6346],[29.3259,-30.6369],[29.3264,-30.6234],[29.3096,-30.6151],[29.3166,-30.6077],[29.3371,-30.6199],[29.3472,-30.6215],[29.3634,-30.6183],[29.3772,-30.6269],[29.3812,-30.622],[29.3739,-30.611],[29.3579,-30.611],[29.3264,-30.604],[29.2922,-30.5904],[29.2853,-30.5794],[29.2931,-30.5691],[29.3157,-30.5647],[29.2998,-30.5565],[29.2706,-30.5761],[29.2538,-30.5702],[29.2509,-30.5792],[29.2401,-30.5862]]]},"properties":{"tmax":36.45882348,"brucode":"Vd11","tmin":-8.27058831,"bru_clean":"Vd11","tmean":14.2823529,"map":685}},
{"type":"Feature","geometry":{"type":"Polygon","coordinates":[[[29.1847,-30.6011],[29.1829,-30.6001],[29.1713,-30.6027],[29.1642,-30.6112],[29.1823,-30.6406],[29.1978,-30.6341],[29.1948,-30.625],[29.2053,-30.62],[29.2345,-30.6198],[29.2435,-30.6057],[29.2679,-30.5976],[29.2778,-30.5903],[29.2788,-30.5793],[29.2498,-30.5832],[29.2401,-30.5862],[29.2276,-30.5944],[29.2245,-30.6043],[29.2124,-30.6037],[29.2123,-30.6125],[29.1834,-30.6109],[29.1847,-30.6011]]]},"properties":{"tmax":36.7777782,"brucode":"Tc12","tmin":-7.91111114,"bru_clean":"Tc12","tmean":14.5666666,"map":706.66666667}},
{"type":"Feature","geometry":{"type":"Polygon","coordinates":[[[29.335,-30.6346],[29.3423,-30.6306],[29.3673,-30.6311],[29.3772,-30.6269],[29.3634,-30.6183],[29.3472,-30.6215],[29.3371,-30.6199],[29.3166,-30.6077],[29.3096,-30.6151],[29.3264,-30.6234],[29.3259,-30.6369],[29.335,-30.6346]]]},"properties":{"tmax":36.82083321,"brucode":"UVc11b","tmin":-7.66249999,"bru_clean":"UVc11","tmean":14.47499998,"map":715.97916667}},
{"type":"Feature","geometry":{"type":"Polygon","coordinates":[[[29.447,-30.6367],[29.4371,-30.6373],[29.4345,-30.6312],[29.4146,-30.6398],[29.443,-30.639],[29.447,-30.6367]]]},"properties":{"tmax":36.25555589,"brucode":"Ye10a","tmin":-8.73333338,"bru_clean":"Ye10","tmean":13.01111105,"map":774.33333333}},
{"type":"Feature","geometry":{"type":"Polygon","coordinates":[[[30.3407,-30.649],[30.3254,-30.636],[30.3068,-30.6356],[30.2953,-30.6452],[30.282,-30.6511],[30.2814,-30.6665],[30.2906,-30.6748],[30.2852,-30.6877],[30.2983,-30.6846],[30.3058,-30.679],[30.3035,-30.6712],[30.3393,-30.6559],[30.3407,-30.649]]]},"properties":{"tmax":36.68333244,"brucode":"Wa13","tmin":4.1833334,"bru_clean":"Wa13","tmean":19.71666686,"map":1026}},
{"type":"Feature","geometry":{"type":"Polygon","coordinates":[[[30.282,-30.6511],[30.2724,-30.6494],[30.2653,-30.6397],[30.2476,-30.6583],[30.2411,-30.6682],[30.2391,-30.6807],[30.2336,-30.7058],[30.2453,-30.7104],[30.2664,-30.717],[30.2638,-30.7012],[30.2731,-30.6929],[30.2852,-30.6877],[30.2906,-30.6748],[30.2814,-30.6665],[30.282,-30.6511]]]},"properties":{"tmax":37.79999987,"brucode":"Vb26","tmin":2.29999999,"bru_clean":"Vb26","tmean":18.71666654,"map":931.33333333}},
{"type":"Feature","geometry":{"type":"Polygon","coordinates":[[[30.3783,-30.6516],[30.3644,-30.6479],[30.3594,-30.6397],[30.344,-30.6428],[30.3407,-30.649],[30.3393,-30.6559],[30.3035,-30.6712],[30.3058,-30.679],[30.2983,-30.6846],[30.2852,-30.6877],[30.2731,-30.6929],[30.2638,-30.7012],[30.2664,-30.717],[30.2453,-30.7104],[30.2321,-30.7072],[30.2206,-30.7143],[30.206,-30.7143],[30.1764,-30.7267],[30.1825,-30.7307],[30.2015,-30.7244],[30.2215,-30.7226],[30.2353,-30.7262],[30.2559,-30.7189],[30.2665,-30.7281],[30.2743,-30.7286],[30.2766,-30.719],[30.2724,-30.7137],[30.2765,-30.7019],[30.2922,-30.6957],[30.3125,-30.695],[30.3186,-30.6961],[30.3326,-30.685],[30.3357,-30.6902],[30.3536,-30.683],[30.3597,-30.6973],[30.3662,-30.6984],[30.3825,-30.6921],[30.3843,-30.6779],[30.3913,-30.6708],[30.3819,-30.6658],[30.3783,-30.6516]]]},"properties":{"tmax":37.24736846,"brucode":"Wa14","tmin":3.78421054,"bru_clean":"Wa14","tmean":19.44736862,"map":965.84210526}},
{"type":"Feature","geometry":{"type":"Polygon","coordinates":[[[30.1764,-30.7267],[30.1736,-30.7162],[30.1533,-30.7049],[30.1469,-30.6926],[30.1391,-30.693],[30.135,-30.6786],[30.1192,-30.6776],[30.1255,-30.668],[30.1128,-30.6564],[30.0875,-30.6554],[30.0807,-30.6485],[30.076,-30.6495],[30.0878,-30.6587],[30.0873,-30.6694],[30.0989,-30.6857],[30.1089,-30.6816],[30.1198,-30.6912],[30.132,-30.6929],[30.1332,-30.7086],[30.1016,-30.7032],[30.0875,-30.6939],[30.0829,-30.6943],[30.071,-30.6839],[30.0695,-30.6929],[30.0615,-30.7018],[30.0574,-30.7186],[30.0708,-30.7472],[30.1029,-30.7475],[30.1109,-30.7551],[30.1082,-30.7617],[30.1219,-30.7625],[30.1287,-30.7433],[30.1447,-30.7436],[30.1586,-30.7473],[30.158,-30.7394],[30.1759,-30.7322],[30.1825,-30.7307],[30.1764,-30.7267]]]},"properties":{"tmax":39.4416666,"brucode":"Tb14","tmin":2.09166666,"bru_clean":"Tb14","tmean":18.34583306,"map":846.625}},
{"type":"Feature","geometry":{"type":"Polygon","coordinates":[[[30.2391,-30.6807],[30.235,-30.6717],[30.2351,-30.6567],[30.2226,-30.6605],[30.2165,-30.6726],[30.2095,-30.6672],[30.1929,-30.6699],[30.1842,-30.6767],[30.1775,-30.6757],[30.1756,-30.6893],[30.1617,-30.6848],[30.1548,-30.6872],[30.1516,-30.6738],[30.1446,-30.6639],[30.1376,-30.671],[30.142,-30.6861],[30.1469,-30.6926],[30.1533,-30.7049],[30.1736,-30.7162],[30.1764,-30.7267],[30.206,-30.7143],[30.2206,-30.7143],[30.2321,-30.7072],[30.2453,-30.7104],[30.2336,-30.7058],[30.2391,-30.6807]]]},"properties":{"tmax":38.70769237,"brucode":"Ub26","tmin":2.06923078,"bru_clean":"Ub26","tmean":18.32307698,"map":876.23076923}},
{"type":"Feature","geometry":{"type":"Polygon","coordinates":[[[30.0873,-30.6694],[30.0777,-30.6621],[30.068,-30.6628],[30.0636,-30.6816],[30.071,-30.6839],[30.0829,-30.6943],[30.0875,-30.6939],[30.1016,-30.7032],[30.1332,-30.7086],[30.132,-30.6929],[30.1198,-30.6912],[30.1089,-30.6816],[30.0989,-30.6857],[30.0873,-30.6694]]]},"properties":{"tmax":39.52500057,"brucode":"Ub25","tmin":2.375,"bru_clean":"Ub25","tmean":18.44999981,"map":848}},
{"type":"Feature","geometry":{"type":"Polygon","coordinates":[[[30.3125,-30.695],[30.2922,-30.6957],[30.2765,-30.7019],[30.2724,-30.7137],[30.2766,-30.719],[30.2743,-30.7286],[30.2665,-30.7281],[30.2559,-30.7189],[30.2353,-30.7262],[30.2215,-30.7226],[30.2015,-30.7244],[30.1825,-30.7307],[30.1759,-30.7322],[30.1803,-30.7697],[30.1781,-30.7917],[30.1802,-30.805],[30.1964,-30.816],[30.2052,-30.819],[30.2232,-30.8365],[30.2313,-30.8284],[30.2319,-30.8168],[30.2386,-30.8146],[30.248,-30.8213],[30.2525,-30.8162],[30.2541,-30.8029],[30.2626,-30.7887],[30.2677,-30.7988],[30.2876,-30.7911],[30.2896,-30.7848],[30.3026,-30.7782],[30.3007,-30.7636],[30.304,-30.7499],[30.3093,-30.7441],[30.3133,-30.7275],[30.3121,-30.7124],[30.2917,-30.7113],[30.3011,-30.7017],[30.3125,-30.695]]]},"properties":{"tmax":38.92325583,"brucode":"Yb22","tmin":2.24883722,"bru_clean":"Yb22","tmean":18.50697673,"map":1006.97674419}},
{"type":"Feature","geometry":{"type":"Polygon","coordinates":[[[30.1586,-30.7473],[30.138,-30.762],[30.1605,-30.7757],[30.173,-30.7801],[30.1538,-30.7905],[30.1338,-30.7945],[30.1245,-30.7857],[30.114,-30.7865],[30.099,-30.8157],[30.0979,-30.8243],[30.0873,-30.8257],[30.0853,-30.8374],[30.102,-30.8464],[30.1048,-30.8625],[30.1153,-30.8476],[30.1237,-30.8505],[30.1337,-30.8432],[30.1303,-30.8279],[30.1432,-30.8219],[30.1482,-30.8276],[30.1603,-30.8316],[30.1718,-30.8084],[30.1672,-30.8025],[30.1781,-30.7917],[30.1803,-30.7697],[30.1759,-30.7322],[30.158,-30.7394],[30.1586,-30.7473]]]},"properties":{"tmax":39.78571429,"brucode":"Vb27","tmin":1.88571427,"bru_clean":"Vb27","tmean":18.23571423,"map":882.35714286}},
{"type":"Feature","geometry":{"type":"Polygon","coordinates":[[[30.1082,-30.7617],[30.0978,-30.7651],[30.091,-30.7716],[30.0929,-30.7793],[30.1025,-30.7792],[30.1125,-30.7726],[30.114,-30.7865],[30.1245,-30.7857],[30.1338,-30.7945],[30.1538,-30.7905],[30.173,-30.7801],[30.1605,-30.7757],[30.138,-30.762],[30.1586,-30.7473],[30.1447,-30.7436],[30.1287,-30.7433],[30.1219,-30.7625],[30.1082,-30.7617]]]},"properties":{"tmax":39.57499981,"brucode":"Wb26","tmin":1.5625,"bru_clean":"Wb26","tmean":18.13750029,"map":837.625}},
{"type":"Feature","geometry":{"type":"Polygon","coordinates":[[[30.091,-30.7716],[30.0728,-30.7702],[30.0701,-30.777],[30.0546,-30.7662],[30.057,-30.7564],[30.0267,-30.7396],[30.0134,-30.739],[30.011,-30.7566],[30.0224,-30.7656],[30.0415,-30.7858],[30.0435,-30.7979],[30.0564,-30.7978],[30.0647,-30.8054],[30.0762,-30.7953],[30.0774,-30.7893],[30.0929,-30.7793],[30.091,-30.7716]]]},"properties":{"tmax":40.1624999,"brucode":"Ub27","tmin":1.64999999,"bru_clean":"Ub27","tmean":18.28750014,"map":834.125}},
{"type":"Feature","geometry":{"type":"Polygon","coordinates":[[[30.114,-30.7865],[30.1125,-30.7726],[30.1025,-30.7792],[30.0929,-30.7793],[30.0774,-30.7893],[30.0762,-30.7953],[30.0647,-30.8054],[30.0586,-30.8161],[30.0517,-30.8081],[30.0417,-30.8037],[30.0347,-30.793],[30.0243,-30.7864],[30.0158,-30.7878],[30.0056,-30.7836],[30.0051,-30.7631],[29.9927,-30.7788],[29.9947,-30.7964],[30.0087,-30.8007],[30.0137,-30.8129],[30.0075,-30.821],[29.9947,-30.81],[29.9906,-30.8232],[29.9762,-30.8307],[29.9762,-30.8107],[29.989,-30.8055],[29.9913,-30.7949],[29.9823,-30.754],[29.9669,-30.7536],[29.9537,-30.762],[29.9537,-30.7687],[29.9336,-30.7631],[29.9286,-30.7588],[29.9033,-30.7709],[29.9,-30.7623],[29.892,-30.7562],[29.8726,-30.7553],[29.8825,-30.7621],[29.893,-30.7592],[29.8961,-30.7748],[29.9129,-30.7699],[29.9068,-30.7914],[29.9094,-30.798],[29.9222,-30.7896],[29.9294,-30.7812],[29.9212,-30.7709],[29.9304,-30.7682],[29.946,-30.7699],[29.9556,-30.789],[29.9408,-30.7922],[29.933,-30.8021],[29.9335,-30.808],[29.9681,-30.81],[29.9702,-30.8184],[29.9615,-30.8299],[29.9766,-30.8381],[30.0113,-30.834],[30.0301,-30.8411],[30.0454,-30.8442],[30.0495,-30.84],[30.0662,-30.8365],[30.0873,-30.8257],[30.0979,-30.8243],[30.099,-30.8157],[30.114,-30.7865]]]},"properties":{"tmax":40.30333316,"brucode":"Ua11","tmin":1.97999999,"bru_clean":"Ua11","tmean":18.38999996,"map":872.74193548}},
{"type":"Feature","geometry":{"type":"Polygon","coordinates":[[[30.2232,-30.8365],[30.2052,-30.819],[30.1964,-30.816],[30.1802,-30.805],[30.1781,-30.7917],[30.1672,-30.8025],[30.1718,-30.8084],[30.1603,-30.8316],[30.164,-30.8346],[30.1811,-30.8303],[30.1904,-30.8332],[30.1929,-30.8413],[30.2091,-30.8528],[30.2204,-30.8467],[30.2232,-30.8365]]]},"properties":{"tmax":39.51999969,"brucode":"Xa3","tmin":2.98000002,"bru_clean":"Xa3","tmean":18.87999992,"map":1021.5}},
{"type":"Feature","geometry":{"type":"Polygon","coordinates":[[[30.1986,-30.9776],[30.1773,-30.9722],[30.1677,-30.9799],[30.1592,-30.9791],[30.1499,-30.9864],[30.1413,-30.9876],[30.1469,-30.9999],[30.1403,-31.0133],[30.1571,-31.0229],[30.1697,-31.0248],[30.1685,-31.0368],[30.1631,-31.0487],[30.1759,-31.0655],[30.1868,-31.0682],[30.1951,-31.0787],[30.2089,-31.0751],[30.2275,-31.0583],[30.2284,-31.0449],[30.2578,-31.0108],[30.2674,-31.0033],[30.2688,-30.9959],[30.286,-30.9714],[30.2994,-30.9612],[30.3045,-30.9413],[30.3171,-30.9267],[30.3346,-30.9117],[30.347,-30.8981],[30.3498,-30.8889],[30.3581,-30.8788],[30.3698,-30.8706],[30.3717,-30.8627],[30.386,-30.8529],[30.3977,-30.8341],[30.3819,-30.8281],[30.337,-30.821],[30.3301,-30.8214],[30.3164,-30.834],[30.295,-30.8437],[30.3002,-30.8492],[30.3034,-30.8659],[30.2972,-30.8776],[30.2953,-30.8908],[30.2904,-30.8952],[30.2805,-30.9185],[30.2719,-30.9209],[30.2608,-30.9305],[30.2583,-30.9201],[30.2509,-30.9163],[30.2375,-30.9267],[30.2512,-30.9343],[30.2518,-30.9438],[30.2357,-30.9643],[30.2322,-30.9844],[30.2282,-30.9876],[30.1986,-30.9776]]]},"properties":{"tmax":37.4227273,"brucode":"Za13","tmin":4.82727273,"bru_clean":"Za13","tmean":20.16818165,"map":1141.22058824}},
{"type":"Feature","geometry":{"type":"Polygon","coordinates":[[[30.1337,-30.8432],[30.1222,-30.8617],[30.1227,-30.8703],[30.105,-30.8845],[30.1213,-30.8903],[30.1137,-30.9003],[30.1364,-30.9102],[30.1415,-30.9193],[30.149,-30.9105],[30.1417,-30.8997],[30.1462,-30.8911],[30.1481,-30.8719],[30.1525,-30.8551],[30.1679,-30.8567],[30.1738,-30.8505],[30.1929,-30.8413],[30.1904,-30.8332],[30.1811,-30.8303],[30.164,-30.8346],[30.1603,-30.8316],[30.1482,-30.8276],[30.1432,-30.8219],[30.1303,-30.8279],[30.1337,-30.8432]]]},"properties":{"tmax":40.09999975,"brucode":"Wb27","tmin":2.19999999,"bru_clean":"Wb27","tmean":18.28888914,"map":963.77777778}},
{"type":"Feature","geometry":{"type":"Polygon","coordinates":[[[30.0873,-30.8257],[30.0662,-30.8365],[30.0495,-30.84],[30.0454,-30.8442],[30.0301,-30.8411],[30.0113,-30.834],[30.0219,-30.8391],[30.0255,-30.8488],[30.0397,-30.8447],[30.0466,-30.8478],[30.0622,-30.8481],[30.0749,-30.856],[30.0739,-30.8658],[30.0927,-30.8622],[30.0931,-30.8751],[30.0748,-30.871],[30.0719,-30.8757],[30.0815,-30.8849],[30.105,-30.8845],[30.1227,-30.8703],[30.1222,-30.8617],[30.1337,-30.8432],[30.1237,-30.8505],[30.1153,-30.8476],[30.1048,-30.8625],[30.102,-30.8464],[30.0853,-30.8374],[30.0873,-30.8257]]]},"properties":{"tmax":40.47999992,"brucode":"Ta7","tmin":2.64000001,"bru_clean":"Ta7","tmean":18.61999989,"map":929.8}},
{"type":"Feature","geometry":{"type":"Polygon","coordinates":[[[30.2091,-30.8528],[30.1929,-30.8413],[30.1738,-30.8505],[30.1679,-30.8567],[30.1525,-30.8551],[30.1481,-30.8719],[30.1462,-30.8911],[30.1417,-30.8997],[30.149,-30.9105],[30.1415,-30.9193],[30.1469,-30.933],[30.1383,-30.9414],[30.1413,-30.9503],[30.1351,-30.9559],[30.1352,-30.9638],[30.1568,-30.976],[30.1499,-30.9864],[30.1592,-30.9791],[30.1677,-30.9799],[30.1773,-30.9722],[30.1986,-30.9776],[30.2097,-30.9674],[30.1953,-30.9489],[30.1848,-30.9533],[30.1836,-30.9358],[30.1921,-30.9287],[30.1952,-30.9167],[30.1806,-30.9001],[30.1898,-30.899],[30.1889,-30.8826],[30.1946,-30.87],[30.2091,-30.8528]]]},"properties":{"tmax":40.04347826,"brucode":"Ya15","tmin":2.75652173,"bru_clean":"Ya15","tmean":18.64782624,"map":1026.47826087}},
{"type":"Feature","geometry":{"type":"Polygon","coordinates":[[[29.4554,-29.3413],[29.4416,-29.346],[29.4437,-29.3635],[29.4487,-29.3678],[29.4464,-29.3779],[29.4362,-29.387],[29.4372,-29.3947],[29.4195,-29.3969],[29.4226,-29.4141],[29.4102,-29.4173],[29.3996,-29.4358],[29.4034,-29.444],[29.3877,-29.4553],[29.3771,-29.4548],[29.3729,-29.4634],[29.3588,-29.4697],[29.346,-29.4652],[29.3396,-29.472],[29.3296,-29.4701],[29.3198,-29.4792],[29.3166,-29.4885],[29.3069,-29.4829],[29.2966,-29.4865],[29.2946,-29.4935],[29.3041,-29.5027],[29.3058,-29.516],[29.3025,-29.5249],[29.313,-29.5363],[29.3128,-29.5461],[29.3075,-29.5541],[29.3252,-29.569],[29.32,-29.5811],[29.3095,-29.5845],[29.2865,-29.584],[29.2936,-29.6058],[29.2929,-29.6152],[29.2827,-29.6215],[29.2874,-29.6273],[29.2834,-29.6414],[29.2687,-29.6429],[29.2392,-29.6424],[29.2359,-29.6398],[29.2174,-29.6483],[29.2088,-29.6596],[29.2,-29.66],[29.1911,-29.6707],[29.1834,-29.6682],[29.1718,-29.6789],[29.1629,-29.6769],[29.1633,-29.6877],[29.159,-29.7038],[29.1498,-29.7094],[29.1453,-29.7173],[29.1517,-29.7332],[29.1414,-29.7499],[29.14,-29.7591],[29.1243,-29.7669],[29.1302,-29.7711],[29.1298,-29.7888],[29.125,-29.7959],[29.1238,-29.8075],[29.1324,-29.8143],[29.1317,-29.8256],[29.1266,-29.8328],[29.1183,-29.8334],[29.1142,-29.841],[29.1021,-29.8496],[29.1317,-29.8598],[29.1447,-29.867],[29.1439,-29.8722],[29.1579,-29.8748],[29.1721,-29.8722],[29.177,-29.8632],[29.1664,-29.863],[29.1611,-29.8551],[29.1718,-29.8463],[29.1949,-29.8384],[29.1753,-29.8304],[29.1781,-29.8235],[29.1992,-29.8211],[29.2087,-29.8287],[29.2158,-29.8178],[29.2271,-29.8163],[29.2248,-29.8039],[29.2176,-29.7987],[29.2118,-29.7861],[29.1949,-29.7837],[29.1743,-29.7722],[29.1817,-29.7626],[29.2023,-29.7683],[29.2097,-29.7831],[29.2217,-29.7783],[29.2093,-29.7625],[29.1969,-29.7559],[29.1976,-29.7379],[29.2023,-29.7353],[29.2151,-29.7414],[29.2237,-29.7164],[29.2417,-29.7166],[29.2377,-29.7059],[29.2525,-29.7065],[29.2691,-29.7022],[29.2742,-29.7044],[29.2755,-29.7005],[29.2698,-29.6979],[29.2628,-29.6818],[29.2773,-29.6835],[29.2858,-29.6756],[29.2971,-29.6741],[29.3139,-29.6805],[29.3311,-29.683],[29.3444,-29.6968],[29.3544,-29.6937],[29.3695,-29.6986],[29.379,-29.7099],[29.387,-29.7009],[29.3794,-29.6893],[29.3534,-29.6706],[29.3631,-29.666],[29.3748,-29.6733],[29.3832,-29.6698],[29.3913,-29.6745],[29.3967,-29.685],[29.404,-29.6781],[29.4177,-29.673],[29.4198,-29.6583],[29.3988,-29.6491],[29.4132,-29.645],[29.4092,-29.6381],[29.391,-29.6233],[29.3696,-29.6149],[29.3886,-29.6099],[29.4056,-29.6153],[29.417,-29.6151],[29.4338,-29.6226],[29.4357,-29.6326],[29.4464,-29.6322],[29.4587,-29.6398],[29.4713,-29.6249],[29.4813,-29.6227],[29.4736,-29.613],[29.463,-29.6112],[29.4491,-29.6152],[29.4366,-29.6152],[29.4131,-29.6022],[29.4031,-29.6035],[29.3949,-29.5908],[29.3828,-29.5911],[29.3817,-29.584],[29.3669,-29.5792],[29.3494,-29.5782],[29.3373,-29.5605],[29.3515,-29.5617],[29.3587,-29.5573],[29.3851,-29.5629],[29.3868,-29.553],[29.3663,-29.5479],[29.3686,-29.5382],[29.3855,-29.5356],[29.3739,-29.5147],[29.4086,-29.5148],[29.4144,-29.5065],[29.4222,-29.5067],[29.4357,-29.5137],[29.4349,-29.5027],[29.4143,-29.4923],[29.4238,-29.4802],[29.4302,-29.4866],[29.4418,-29.476],[29.4393,-29.4687],[29.4591,-29.4659],[29.4708,-29.4545],[29.4654,-29.4446],[29.4818,-29.4472],[29.4924,-29.4535],[29.4993,-29.4451],[29.4913,-29.4392],[29.4801,-29.425],[29.4827,-29.4184],[29.4746,-29.4115],[29.4747,-29.3981],[29.4833,-29.3951],[29.5037,-29.4136],[29.5078,-29.4019],[29.4988,-29.3881],[29.5012,-29.3776],[29.5227,-29.3791],[29.5292,-29.3741],[29.5244,-29.3709],[29.5196,-29.358],[29.5055,-29.349],[29.4938,-29.35],[29.4795,-29.3453],[29.4659,-29.3481],[29.4554,-29.3413]]]},"properties":{"tmax":32.79112434,"brucode":"Zf2","tmin":-10.10946746,"bru_clean":"Zf2","tmean":11.88165679,"map":1076.00595238}},
{"type":"Feature","geometry":{"type":"Polygon","coordinates":[[[29.2755,-29.7005],[29.2742,-29.7044],[29.2602,-29.7086],[29.2727,-29.7264],[29.2655,-29.735],[29.2477,-29.7365],[29.2439,-29.7493],[29.2268,-29.745],[29.2144,-29.7463],[29.2144,-29.7553],[29.2249,-29.7598],[29.2395,-29.7559],[29.2716,-29.7562],[29.2872,-29.7494],[29.3018,-29.7633],[29.3264,-29.7603],[29.3526,-29.7694],[29.3411,-29.7838],[29.3407,-29.7905],[29.3323,-29.7956],[29.3311,-29.814],[29.3195,-29.8168],[29.3131,-29.7959],[29.3088,-29.7922],[29.2953,-29.7944],[29.2753,-29.7826],[29.2627,-29.7788],[29.249,-29.78],[29.2412,-29.7887],[29.2297,-29.7844],[29.2243,-29.7912],[29.2337,-29.8014],[29.2313,-29.8158],[29.2442,-29.8195],[29.2549,-29.8125],[29.2687,-29.8099],[29.2853,-29.816],[29.2933,-29.828],[29.2972,-29.8398],[29.2924,-29.8569],[29.3019,-29.8639],[29.304,-29.8767],[29.2977,-29.8837],[29.2832,-29.8802],[29.2745,-29.868],[29.2592,-29.8672],[29.2383,-29.8559],[29.2372,-29.846],[29.212,-29.8374],[29.2036,-29.844],[29.2285,-29.8541],[29.2369,-29.8614],[29.2309,-29.8659],[29.256,-29.8784],[29.2602,-29.89],[29.2729,-29.8999],[29.263,-29.9042],[29.2547,-29.9181],[29.2458,-29.9183],[29.2263,-29.9061],[29.2127,-29.9038],[29.2131,-29.9244],[29.2234,-29.9199],[29.2264,-29.935],[29.2436,-29.9393],[29.2514,-29.9506],[29.2614,-29.9661],[29.2806,-29.9695],[29.2992,-29.9823],[29.3184,-29.9837],[29.3311,-29.9819],[29.3347,-29.9713],[29.3569,-29.9694],[29.3633,-29.9744],[29.3924,-29.9833],[29.404,-29.9841],[29.4099,-29.9739],[29.4163,-29.9784],[29.4265,-29.9793],[29.4443,-29.9856],[29.4534,-29.9847],[29.4605,-29.9764],[29.4823,-29.9799],[29.4942,-29.9979],[29.5096,-30.003],[29.5115,-29.9944],[29.5062,-29.9887],[29.4977,-29.9904],[29.4856,-29.9842],[29.4837,-29.9582],[29.4708,-29.9599],[29.4546,-29.958],[29.4488,-29.9507],[29.4413,-29.927],[29.4295,-29.9254],[29.4259,-29.9149],[29.4141,-29.9032],[29.4247,-29.8974],[29.4349,-29.8999],[29.4477,-29.8965],[29.44,-29.8869],[29.4464,-29.881],[29.4585,-29.8831],[29.4809,-29.8805],[29.4862,-29.8734],[29.4986,-29.8759],[29.5104,-29.8664],[29.512,-29.8583],[29.4975,-29.8541],[29.4787,-29.8731],[29.4577,-29.8709],[29.4604,-29.8607],[29.4849,-29.8516],[29.4917,-29.8521],[29.4992,-29.8414],[29.4983,-29.8249],[29.4908,-29.8246],[29.4839,-29.8144],[29.5098,-29.8083],[29.5191,-29.8112],[29.5334,-29.7993],[29.5363,-29.7941],[29.565,-29.7747],[29.5772,-29.7705],[29.5942,-29.7508],[29.6091,-29.7384],[29.6147,-29.7389],[29.6089,-29.7098],[29.6167,-29.7044],[29.6151,-29.6961],[29.6048,-29.6923],[29.5987,-29.6821],[29.5901,-29.6903],[29.5769,-29.6901],[29.5728,-29.698],[29.5798,-29.7096],[29.5928,-29.7076],[29.6018,-29.7157],[29.5997,-29.7253],[29.582,-29.7235],[29.5689,-29.7149],[29.5444,-29.7065],[29.5462,-29.6992],[29.5359,-29.6863],[29.521,-29.6862],[29.5095,-29.7075],[29.5236,-29.7049],[29.522,-29.7157],[29.5023,-29.7211],[29.4841,-29.7217],[29.4884,-29.7307],[29.4821,-29.7384],[29.4743,-29.7385],[29.4601,-29.7269],[29.4581,-29.7366],[29.4363,-29.7331],[29.4291,-29.7384],[29.411,-29.7338],[29.4039,-29.7152],[29.3993,-29.7289],[29.3867,-29.7271],[29.3607,-29.7101],[29.3615,-29.7232],[29.3578,-29.7329],[29.3697,-29.7345],[29.3614,-29.7486],[29.3545,-29.7485],[29.3494,-29.7579],[29.3308,-29.7508],[29.3186,-29.7494],[29.314,-29.7351],[29.2875,-29.7234],[29.2755,-29.7005]]]},"properties":{"tmax":34.99819007,"brucode":"Yd19","tmin":-9.28959276,"bru_clean":"Yd19","tmean":13.93846152,"map":953.20179372}},
{"type":"Feature","geometry":{"type":"Polygon","coordinates":[[[29.565,-29.7747],[29.5363,-29.7941],[29.5334,-29.7993],[29.535,-29.8063],[29.5544,-29.8106],[29.5636,-29.8057],[29.5654,-29.8158],[29.5572,-29.8268],[29.5473,-29.8306],[29.5414,-29.8405],[29.5459,-29.8496],[29.5627,-29.8568],[29.5737,-29.8647],[29.5541,-29.872],[29.5424,-29.8787],[29.5312,-29.8889],[29.5423,-29.89],[29.5441,-29.9138],[29.5336,-29.9081],[29.5161,-29.9205],[29.5133,-29.9365],[29.5211,-29.9592],[29.5345,-29.9556],[29.5401,-29.9552],[29.5589,-29.9371],[29.5814,-29.9417],[29.585,-29.9332],[29.5973,-29.9446],[29.6105,-29.9389],[29.6115,-29.9489],[29.6215,-29.9464],[29.6124,-29.9379],[29.6172,-29.9111],[29.6102,-29.9039],[29.5942,-29.9044],[29.5915,-29.901],[29.5974,-29.8814],[29.6032,-29.8702],[29.6154,-29.8669],[29.6198,-29.845],[29.6186,-29.8232],[29.612,-29.8144],[29.6081,-29.8015],[29.6022,-29.7942],[29.5784,-29.7835],[29.565,-29.7747]]]},"properties":{"tmax":36.85263142,"brucode":"Wd13","tmin":-8.81052637,"bru_clean":"Wd13","tmean":14.60263154,"map":834.84210526}},
{"type":"Feature","geometry":{"type":"Polygon","coordinates":[[[29.8626,-29.9379],[29.8454,-29.9432],[29.8435,-29.939],[29.8204,-29.9355],[29.8212,-29.9422],[29.833,-29.9501],[29.8479,-29.965],[29.8412,-29.9773],[29.8512,-29.9862],[29.8603,-29.9834],[29.8771,-29.9849],[29.8857,-30.0039],[29.904,-30.006],[29.9147,-30.0218],[29.9151,-30.0418],[29.9082,-30.0475],[29.9161,-30.0619],[29.9216,-30.0591],[29.9155,-30.0493],[29.9207,-30.0369],[29.9179,-30.0135],[29.9122,-30.0077],[29.9072,-29.9817],[29.9,-29.9788],[29.9039,-29.9686],[29.8898,-29.9641],[29.8767,-29.9631],[29.8601,-29.9547],[29.8521,-29.948],[29.8626,-29.9379]]]},"properties":{"tmax":38.0909084,"brucode":"Wc28","tmin":-4.99090914,"bru_clean":"Wc28","tmean":16.03636369,"map":885.90909091}},
{"type":"Feature","geometry":{"type":"Polygon","coordinates":[[[29.2624,-29.9754],[29.2785,-29.9827],[29.2746,-29.9927],[29.2853,-30.0066],[29.2908,-30.0038],[29.3058,-30.0038],[29.3189,-30.0167],[29.3226,-30.0259],[29.3179,-30.0358],[29.3377,-30.0352],[29.3355,-30.0225],[29.3281,-30.024],[29.3209,-30.0133],[29.3085,-30.0023],[29.31,-29.9947],[29.2992,-29.9897],[29.2992,-29.9823],[29.2806,-29.9695],[29.2614,-29.9661],[29.2514,-29.9506],[29.2537,-29.9637],[29.2624,-29.9754]]]},"properties":{"tmax":34.33333333,"brucode":"Xe2","tmin":-9.38333352,"bru_clean":"Xe2","tmean":13.51666657,"map":843.85714286}},
{"type":"Feature","geometry":{"type":"Polygon","coordinates":[[[29.2992,-29.9823],[29.2992,-29.9897],[29.31,-29.9947],[29.3251,-30.0024],[29.3294,-30.0124],[29.3403,-30.0139],[29.3456,-30.0208],[29.3569,-30.0201],[29.3613,-30.0285],[29.376,-30.0402],[29.3866,-30.0325],[29.3975,-30.0326],[29.4155,-30.0113],[29.4258,-30.0055],[29.4063,-29.9897],[29.4163,-29.9784],[29.4099,-29.9739],[29.404,-29.9841],[29.3924,-29.9833],[29.3633,-29.9744],[29.3569,-29.9694],[29.3347,-29.9713],[29.3311,-29.9819],[29.3184,-29.9837],[29.2992,-29.9823]]]},"properties":{"tmax":35.11333313,"brucode":"Wd11","tmin":-8.97333355,"bru_clean":"Wd11","tmean":14.08666674,"map":839.53333333}},
{"type":"Feature","geometry":{"type":"Polygon","coordinates":[[[29.4163,-29.9784],[29.4145,-29.9899],[29.4325,-30.0002],[29.4292,-29.9896],[29.4417,-29.988],[29.444,-30.0017],[29.4583,-30.0045],[29.4598,-29.9952],[29.4763,-29.986],[29.4803,-30.0027],[29.4968,-30.0111],[29.5033,-30.0081],[29.5203,-30.0107],[29.5096,-30.003],[29.4942,-29.9979],[29.4823,-29.9799],[29.4605,-29.9764],[29.4534,-29.9847],[29.4443,-29.9856],[29.4265,-29.9793],[29.4163,-29.9784]]]},"properties":{"tmax":35.54999987,"brucode":"Yd33","tmin":-9.01666673,"bru_clean":"Yd33","tmean":14.3499999,"map":860}},
{"type":"Feature","geometry":{"type":"Polygon","coordinates":[[[29.2342,-30],[29.2383,-30.016],[29.246,-30.0227],[29.2483,-30.0377],[29.2459,-30.0439],[29.234,-30.0437],[29.2252,-30.0328],[29.2124,-30.0347],[29.2139,-30.0439],[29.2249,-30.0607],[29.211,-30.0646],[29.1949,-30.0562],[29.1963,-30.0443],[29.1843,-30.0429],[29.1858,-30.0271],[29.1795,-30.0257],[29.1772,-30.0136],[29.2071,-30.0059],[29.2096,-30.0003],[29.2081,-29.9984],[29.1895,-29.9922],[29.1945,-29.9823],[29.1852,-29.9805],[29.1797,-29.9929],[29.1651,-29.9972],[29.1619,-30.0039],[29.1583,-30.0145],[29.1383,-30.0125],[29.1389,-30.0238],[29.1446,-30.0332],[29.1571,-30.0422],[29.1597,-30.05],[29.1511,-30.0556],[29.1388,-30.045],[29.1351,-30.0497],[29.1441,-30.0621],[29.1563,-30.0634],[29.152,-30.0709],[29.1553,-30.0851],[29.1392,-30.0936],[29.1429,-30.108],[29.1381,-30.1176],[29.1353,-30.1351],[29.1209,-30.1421],[29.1208,-30.1516],[29.1381,-30.1504],[29.1411,-30.1551],[29.1254,-30.1674],[29.1391,-30.1675],[29.1477,-30.1727],[29.1701,-30.1712],[29.1777,-30.1653],[29.1831,-30.1488],[29.1735,-30.1374],[29.1759,-30.1256],[29.1892,-30.1309],[29.1878,-30.1192],[29.1783,-30.1044],[29.2133,-30.0833],[29.2196,-30.0752],[29.2316,-30.0711],[29.2393,-30.0744],[29.2487,-30.0665],[29.2528,-30.051],[29.2801,-30.0457],[29.2889,-30.0545],[29.2976,-30.044],[29.2969,-30.0369],[29.314,-30.0234],[29.3082,-30.0089],[29.2908,-30.0038],[29.2853,-30.0066],[29.2746,-29.9927],[29.2785,-29.9827],[29.2624,-29.9754],[29.2642,-29.9847],[29.2456,-29.9797],[29.2458,-29.9873],[29.2342,-30]]]},"properties":{"tmax":35.27872362,"brucode":"Wd10","tmin":-10.5127659,"bru_clean":"Wd10","tmean":14.00851065,"map":815.40425532}},
{"type":"Feature","geometry":{"type":"Polygon","coordinates":[[[29.9161,-30.0619],[29.9082,-30.0475],[29.9151,-30.0418],[29.9147,-30.0218],[29.904,-30.006],[29.8857,-30.0039],[29.8771,-29.9849],[29.8603,-29.9834],[29.8512,-29.9862],[29.8447,-29.9927],[29.8304,-29.9897],[29.821,-29.9783],[29.8101,-29.9886],[29.8134,-29.9934],[29.813,-30.0008],[29.8046,-30.0056],[29.8155,-30.0135],[29.816,-30.0288],[29.8083,-30.036],[29.7916,-30.0355],[29.7969,-30.0473],[29.7943,-30.0557],[29.7998,-30.0647],[29.8094,-30.055],[29.8135,-30.0668],[29.8292,-30.0734],[29.8337,-30.0819],[29.8285,-30.0929],[29.8374,-30.0981],[29.8496,-30.0943],[29.8574,-30.0988],[29.8531,-30.1189],[29.8627,-30.137],[29.858,-30.1438],[29.8685,-30.1548],[29.863,-30.1394],[29.8681,-30.1362],[29.8691,-30.1257],[29.8614,-30.1203],[29.8627,-30.1125],[29.8832,-30.1103],[29.9074,-30.1032],[29.9119,-30.0974],[29.9158,-30.0843],[29.9253,-30.0771],[29.9161,-30.0619]]]},"properties":{"tmax":39.34390231,"brucode":"UVc10","tmin":-4.05121949,"bru_clean":"UVc10","tmean":17.14390248,"map":852.325}},
{"type":"Feature","geometry":{"type":"Polygon","coordinates":[[[29.3377,-30.0352],[29.3572,-30.0358],[29.366,-30.055],[29.3784,-30.0462],[29.3906,-30.0447],[29.3996,-30.0395],[29.4308,-30.0105],[29.4325,-30.0002],[29.4145,-29.9899],[29.4163,-29.9784],[29.4063,-29.9897],[29.4258,-30.0055],[29.4155,-30.0113],[29.3975,-30.0326],[29.3866,-30.0325],[29.376,-30.0402],[29.3613,-30.0285],[29.3569,-30.0201],[29.3456,-30.0208],[29.3403,-30.0139],[29.3294,-30.0124],[29.3251,-30.0024],[29.31,-29.9947],[29.3085,-30.0023],[29.3209,-30.0133],[29.3281,-30.024],[29.3355,-30.0225],[29.3377,-30.0352]]]},"properties":{"tmax":34.82857186,"brucode":"Wd12","tmin":-9.39999989,"bru_clean":"Wd12","tmean":13.68571445,"map":794.57142857}},
{"type":"Feature","geometry":{"type":"Polygon","coordinates":[[[29.8134,-29.9934],[29.7971,-29.9962],[29.7841,-30.0125],[29.7744,-30.0191],[29.7649,-29.9998],[29.7659,-29.9928],[29.7463,-29.9897],[29.7342,-29.996],[29.7159,-29.9994],[29.7108,-30.006],[29.7117,-30.0178],[29.6996,-30.0148],[29.6927,-30.0172],[29.6939,-30.0314],[29.7123,-30.0352],[29.7135,-30.0423],[29.7305,-30.0406],[29.7411,-30.0525],[29.7528,-30.0495],[29.7622,-30.0422],[29.7744,-30.0378],[29.7626,-30.0275],[29.7771,-30.022],[29.7916,-30.0355],[29.8083,-30.036],[29.816,-30.0288],[29.8155,-30.0135],[29.8046,-30.0056],[29.813,-30.0008],[29.8134,-29.9934]]]},"properties":{"tmax":38.64545441,"brucode":"Xc12b","tmin":-4.55454545,"bru_clean":"Xc12","tmean":16.68636352,"map":821.86363636}},
{"type":"Feature","geometry":{"type":"Polygon","coordinates":[[[29.3996,-30.0395],[29.3888,-30.0606],[29.3991,-30.065],[29.4199,-30.0642],[29.4279,-30.0564],[29.441,-30.0542],[29.4481,-30.0481],[29.4461,-30.0332],[29.4368,-30.0343],[29.4339,-30.0271],[29.4384,-30.0155],[29.4568,-30.009],[29.4396,-30.0068],[29.4325,-30.0002],[29.4308,-30.0105],[29.3996,-30.0395]]]},"properties":{"tmax":35.10000038,"brucode":"Ye7a","tmin":-9.54999983,"bru_clean":"Ye7","tmean":13.73750007,"map":872}},
{"type":"Feature","geometry":{"type":"Polygon","coordinates":[[[29.2908,-30.0038],[29.3082,-30.0089],[29.314,-30.0234],[29.2969,-30.0369],[29.2976,-30.044],[29.2889,-30.0545],[29.2753,-30.0631],[29.2607,-30.0635],[29.2551,-30.0702],[29.2654,-30.0767],[29.2978,-30.0635],[29.3067,-30.0535],[29.3103,-30.0629],[29.3213,-30.0569],[29.3302,-30.0563],[29.3368,-30.05],[29.3493,-30.0584],[29.3633,-30.0609],[29.3668,-30.0695],[29.3568,-30.0853],[29.3655,-30.0957],[29.3796,-30.0938],[29.3855,-30.0897],[29.3785,-30.0757],[29.3838,-30.0636],[29.3991,-30.065],[29.3888,-30.0606],[29.3996,-30.0395],[29.3906,-30.0447],[29.3784,-30.0462],[29.366,-30.055],[29.3572,-30.0358],[29.3377,-30.0352],[29.3179,-30.0358],[29.3226,-30.0259],[29.3189,-30.0167],[29.3058,-30.0038],[29.2908,-30.0038]]]},"properties":{"tmax":34.7363635,"brucode":"We2","tmin":-9.79090916,"bru_clean":"We2","tmean":13.5545454,"map":799}},
{"type":"Feature","geometry":{"type":"Polygon","coordinates":[[[29.4907,-30.0152],[29.4825,-30.0077],[29.47,-30.012],[29.4772,-30.0248],[29.4769,-30.0329],[29.4892,-30.0343],[29.4833,-30.0303],[29.4819,-30.0182],[29.4907,-30.0152]]]},"properties":{"tmax":35.10000038,"brucode":"Ye7b","tmin":-9.54999983,"bru_clean":"Ye7","tmean":13.73750007,"map":872}},
{"type":"Feature","geometry":{"type":"Polygon","coordinates":[[[29.7916,-30.0355],[29.7771,-30.022],[29.7626,-30.0275],[29.7744,-30.0378],[29.7622,-30.0422],[29.7528,-30.0495],[29.7411,-30.0525],[29.7348,-30.0643],[29.7429,-30.0708],[29.7529,-30.0765],[29.7697,-30.0685],[29.7694,-30.0641],[29.7894,-30.0602],[29.7942,-30.0556],[29.7943,-30.0557],[29.7969,-30.0473],[29.7916,-30.0355]]]},"properties":{"tmax":39.57499886,"brucode":"Wc36","tmin":-3.84999996,"bru_clean":"Wc36","tmean":17.4000001,"map":728}},
{"type":"Feature","geometry":{"type":"Polygon","coordinates":[[[29.3991,-30.065],[29.3838,-30.0636],[29.3785,-30.0757],[29.3855,-30.0897],[29.3796,-30.0938],[29.3655,-30.0957],[29.3568,-30.0853],[29.3467,-30.0904],[29.3351,-30.1067],[29.3482,-30.1038],[29.3568,-30.1069],[29.3518,-30.117],[29.3368,-30.1136],[29.3267,-30.1167],[29.3237,-30.1256],[29.3128,-30.1369],[29.3212,-30.1378],[29.3157,-30.1584],[29.332,-30.1547],[29.3552,-30.1406],[29.3655,-30.1426],[29.3809,-30.128],[29.3855,-30.1399],[29.4021,-30.1392],[29.4126,-30.153],[29.4251,-30.1502],[29.4377,-30.1398],[29.444,-30.1303],[29.4372,-30.1248],[29.4453,-30.1097],[29.4292,-30.1009],[29.4417,-30.0964],[29.4391,-30.0876],[29.4448,-30.0783],[29.4456,-30.0635],[29.441,-30.0542],[29.4279,-30.0564],[29.4199,-30.0642],[29.3991,-30.065]],[[29.3939,-30.1164],[29.4162,-30.1169],[29.4171,-30.1258],[29.3983,-30.129],[29.3916,-30.1272],[29.3845,-30.117],[29.3696,-30.1154],[29.3771,-30.1056],[29.3939,-30.1164]]]},"properties":{"tmax":34.83793114,"brucode":"WXe1","tmin":-10.9896552,"bru_clean":"WXe1","tmean":13.05517246,"map":842.14285714}},
{"type":"Feature","geometry":{"type":"Polygon","coordinates":[[[29.444,-30.1303],[29.4573,-30.1208],[29.4593,-30.1123],[29.4539,-30.1034],[29.4548,-30.0946],[29.4475,-30.0802],[29.4506,-30.0751],[29.4456,-30.0635],[29.4448,-30.0783],[29.4391,-30.0876],[29.4417,-30.0964],[29.4292,-30.1009],[29.4453,-30.1097],[29.4372,-30.1248],[29.444,-30.1303]]]},"properties":{"tmax":35.38571439,"brucode":"Ye12a","tmin":-9.77142879,"bru_clean":"Ye12","tmean":13.54285717,"map":979.71428571}},
{"type":"Feature","geometry":{"type":"Polygon","coordinates":[[[29.3939,-30.1164],[29.3771,-30.1056],[29.3696,-30.1154],[29.3845,-30.117],[29.3916,-30.1272],[29.3983,-30.129],[29.4171,-30.1258],[29.4162,-30.1169],[29.3939,-30.1164]]]},"properties":{"tmax":34.90000153,"brucode":"Yf3","tmin":-10.69999981,"bru_clean":"Yf3","tmean":13,"map":862.5}},
{"type":"Feature","geometry":{"type":"Polygon","coordinates":[[[29.8614,-30.1203],[29.8737,-30.1169],[29.8891,-30.1207],[29.8814,-30.1266],[29.8748,-30.1394],[29.8791,-30.1468],[29.8912,-30.1465],[29.9008,-30.1424],[29.9078,-30.1201],[29.9074,-30.1058],[29.9074,-30.1032],[29.8832,-30.1103],[29.8627,-30.1125],[29.8614,-30.1203]]]},"properties":{"tmax":39.29999987,"brucode":"Yc23","tmin":-4.06666656,"bru_clean":"Yc23","tmean":17.06666629,"map":946.66666667}},
{"type":"Feature","geometry":{"type":"Polygon","coordinates":[[[29.8685,-30.1548],[29.8722,-30.159],[29.8858,-30.1672],[29.9003,-30.1678],[29.9116,-30.1622],[29.9092,-30.1424],[29.9124,-30.1192],[29.9224,-30.1261],[29.9321,-30.1263],[29.9414,-30.1324],[29.9417,-30.1257],[29.9249,-30.1179],[29.9162,-30.1056],[29.9074,-30.1058],[29.9078,-30.1201],[29.9008,-30.1424],[29.8912,-30.1465],[29.8791,-30.1468],[29.8748,-30.1394],[29.8814,-30.1266],[29.8891,-30.1207],[29.8737,-30.1169],[29.8614,-30.1203],[29.8691,-30.1257],[29.8681,-30.1362],[29.863,-30.1394],[29.8685,-30.1548]]]},"properties":{"tmax":39.96666718,"brucode":"Wc38","tmin":-3.43333332,"bru_clean":"Wc38","tmean":17.70000013,"map":925}},
{"type":"Feature","geometry":{"type":"Polygon","coordinates":[[[29.9003,-30.1678],[29.9206,-30.1629],[29.9243,-30.1769],[29.9375,-30.1828],[29.9244,-30.1653],[29.9297,-30.1462],[29.922,-30.1473],[29.9185,-30.1319],[29.9321,-30.1263],[29.9224,-30.1261],[29.9124,-30.1192],[29.9092,-30.1424],[29.9116,-30.1622],[29.9003,-30.1678]]]},"properties":{"tmax":39.96666718,"brucode":"Vb21","tmin":-3.63333337,"bru_clean":"Vb21","tmean":17.59999975,"map":934.33333333}},
{"type":"Feature","geometry":{"type":"Polygon","coordinates":[[[29.9321,-30.1263],[29.9185,-30.1319],[29.922,-30.1473],[29.9297,-30.1462],[29.9244,-30.1653],[29.9375,-30.1828],[29.951,-30.1807],[29.9661,-30.1675],[29.9694,-30.1599],[29.978,-30.1569],[29.983,-30.1653],[29.9667,-30.1739],[29.9542,-30.1962],[29.9618,-30.2069],[29.9729,-30.206],[29.9691,-30.2232],[29.9794,-30.209],[29.9796,-30.1972],[29.9726,-30.1788],[29.9818,-30.174],[29.9868,-30.1786],[30.0061,-30.1665],[29.9932,-30.1623],[29.9885,-30.1537],[29.9633,-30.1554],[29.9496,-30.1661],[29.9443,-30.1478],[29.9333,-30.1329],[29.9414,-30.1324],[29.9321,-30.1263]]]},"properties":{"tmax":40.16666688,"brucode":"Vc29a","tmin":-2.51111109,"bru_clean":"Vc29","tmean":18.14999972,"map":786}},
{"type":"Feature","geometry":{"type":"Polygon","coordinates":[[[29.8722,-30.159],[29.8667,-30.1687],[29.85,-30.1679],[29.8607,-30.1812],[29.8775,-30.1776],[29.8967,-30.1859],[29.8915,-30.1971],[29.8887,-30.2019],[29.9051,-30.2073],[29.914,-30.2042],[29.9233,-30.2117],[29.9334,-30.2256],[29.9271,-30.2302],[29.9375,-30.2332],[29.9483,-30.2273],[29.9568,-30.2359],[29.9612,-30.2282],[29.9531,-30.2199],[29.9528,-30.2123],[29.9346,-30.2045],[29.9264,-30.2097],[29.9153,-30.2022],[29.9232,-30.1941],[29.9155,-30.1835],[29.9138,-30.1707],[29.8935,-30.1733],[29.8858,-30.1672],[29.8722,-30.159]]]},"properties":{"tmax":39.59268291,"brucode":"UVb7a","tmin":-0.88536586,"bru_clean":"UVb7","tmean":18.44634149,"map":776.34146342}},
{"type":"Feature","geometry":{"type":"Polygon","coordinates":[[[30.0682,-30.3087],[30.0814,-30.3003],[30.0801,-30.2862],[30.0978,-30.2731],[30.0918,-30.2626],[30.0689,-30.2573],[30.0661,-30.2613],[30.0452,-30.2535],[30.033,-30.2563],[30.0432,-30.2655],[30.0525,-30.2671],[30.0488,-30.2793],[30.0368,-30.2663],[30.0343,-30.2764],[30.0267,-30.284],[30.0357,-30.3047],[30.0451,-30.3122],[30.0682,-30.3087]]]},"properties":{"tmax":39.31785706,"brucode":"UVb6a","tmin":-0.36428572,"bru_clean":"UVb6","tmean":18.47857141,"map":782.55172414}},
{"type":"Feature","geometry":{"type":"Polygon","coordinates":[[[30.0451,-30.3122],[30.0338,-30.3128],[30.0234,-30.3228],[30.0168,-30.3188],[30.0144,-30.3245],[30.0256,-30.3291],[30.0246,-30.3383],[30.0361,-30.3451],[30.0344,-30.3575],[30.0186,-30.3687],[30.023,-30.3756],[30.0465,-30.3778],[30.049,-30.3822],[30.0645,-30.3881],[30.0674,-30.4035],[30.0786,-30.4087],[30.0819,-30.4208],[30.0864,-30.4206],[30.0994,-30.411],[30.1068,-30.4145],[30.1098,-30.4231],[30.1207,-30.4258],[30.1271,-30.4335],[30.1392,-30.4345],[30.1425,-30.42],[30.1349,-30.4166],[30.1317,-30.4013],[30.1328,-30.3957],[30.1202,-30.3804],[30.1214,-30.3709],[30.1138,-30.3617],[30.1032,-30.3723],[30.0894,-30.3687],[30.0832,-30.3577],[30.0765,-30.3554],[30.0665,-30.3608],[30.0603,-30.3526],[30.0517,-30.3333],[30.0675,-30.332],[30.0734,-30.3155],[30.0682,-30.3087],[30.0451,-30.3122]]]},"properties":{"tmax":39.27142861,"brucode":"TUb12","tmin":0.35714286,"bru_clean":"TUb12","tmean":18.72380947,"map":791.47619048}},
{"type":"Feature","geometry":{"type":"Polygon","coordinates":[[[30.1328,-30.3957],[30.143,-30.3797],[30.1263,-30.3841],[30.1255,-30.3774],[30.1365,-30.3635],[30.1275,-30.3594],[30.1409,-30.345],[30.1517,-30.3408],[30.1672,-30.3331],[30.1793,-30.337],[30.1773,-30.326],[30.1652,-30.3257],[30.1495,-30.3311],[30.1512,-30.323],[30.1458,-30.3129],[30.132,-30.3072],[30.1123,-30.3127],[30.0966,-30.3204],[30.0957,-30.3111],[30.0744,-30.3103],[30.0734,-30.3155],[30.0675,-30.332],[30.0517,-30.3333],[30.0603,-30.3526],[30.0665,-30.3608],[30.0765,-30.3554],[30.0832,-30.3577],[30.0894,-30.3687],[30.1032,-30.3723],[30.1138,-30.3617],[30.1214,-30.3709],[30.1202,-30.3804],[30.1328,-30.3957]]]},"properties":{"tmax":39.31785706,"brucode":"UVb6b","tmin":-0.36428572,"bru_clean":"UVb6","tmean":18.47857141,"map":782.55172414}},
{"type":"Feature","geometry":{"type":"Polygon","coordinates":[[[29.343,-30.3882],[29.3432,-30.3935],[29.3316,-30.3966],[29.3346,-30.4057],[29.3431,-30.4064],[29.3504,-30.4169],[29.3588,-30.4113],[29.3694,-30.4101],[29.3833,-30.4153],[29.3953,-30.414],[29.4017,-30.4206],[29.3979,-30.4296],[29.418,-30.4416],[29.4349,-30.4405],[29.4355,-30.4515],[29.4356,-30.4622],[29.4586,-30.475],[29.4597,-30.4613],[29.4456,-30.4567],[29.4531,-30.4462],[29.453,-30.4353],[29.4419,-30.4296],[29.4279,-30.4271],[29.4121,-30.4238],[29.4097,-30.405],[29.3908,-30.3986],[29.3778,-30.3995],[29.3764,-30.3903],[29.3618,-30.3866],[29.3702,-30.3761],[29.3903,-30.3737],[29.3911,-30.3571],[29.3949,-30.3475],[29.4018,-30.3425],[29.4023,-30.3303],[29.4163,-30.3426],[29.4406,-30.3518],[29.4447,-30.3256],[29.4335,-30.3158],[29.414,-30.3129],[29.4152,-30.3185],[29.3949,-30.3211],[29.3858,-30.3196],[29.3781,-30.3253],[29.3686,-30.3176],[29.3482,-30.3185],[29.347,-30.3289],[29.3841,-30.3383],[29.3843,-30.3438],[29.3762,-30.3549],[29.3767,-30.3643],[29.3614,-30.3727],[29.3377,-30.372],[29.3303,-30.3602],[29.3477,-30.3541],[29.3494,-30.3475],[29.3333,-30.3419],[29.3248,-30.3484],[29.3097,-30.3543],[29.322,-30.3555],[29.3244,-30.3633],[29.3352,-30.3782],[29.3477,-30.38],[29.343,-30.3882]]]},"properties":{"tmax":36.03333337,"brucode":"VWd3","tmin":-9.26666673,"bru_clean":"VWd3","tmean":13.44761898,"map":721.13636364}},
{"type":"Feature","geometry":{"type":"Polygon","coordinates":[[[30.1317,-30.4013],[30.1516,-30.4045],[30.1562,-30.388],[30.1557,-30.3776],[30.1425,-30.3495],[30.149,-30.3482],[30.1517,-30.3408],[30.1409,-30.345],[30.1275,-30.3594],[30.1365,-30.3635],[30.1255,-30.3774],[30.1263,-30.3841],[30.143,-30.3797],[30.1328,-30.3957],[30.1317,-30.4013]]]},"properties":{"tmax":37.68823511,"brucode":"WXb1a","tmin":0.73529412,"bru_clean":"WXb1","tmean":18.55294115,"map":793.4375}},
{"type":"Feature","geometry":{"type":"Polygon","coordinates":[[[30.1937,-30.3605],[30.1775,-30.3494],[30.175,-30.3654],[30.1623,-30.3657],[30.1571,-30.3586],[30.157,-30.3494],[30.149,-30.3482],[30.1425,-30.3495],[30.1557,-30.3776],[30.1562,-30.388],[30.1516,-30.4045],[30.1317,-30.4013],[30.1349,-30.4166],[30.1425,-30.42],[30.1392,-30.4345],[30.1446,-30.4496],[30.1448,-30.4672],[30.1292,-30.4634],[30.1311,-30.4745],[30.1363,-30.486],[30.1312,-30.4974],[30.1228,-30.4982],[30.1183,-30.5179],[30.109,-30.5271],[30.1167,-30.5266],[30.1218,-30.5176],[30.1417,-30.5179],[30.1377,-30.5085],[30.1321,-30.4983],[30.1388,-30.4906],[30.1508,-30.4919],[30.1566,-30.4854],[30.1575,-30.4796],[30.1598,-30.4681],[30.1809,-30.4697],[30.1799,-30.4551],[30.1748,-30.4438],[30.1783,-30.4289],[30.1878,-30.4239],[30.203,-30.4223],[30.1947,-30.4126],[30.1857,-30.4112],[30.1941,-30.3949],[30.1809,-30.3972],[30.1781,-30.3722],[30.1869,-30.3625],[30.1937,-30.3605]]]},"properties":{"tmax":38.18823534,"brucode":"Vb25","tmin":1.28823528,"bru_clean":"Vb25","tmean":18.6235291,"map":805.27777778}},
{"type":"Feature","geometry":{"type":"Polygon","coordinates":[[[29.3155,-30.495],[29.2919,-30.4902],[29.2825,-30.4952],[29.2918,-30.505],[29.2981,-30.5059],[29.29,-30.5245],[29.3023,-30.5337],[29.3093,-30.5431],[29.3157,-30.5647],[29.2931,-30.5691],[29.2853,-30.5794],[29.2922,-30.5904],[29.3264,-30.604],[29.3378,-30.5958],[29.3442,-30.5866],[29.3347,-30.5808],[29.3405,-30.5609],[29.3486,-30.5534],[29.3646,-30.5605],[29.3887,-30.5576],[29.394,-30.5524],[29.4139,-30.557],[29.4237,-30.5643],[29.4453,-30.5468],[29.4407,-30.5393],[29.4459,-30.5332],[29.4621,-30.5345],[29.4689,-30.5141],[29.4638,-30.5044],[29.464,-30.493],[29.4846,-30.4739],[29.4841,-30.4674],[29.4946,-30.4632],[29.4989,-30.4683],[29.5098,-30.4655],[29.5119,-30.4564],[29.5055,-30.4501],[29.4957,-30.4504],[29.4913,-30.4438],[29.4955,-30.4368],[29.4839,-30.4342],[29.4738,-30.4414],[29.4588,-30.4253],[29.4582,-30.4147],[29.4493,-30.4109],[29.4279,-30.4271],[29.4419,-30.4296],[29.453,-30.4353],[29.4531,-30.4462],[29.4456,-30.4567],[29.4597,-30.4613],[29.4586,-30.475],[29.4568,-30.488],[29.4491,-30.5015],[29.4485,-30.5136],[29.444,-30.518],[29.425,-30.5033],[29.4224,-30.494],[29.4139,-30.4944],[29.4078,-30.5054],[29.3905,-30.4873],[29.3816,-30.4882],[29.3814,-30.4971],[29.3972,-30.5119],[29.4043,-30.5279],[29.3946,-30.5451],[29.3752,-30.5452],[29.3691,-30.5412],[29.361,-30.5179],[29.3656,-30.5088],[29.3604,-30.5024],[29.3655,-30.4928],[29.3652,-30.4842],[29.346,-30.4734],[29.3428,-30.4806],[29.3276,-30.4943],[29.3155,-30.495]]]},"properties":{"tmax":36.82083321,"brucode":"UVc11a","tmin":-7.66249999,"bru_clean":"UVc11","tmean":14.47499998,"map":715.97916667}},
{"type":"Feature","geometry":{"type":"Polygon","coordinates":[[[30.1207,-30.4258],[30.1103,-30.4305],[30.1076,-30.4402],[30.097,-30.4432],[30.0865,-30.4543],[30.0714,-30.4563],[30.0873,-30.4654],[30.1083,-30.4625],[30.1129,-30.4567],[30.1239,-30.4575],[30.1235,-30.472],[30.1311,-30.4745],[30.1292,-30.4634],[30.1448,-30.4672],[30.1446,-30.4496],[30.1392,-30.4345],[30.1271,-30.4335],[30.1207,-30.4258]]]},"properties":{"tmax":39.31785706,"brucode":"UVb6c","tmin":-0.36428572,"bru_clean":"UVb6","tmean":18.47857141,"map":782.55172414}},
{"type":"Feature","geometry":{"type":"Polygon","coordinates":[[[30.2072,-30.653],[30.202,-30.6493],[30.1985,-30.6254],[30.189,-30.6193],[30.1816,-30.6255],[30.1716,-30.6119],[30.1456,-30.6132],[30.1647,-30.6035],[30.1654,-30.5957],[30.1754,-30.578],[30.1635,-30.5759],[30.1636,-30.5514],[30.1576,-30.5468],[30.1441,-30.5489],[30.1363,-30.5598],[30.1287,-30.5448],[30.1086,-30.5421],[30.1006,-30.5339],[30.109,-30.5271],[30.1183,-30.5179],[30.1228,-30.4982],[30.1164,-30.4819],[30.1042,-30.4758],[30.0947,-30.4818],[30.0754,-30.4823],[30.0644,-30.4895],[30.0557,-30.4647],[30.0487,-30.4751],[30.0399,-30.4812],[30.0278,-30.5092],[30.0387,-30.519],[30.049,-30.5143],[30.0533,-30.505],[30.0599,-30.5034],[30.0645,-30.5198],[30.0725,-30.5194],[30.0802,-30.5261],[30.0659,-30.5395],[30.0665,-30.5466],[30.0775,-30.5512],[30.091,-30.5519],[30.1088,-30.5602],[30.1175,-30.5728],[30.1447,-30.5746],[30.1405,-30.5834],[30.1065,-30.5754],[30.0957,-30.5843],[30.086,-30.5978],[30.0664,-30.5938],[30.0631,-30.6022],[30.0741,-30.6075],[30.0877,-30.6043],[30.1037,-30.6093],[30.0986,-30.6164],[30.094,-30.6323],[30.1034,-30.6478],[30.0946,-30.6519],[30.0807,-30.6485],[30.0875,-30.6554],[30.1128,-30.6564],[30.1255,-30.668],[30.1192,-30.6776],[30.135,-30.6786],[30.1391,-30.693],[30.1469,-30.6926],[30.142,-30.6861],[30.1376,-30.671],[30.1446,-30.6639],[30.1516,-30.6738],[30.1548,-30.6872],[30.1617,-30.6848],[30.1756,-30.6893],[30.1775,-30.6757],[30.1842,-30.6767],[30.1929,-30.6699],[30.2095,-30.6672],[30.2165,-30.6726],[30.2226,-30.6605],[30.2351,-30.6567],[30.235,-30.6717],[30.2391,-30.6807],[30.2411,-30.6682],[30.2476,-30.6583],[30.2653,-30.6397],[30.2724,-30.6494],[30.282,-30.6511],[30.2953,-30.6452],[30.3068,-30.6356],[30.3254,-30.636],[30.3407,-30.649],[30.344,-30.6428],[30.3371,-30.624],[30.3183,-30.619],[30.3104,-30.6217],[30.2919,-30.6361],[30.2799,-30.6385],[30.2705,-30.6233],[30.2611,-30.6163],[30.2492,-30.6175],[30.2428,-30.6142],[30.2426,-30.598],[30.2336,-30.606],[30.2303,-30.6215],[30.2358,-30.6307],[30.2483,-30.639],[30.2386,-30.6461],[30.2072,-30.653]]]},"properties":{"tmax":39.16875017,"brucode":"Ta6","tmin":3.15312499,"bru_clean":"Ta6","tmean":19.09531268,"map":857.0952381}},
{"type":"Feature","geometry":{"type":"Polygon","coordinates":[[[30.0599,-30.5034],[30.0587,-30.5117],[30.0446,-30.5255],[30.029,-30.5229],[30.0201,-30.5279],[30.0035,-30.5238],[30.0061,-30.5132],[30.0038,-30.4942],[30.0104,-30.4841],[30.0159,-30.4854],[30.0209,-30.4696],[30.0003,-30.487],[29.9988,-30.5111],[29.9877,-30.5105],[29.9994,-30.5212],[30.0038,-30.5399],[30.0228,-30.5463],[30.0526,-30.5395],[30.0559,-30.5338],[30.0802,-30.5261],[30.0725,-30.5194],[30.0645,-30.5198],[30.0599,-30.5034]]]},"properties":{"tmax":39.31948055,"brucode":"Vb20b","tmin":0.56103896,"bru_clean":"Vb20","tmean":17.76883113,"map":841.2948718}},
{"type":"Feature","geometry":{"type":"Polygon","coordinates":[[[30.1566,-30.4854],[30.1508,-30.4919],[30.1388,-30.4906],[30.1321,-30.4983],[30.1377,-30.5085],[30.147,-30.5067],[30.1571,-30.5323],[30.147,-30.5333],[30.1498,-30.5441],[30.1584,-30.5406],[30.1704,-30.5555],[30.1817,-30.5521],[30.191,-30.5427],[30.1965,-30.5461],[30.2081,-30.5457],[30.2114,-30.5347],[30.1761,-30.5231],[30.1728,-30.5046],[30.1765,-30.4959],[30.1566,-30.4854]]]},"properties":{"tmax":37.88518524,"brucode":"Ub23b","tmin":2.19629628,"bru_clean":"Ub23","tmean":18.78888879,"map":852.96153846}},
{"type":"Feature","geometry":{"type":"Polygon","coordinates":[[[30.1965,-30.5461],[30.191,-30.5427],[30.1817,-30.5521],[30.1704,-30.5555],[30.1584,-30.5406],[30.1498,-30.5441],[30.147,-30.5333],[30.1571,-30.5323],[30.147,-30.5067],[30.1377,-30.5085],[30.1417,-30.5179],[30.1218,-30.5176],[30.1167,-30.5266],[30.109,-30.5271],[30.1006,-30.5339],[30.1086,-30.5421],[30.1287,-30.5448],[30.1363,-30.5598],[30.1441,-30.5489],[30.1576,-30.5468],[30.1636,-30.5514],[30.1635,-30.5759],[30.1754,-30.578],[30.1654,-30.5957],[30.1647,-30.6035],[30.1456,-30.6132],[30.1716,-30.6119],[30.1816,-30.6255],[30.189,-30.6193],[30.1985,-30.6254],[30.202,-30.6493],[30.2072,-30.653],[30.2099,-30.6437],[30.2057,-30.6269],[30.199,-30.6184],[30.1992,-30.6096],[30.1936,-30.6054],[30.1892,-30.5891],[30.1948,-30.5846],[30.1919,-30.5709],[30.1965,-30.5461]]]},"properties":{"tmax":39.85833327,"brucode":"Ua12","tmin":3.49166667,"bru_clean":"Ua12","tmean":19.22500022,"map":856.5}},
{"type":"Feature","geometry":{"type":"Polygon","coordinates":[[[29.6308,-30.6317],[29.6506,-30.6307],[29.6585,-30.6254],[29.667,-30.6374],[29.6849,-30.6424],[29.6891,-30.6374],[29.6867,-30.6266],[29.6873,-30.6056],[29.6714,-30.5963],[29.6692,-30.5905],[29.6783,-30.5815],[29.6703,-30.5694],[29.687,-30.5662],[29.6721,-30.5576],[29.6695,-30.5294],[29.6812,-30.5407],[29.6859,-30.5526],[29.6929,-30.5589],[29.7088,-30.5558],[29.6951,-30.5425],[29.707,-30.5331],[29.7186,-30.5184],[29.7113,-30.5161],[29.7039,-30.5226],[29.6947,-30.5193],[29.6698,-30.5195],[29.6526,-30.5229],[29.6462,-30.5269],[29.6471,-30.538],[29.6655,-30.551],[29.6678,-30.5601],[29.6556,-30.5646],[29.6587,-30.5877],[29.6516,-30.5896],[29.6442,-30.5837],[29.6396,-30.5987],[29.6284,-30.6105],[29.6424,-30.6184],[29.6308,-30.6317]]]},"properties":{"tmax":37.51250029,"brucode":"Zc8","tmin":-5.20000005,"bru_clean":"Zc8","tmean":15.06875008,"map":889}},
{"type":"Feature","geometry":{"type":"Polygon","coordinates":[[[29.5809,-30.5422],[29.5766,-30.5417],[29.5704,-30.5246],[29.5615,-30.5163],[29.5514,-30.5187],[29.5694,-30.5333],[29.5692,-30.5508],[29.5767,-30.5584],[29.602,-30.5611],[29.6019,-30.566],[29.5881,-30.5704],[29.583,-30.5763],[29.5664,-30.5744],[29.559,-30.5675],[29.5566,-30.5569],[29.5493,-30.5437],[29.5262,-30.5463],[29.5223,-30.5564],[29.5059,-30.5687],[29.5094,-30.5761],[29.5286,-30.5746],[29.537,-30.5795],[29.5332,-30.5934],[29.5272,-30.6027],[29.5218,-30.622],[29.53,-30.6287],[29.5339,-30.6158],[29.5416,-30.6076],[29.5504,-30.6039],[29.565,-30.6087],[29.5731,-30.6002],[29.5751,-30.5868],[29.5895,-30.5908],[29.5991,-30.583],[29.5928,-30.5732],[29.6126,-30.5657],[29.6182,-30.5565],[29.5967,-30.5569],[29.5894,-30.5455],[29.5809,-30.5422]]]},"properties":{"tmax":36.60000023,"brucode":"Ud6","tmin":-8.65384623,"bru_clean":"Ud6","tmean":13.31538464,"map":642.61538462}},
{"type":"Feature","geometry":{"type":"Polygon","coordinates":[[[29.9994,-30.5212],[29.9843,-30.5287],[29.9854,-30.5377],[29.9774,-30.553],[29.9644,-30.5429],[29.9675,-30.5487],[29.9601,-30.56],[29.9492,-30.5633],[29.9548,-30.572],[29.9703,-30.56],[29.9828,-30.5623],[30.0071,-30.5544],[30.0111,-30.5571],[30.0228,-30.5463],[30.0038,-30.5399],[29.9994,-30.5212]]]},"properties":{"tmax":38.65999985,"brucode":"Xb11","tmin":-0.36,"bru_clean":"Xb11","tmean":17.71999969,"map":874.2}},
{"type":"Feature","geometry":{"type":"Polygon","coordinates":[[[29.5751,-30.5868],[29.5791,-30.5947],[29.5678,-30.6114],[29.5545,-30.62],[29.556,-30.6417],[29.5331,-30.6326],[29.5243,-30.6366],[29.5332,-30.6425],[29.5518,-30.6457],[29.57,-30.6402],[29.5605,-30.6268],[29.5605,-30.6184],[29.5773,-30.6101],[29.5778,-30.6018],[29.5868,-30.5946],[29.596,-30.595],[29.5987,-30.5885],[29.616,-30.5808],[29.6154,-30.5699],[29.6271,-30.5671],[29.6294,-30.5599],[29.6432,-30.5582],[29.6441,-30.5412],[29.6278,-30.5334],[29.6185,-30.5331],[29.6188,-30.522],[29.6,-30.5248],[29.5981,-30.5318],[29.6036,-30.5382],[29.5809,-30.5422],[29.5894,-30.5455],[29.5967,-30.5569],[29.6182,-30.5565],[29.6126,-30.5657],[29.5928,-30.5732],[29.5991,-30.583],[29.5895,-30.5908],[29.5751,-30.5868]]]},"properties":{"tmax":36.73749971,"brucode":"Xd9","tmin":-8.08750004,"bru_clean":"Xd9","tmean":13.36250019,"map":761.5}},
{"type":"Feature","geometry":{"type":"Polygon","coordinates":[[[30.0807,-30.6485],[30.0946,-30.6519],[30.1034,-30.6478],[30.094,-30.6323],[30.0986,-30.6164],[30.1037,-30.6093],[30.0877,-30.6043],[30.0741,-30.6075],[30.0631,-30.6022],[30.0664,-30.5938],[30.086,-30.5978],[30.0957,-30.5843],[30.1065,-30.5754],[30.1405,-30.5834],[30.1447,-30.5746],[30.1175,-30.5728],[30.1088,-30.5602],[30.091,-30.5519],[30.0775,-30.5512],[30.0665,-30.5466],[30.0659,-30.5395],[30.0802,-30.5261],[30.0559,-30.5338],[30.0526,-30.5395],[30.0228,-30.5463],[30.0111,-30.5571],[30.0335,-30.5568],[30.0331,-30.5725],[30.0252,-30.5799],[30.0298,-30.5879],[30.0402,-30.5823],[30.0389,-30.5749],[30.0581,-30.5605],[30.063,-30.5478],[30.0716,-30.5566],[30.0834,-30.5623],[30.0747,-30.5699],[30.0726,-30.5833],[30.0641,-30.5883],[30.0484,-30.5786],[30.0456,-30.587],[30.0325,-30.5884],[30.0168,-30.6015],[30.0258,-30.6074],[30.0258,-30.6153],[30.0174,-30.6219],[30.0153,-30.6305],[30.0251,-30.6362],[30.0396,-30.6339],[30.0441,-30.6408],[30.0633,-30.6395],[30.076,-30.6495],[30.0807,-30.6485]]]},"properties":{"tmax":39.36363654,"brucode":"Ub24","tmin":2.17727271,"bru_clean":"Ub24","tmean":18.22727255,"map":861.82608696}},
{"type":"Feature","geometry":{"type":"Polygon","coordinates":[[[29.8801,-30.5554],[29.8615,-30.5562],[29.8594,-30.5484],[29.8664,-30.5431],[29.8732,-30.5256],[29.8592,-30.5403],[29.8393,-30.5427],[29.8248,-30.5352],[29.817,-30.5472],[29.7978,-30.5472],[29.7909,-30.5572],[29.7963,-30.5705],[29.7859,-30.5744],[29.7818,-30.5819],[29.7661,-30.5866],[29.7689,-30.5983],[29.7602,-30.6065],[29.7626,-30.6128],[29.7743,-30.6192],[29.7762,-30.6281],[29.7701,-30.6345],[29.7843,-30.6479],[29.7964,-30.6473],[29.7898,-30.636],[29.8114,-30.6366],[29.828,-30.6292],[29.8346,-30.6479],[29.8448,-30.661],[29.8383,-30.672],[29.8414,-30.6833],[29.85,-30.6929],[29.8544,-30.6825],[29.8628,-30.6939],[29.8815,-30.6953],[29.878,-30.6873],[29.8857,-30.6724],[29.8768,-30.6706],[29.8655,-30.6771],[29.8559,-30.6758],[29.8548,-30.6448],[29.8464,-30.6475],[29.8439,-30.6382],[29.8539,-30.6308],[29.876,-30.6332],[29.8621,-30.6295],[29.8674,-30.6186],[29.8923,-30.6194],[29.8924,-30.6117],[29.8771,-30.5901],[29.8647,-30.5776],[29.8576,-30.5764],[29.8433,-30.5818],[29.8476,-30.5688],[29.856,-30.5716],[29.8781,-30.5607],[29.8801,-30.5554]]]},"properties":{"tmax":38.43170734,"brucode":"WXc10","tmin":-2.42682926,"bru_clean":"WXc10","tmean":16.57317078,"map":848.43902439}},
{"type":"Feature","geometry":{"type":"Polygon","coordinates":[[[29.6471,-30.538],[29.6441,-30.5412],[29.6432,-30.5582],[29.6344,-30.5753],[29.6184,-30.5881],[29.6143,-30.5998],[29.6045,-30.6114],[29.6107,-30.626],[29.588,-30.6332],[29.5824,-30.6425],[29.5809,-30.6538],[29.5938,-30.6655],[29.6088,-30.6702],[29.6147,-30.6607],[29.6237,-30.6601],[29.6332,-30.6675],[29.6413,-30.6604],[29.653,-30.6568],[29.6464,-30.6462],[29.6283,-30.6387],[29.6308,-30.6317],[29.6424,-30.6184],[29.6284,-30.6105],[29.6396,-30.5987],[29.6442,-30.5837],[29.6516,-30.5896],[29.6587,-30.5877],[29.6556,-30.5646],[29.6678,-30.5601],[29.6655,-30.551],[29.6471,-30.538]]]},"properties":{"tmax":37.2249999,"brucode":"Zd11","tmin":-6.46875006,"bru_clean":"Zd11","tmean":14.30624992,"map":915.125}},
{"type":"Feature","geometry":{"type":"Polygon","coordinates":[[[29.9548,-30.572],[29.9447,-30.5763],[29.9348,-30.5593],[29.9299,-30.5578],[29.9236,-30.5445],[29.9057,-30.5511],[29.894,-30.5596],[29.8801,-30.5554],[29.8781,-30.5607],[29.8955,-30.5628],[29.9204,-30.5576],[29.9244,-30.5712],[29.9162,-30.5904],[29.93,-30.6164],[29.9431,-30.6193],[29.9501,-30.6246],[29.9642,-30.6206],[29.967,-30.6282],[29.9782,-30.6215],[29.9839,-30.6279],[29.9878,-30.6426],[29.9969,-30.6374],[30.0082,-30.6361],[30.0117,-30.6409],[30.0251,-30.6362],[30.0153,-30.6305],[30.0174,-30.6219],[30.0258,-30.6153],[30.0258,-30.6074],[30.0168,-30.6015],[30.0325,-30.5884],[30.0456,-30.587],[30.0484,-30.5786],[30.0641,-30.5883],[30.0726,-30.5833],[30.0747,-30.5699],[30.0834,-30.5623],[30.0716,-30.5566],[30.063,-30.5478],[30.0581,-30.5605],[30.0389,-30.5749],[30.0402,-30.5823],[30.0298,-30.5879],[30.0252,-30.5799],[30.0331,-30.5725],[30.0335,-30.5568],[30.0111,-30.5571],[30.0071,-30.5544],[29.9828,-30.5623],[29.9703,-30.56],[29.9548,-30.572]]]},"properties":{"tmax":38.81034443,"brucode":"Wb21","tmin":0.52413793,"bru_clean":"Wb21","tmean":17.50344829,"map":837.53571429}},
{"type":"Feature","geometry":{"type":"Polygon","coordinates":[[[30.071,-30.6839],[30.0636,-30.6816],[30.068,-30.6628],[30.0777,-30.6621],[30.0873,-30.6694],[30.0878,-30.6587],[30.076,-30.6495],[30.0633,-30.6395],[30.0441,-30.6408],[30.0396,-30.6339],[30.0251,-30.6362],[30.0117,-30.6409],[30.0082,-30.6361],[29.9969,-30.6374],[29.9878,-30.6426],[29.9839,-30.6279],[29.9782,-30.6215],[29.967,-30.6282],[29.9642,-30.6206],[29.9501,-30.6246],[29.9431,-30.6193],[29.93,-30.6164],[29.9162,-30.5904],[29.9244,-30.5712],[29.9204,-30.5576],[29.8955,-30.5628],[29.8781,-30.5607],[29.856,-30.5716],[29.8476,-30.5688],[29.8433,-30.5818],[29.8576,-30.5764],[29.8647,-30.5776],[29.8771,-30.5901],[29.8924,-30.6117],[29.8923,-30.6194],[29.8674,-30.6186],[29.8621,-30.6295],[29.876,-30.6332],[29.887,-30.6439],[29.8955,-30.6403],[29.9117,-30.6533],[29.9036,-30.6629],[29.8848,-30.6571],[29.8913,-30.6683],[29.8995,-30.6709],[29.9299,-30.6728],[29.9435,-30.6672],[29.956,-30.6668],[29.9625,-30.6616],[29.9759,-30.666],[29.9766,-30.6742],[29.9869,-30.6742],[29.9922,-30.686],[29.9903,-30.7026],[29.9938,-30.708],[29.9846,-30.7172],[29.9842,-30.7288],[29.9641,-30.7495],[29.9669,-30.7536],[29.9823,-30.754],[29.9913,-30.7949],[29.989,-30.8055],[29.9762,-30.8107],[29.9762,-30.8307],[29.9906,-30.8232],[29.9947,-30.81],[30.0075,-30.821],[30.0137,-30.8129],[30.0087,-30.8007],[29.9947,-30.7964],[29.9927,-30.7788],[30.0051,-30.7631],[30.0056,-30.7836],[30.0158,-30.7878],[30.0243,-30.7864],[30.0347,-30.793],[30.0417,-30.8037],[30.0517,-30.8081],[30.0586,-30.8161],[30.0647,-30.8054],[30.0564,-30.7978],[30.0435,-30.7979],[30.0415,-30.7858],[30.0224,-30.7656],[30.011,-30.7566],[30.0134,-30.739],[30.0267,-30.7396],[30.057,-30.7564],[30.0546,-30.7662],[30.0701,-30.777],[30.0728,-30.7702],[30.091,-30.7716],[30.0978,-30.7651],[30.1082,-30.7617],[30.1109,-30.7551],[30.1029,-30.7475],[30.0708,-30.7472],[30.0574,-30.7186],[30.0615,-30.7018],[30.0695,-30.6929],[30.071,-30.6839]]]},"properties":{"tmax":39.31948055,"brucode":"Vb20a","tmin":0.56103896,"bru_clean":"Vb20","tmean":17.76883113,"map":841.2948718}},
{"type":"Feature","geometry":{"type":"Polygon","coordinates":[[[29.5332,-30.6425],[29.5423,-30.6468],[29.5712,-30.6558],[29.5809,-30.6538],[29.5824,-30.6425],[29.588,-30.6332],[29.6107,-30.626],[29.6045,-30.6114],[29.6143,-30.5998],[29.6184,-30.5881],[29.6344,-30.5753],[29.6432,-30.5582],[29.6294,-30.5599],[29.6271,-30.5671],[29.6154,-30.5699],[29.616,-30.5808],[29.5987,-30.5885],[29.596,-30.595],[29.5868,-30.5946],[29.5778,-30.6018],[29.5773,-30.6101],[29.5605,-30.6184],[29.5605,-30.6268],[29.57,-30.6402],[29.5518,-30.6457],[29.5332,-30.6425]]]},"properties":{"tmax":36.25555589,"brucode":"Ye10b","tmin":-8.73333338,"bru_clean":"Ye10","tmean":13.01111105,"map":774.33333333}},
{"type":"Feature","geometry":{"type":"Polygon","coordinates":[[[29.447,-30.6367],[29.4686,-30.6242],[29.5124,-30.6182],[29.5243,-30.6366],[29.5331,-30.6326],[29.556,-30.6417],[29.5545,-30.62],[29.5678,-30.6114],[29.5791,-30.5947],[29.5751,-30.5868],[29.5731,-30.6002],[29.565,-30.6087],[29.5504,-30.6039],[29.5416,-30.6076],[29.5339,-30.6158],[29.53,-30.6287],[29.5218,-30.622],[29.5272,-30.6027],[29.5122,-30.6024],[29.5008,-30.5988],[29.477,-30.5983],[29.4709,-30.6048],[29.4521,-30.6066],[29.448,-30.6231],[29.4297,-30.6213],[29.4073,-30.6261],[29.3952,-30.6436],[29.4013,-30.6394],[29.4146,-30.6398],[29.4345,-30.6312],[29.4371,-30.6373],[29.447,-30.6367]]]},"properties":{"tmax":36.7,"brucode":"Vd12","tmin":-8.33999996,"bru_clean":"Vd12","tmean":13.68000002,"map":701.1}},
{"type":"Feature","geometry":{"type":"Polygon","coordinates":[[[29.9669,-30.7536],[29.9641,-30.7495],[29.9842,-30.7288],[29.9846,-30.7172],[29.9938,-30.708],[29.9903,-30.7026],[29.9922,-30.686],[29.9869,-30.6742],[29.9766,-30.6742],[29.9759,-30.666],[29.9625,-30.6616],[29.956,-30.6668],[29.9435,-30.6672],[29.9299,-30.6728],[29.8995,-30.6709],[29.8913,-30.6683],[29.8848,-30.6571],[29.9036,-30.6629],[29.9117,-30.6533],[29.8955,-30.6403],[29.887,-30.6439],[29.876,-30.6332],[29.8539,-30.6308],[29.8439,-30.6382],[29.8464,-30.6475],[29.8548,-30.6448],[29.8559,-30.6758],[29.8655,-30.6771],[29.8768,-30.6706],[29.8857,-30.6724],[29.878,-30.6873],[29.8815,-30.6953],[29.8628,-30.6939],[29.8544,-30.6825],[29.85,-30.6929],[29.8414,-30.6833],[29.8383,-30.672],[29.8448,-30.661],[29.8346,-30.6479],[29.828,-30.6292],[29.8114,-30.6366],[29.7898,-30.636],[29.7964,-30.6473],[29.7843,-30.6479],[29.7701,-30.6345],[29.7622,-30.625],[29.7545,-30.6332],[29.7625,-30.6436],[29.7646,-30.6605],[29.7455,-30.6692],[29.7509,-30.6745],[29.7581,-30.6911],[29.735,-30.6893],[29.7326,-30.7012],[29.7201,-30.697],[29.7179,-30.6887],[29.7037,-30.6977],[29.6938,-30.6883],[29.6953,-30.6961],[29.7031,-30.7032],[29.7138,-30.7039],[29.7309,-30.714],[29.7415,-30.7234],[29.7494,-30.7197],[29.7709,-30.7182],[29.7713,-30.7064],[29.7814,-30.7052],[29.7861,-30.6985],[29.8009,-30.7086],[29.8111,-30.6983],[29.8146,-30.7066],[29.8042,-30.7154],[29.8099,-30.7308],[29.8187,-30.7236],[29.8275,-30.7232],[29.8251,-30.7344],[29.8333,-30.7424],[29.8521,-30.7473],[29.848,-30.7579],[29.8726,-30.7553],[29.892,-30.7562],[29.9,-30.7623],[29.9033,-30.7709],[29.9286,-30.7588],[29.9336,-30.7631],[29.9537,-30.7687],[29.9537,-30.762],[29.9669,-30.7536]]]},"properties":{"tmax":39.37162183,"brucode":"Wb20","tmin":-0.81216216,"bru_clean":"Wb20","tmean":17.37972966,"map":876.85135135}},
{"type":"Feature","geometry":{"type":"Polygon","coordinates":[[[29.5096,-30.003],[29.5203,-30.0107],[29.5291,-30.0173],[29.5372,-30.0171],[29.5338,-30.0062],[29.5605,-30.0105],[29.5749,-30.0218],[29.5808,-30.0193],[29.589,-30.0287],[29.6012,-30.02],[29.5991,-30.0125],[29.5899,-30.0032],[29.5798,-30.005],[29.5683,-30.0012],[29.5709,-29.9906],[29.5646,-29.9832],[29.5728,-29.9758],[29.5661,-29.9704],[29.5744,-29.9615],[29.5571,-29.9611],[29.5465,-29.9644],[29.544,-29.9581],[29.5345,-29.9556],[29.5211,-29.9592],[29.5133,-29.9365],[29.5161,-29.9205],[29.5336,-29.9081],[29.5441,-29.9138],[29.5423,-29.89],[29.5312,-29.8889],[29.5424,-29.8787],[29.5541,-29.872],[29.5737,-29.8647],[29.5627,-29.8568],[29.5459,-29.8496],[29.5414,-29.8405],[29.5473,-29.8306],[29.5572,-29.8268],[29.5654,-29.8158],[29.5636,-29.8057],[29.5544,-29.8106],[29.535,-29.8063],[29.5334,-29.7993],[29.5191,-29.8112],[29.5098,-29.8083],[29.4839,-29.8144],[29.4908,-29.8246],[29.4983,-29.8249],[29.4992,-29.8414],[29.4917,-29.8521],[29.4849,-29.8516],[29.4604,-29.8607],[29.4577,-29.8709],[29.4787,-29.8731],[29.4975,-29.8541],[29.512,-29.8583],[29.5104,-29.8664],[29.4986,-29.8759],[29.4862,-29.8734],[29.4809,-29.8805],[29.4585,-29.8831],[29.4464,-29.881],[29.44,-29.8869],[29.4477,-29.8965],[29.4349,-29.8999],[29.4247,-29.8974],[29.4141,-29.9032],[29.4259,-29.9149],[29.4295,-29.9254],[29.4413,-29.927],[29.4488,-29.9507],[29.4546,-29.958],[29.4708,-29.9599],[29.4837,-29.9582],[29.4856,-29.9842],[29.4977,-29.9904],[29.5062,-29.9887],[29.5115,-29.9944],[29.5096,-30.003]]]},"properties":{"tmax":36.70338996,"brucode":"Xd5","tmin":-8.93728813,"bru_clean":"Xd5","tmean":14.54067802,"map":827.52542373}},
{"type":"Feature","geometry":{"type":"Polygon","coordinates":[[[29.6451,-29.8543],[29.6415,-29.8618],[29.6446,-29.8726],[29.6356,-29.8933],[29.6508,-29.9067],[29.6749,-29.9148],[29.6828,-29.9217],[29.6906,-29.9369],[29.681,-29.9375],[29.6784,-29.9308],[29.6571,-29.9227],[29.6431,-29.9221],[29.6379,-29.909],[29.6209,-29.9034],[29.614,-29.8962],[29.5988,-29.8885],[29.5974,-29.8814],[29.5915,-29.901],[29.5942,-29.9044],[29.6102,-29.9039],[29.6172,-29.9111],[29.6124,-29.9379],[29.6215,-29.9464],[29.6467,-29.9592],[29.6564,-29.9564],[29.6745,-29.9693],[29.6679,-29.9732],[29.6597,-29.9853],[29.6524,-29.9882],[29.6413,-29.986],[29.6417,-29.9987],[29.6594,-29.9994],[29.6694,-29.9931],[29.6705,-30.0111],[29.6781,-30.0196],[29.6795,-30.036],[29.6681,-30.0349],[29.6748,-30.0257],[29.6728,-30.0187],[29.6586,-30.0089],[29.6505,-30.0071],[29.6361,-30.0115],[29.6241,-30.0058],[29.6019,-30.0104],[29.6191,-30.0216],[29.6352,-30.0225],[29.6355,-30.0328],[29.6293,-30.0329],[29.63,-30.0382],[29.632,-30.0343],[29.6479,-30.0454],[29.6536,-30.0478],[29.655,-30.0571],[29.6757,-30.0681],[29.6754,-30.0794],[29.6914,-30.0829],[29.6975,-30.0759],[29.7142,-30.0825],[29.7302,-30.0861],[29.7341,-30.0725],[29.7429,-30.0708],[29.7348,-30.0643],[29.7411,-30.0525],[29.7305,-30.0406],[29.7135,-30.0423],[29.7123,-30.0352],[29.6939,-30.0314],[29.6927,-30.0172],[29.6996,-30.0148],[29.7117,-30.0178],[29.7108,-30.006],[29.7159,-29.9994],[29.7342,-29.996],[29.7463,-29.9897],[29.7659,-29.9928],[29.7649,-29.9998],[29.7744,-30.0191],[29.7841,-30.0125],[29.7971,-29.9962],[29.8134,-29.9934],[29.8101,-29.9886],[29.821,-29.9783],[29.8304,-29.9897],[29.8447,-29.9927],[29.8512,-29.9862],[29.8412,-29.9773],[29.8479,-29.965],[29.8255,-29.9633],[29.8147,-29.9478],[29.8134,-29.9388],[29.7999,-29.9226],[29.7915,-29.9192],[29.7839,-29.9281],[29.7668,-29.9244],[29.7646,-29.9168],[29.7531,-29.9255],[29.7503,-29.9359],[29.7428,-29.9382],[29.7489,-29.9469],[29.7578,-29.9511],[29.761,-29.9638],[29.7598,-29.973],[29.7406,-29.9807],[29.7233,-29.9833],[29.715,-29.9586],[29.7173,-29.9374],[29.742,-29.9226],[29.7368,-29.9149],[29.7375,-29.8951],[29.7306,-29.8699],[29.7123,-29.8773],[29.7032,-29.8841],[29.7024,-29.8967],[29.6952,-29.8975],[29.6879,-29.8761],[29.6745,-29.8745],[29.6724,-29.8831],[29.6632,-29.8801],[29.6606,-29.8636],[29.6537,-29.8659],[29.6451,-29.8543]]]},"properties":{"tmax":38.22142878,"brucode":"Yc15","tmin":-5.59999997,"bru_clean":"Yc15","tmean":15.84880953,"map":929.76829268}},
{"type":"Feature","geometry":{"type":"Polygon","coordinates":[[[29.5345,-29.9556],[29.544,-29.9581],[29.5465,-29.9644],[29.5571,-29.9611],[29.5744,-29.9615],[29.5661,-29.9704],[29.5728,-29.9758],[29.5646,-29.9832],[29.5709,-29.9906],[29.5683,-30.0012],[29.5798,-30.005],[29.5899,-30.0032],[29.5991,-30.0125],[29.6019,-30.0104],[29.6241,-30.0058],[29.6361,-30.0115],[29.6505,-30.0071],[29.6586,-30.0089],[29.6728,-30.0187],[29.6748,-30.0257],[29.6681,-30.0349],[29.6795,-30.036],[29.6781,-30.0196],[29.6705,-30.0111],[29.6694,-29.9931],[29.6594,-29.9994],[29.6417,-29.9987],[29.6413,-29.986],[29.6524,-29.9882],[29.6597,-29.9853],[29.6679,-29.9732],[29.6745,-29.9693],[29.6564,-29.9564],[29.6467,-29.9592],[29.6215,-29.9464],[29.6115,-29.9489],[29.6105,-29.9389],[29.5973,-29.9446],[29.585,-29.9332],[29.5814,-29.9417],[29.5589,-29.9371],[29.5401,-29.9552],[29.5345,-29.9556]]]},"properties":{"tmax":37.65217408,"brucode":"Yd20","tmin":-7.92608701,"bru_clean":"Yd20","tmean":14.75652176,"map":883.34782609}},
{"type":"Feature","geometry":{"type":"Polygon","coordinates":[[[29.4325,-30.0002],[29.4396,-30.0068],[29.4568,-30.009],[29.47,-30.012],[29.4825,-30.0077],[29.4907,-30.0152],[29.5132,-30.0139],[29.522,-30.0201],[29.5244,-30.0292],[29.5312,-30.0297],[29.5409,-30.0176],[29.5372,-30.0171],[29.5291,-30.0173],[29.5203,-30.0107],[29.5033,-30.0081],[29.4968,-30.0111],[29.4803,-30.0027],[29.4763,-29.986],[29.4598,-29.9952],[29.4583,-30.0045],[29.444,-30.0017],[29.4417,-29.988],[29.4292,-29.9896],[29.4325,-30.0002]]]},"properties":{"tmax":35.40000025,"brucode":"Xd10","tmin":-9.20000013,"bru_clean":"Xd10","tmean":14.10000006,"map":846.66666667}},
{"type":"Feature","geometry":{"type":"Polygon","coordinates":[[[29.5372,-30.0171],[29.5409,-30.0176],[29.5686,-30.0347],[29.5628,-30.0423],[29.5691,-30.0478],[29.5828,-30.0411],[29.5843,-30.0499],[29.5652,-30.0513],[29.5603,-30.0448],[29.545,-30.0445],[29.534,-30.0412],[29.526,-30.0519],[29.5123,-30.054],[29.5101,-30.0591],[29.5187,-30.066],[29.5312,-30.0685],[29.5302,-30.0887],[29.5424,-30.0662],[29.5627,-30.0724],[29.5681,-30.0823],[29.5643,-30.0934],[29.5708,-30.1013],[29.5853,-30.1068],[29.598,-30.1037],[29.5992,-30.1119],[29.6068,-30.1189],[29.621,-30.1203],[29.6249,-30.1147],[29.6193,-30.096],[29.6039,-30.0845],[29.6079,-30.0756],[29.5979,-30.0744],[29.574,-30.0781],[29.5695,-30.0705],[29.585,-30.0655],[29.6017,-30.0694],[29.6077,-30.0735],[29.6184,-30.0723],[29.6199,-30.0805],[29.6279,-30.0871],[29.6321,-30.1045],[29.6396,-30.1016],[29.6449,-30.0926],[29.6548,-30.0945],[29.6612,-30.0853],[29.6588,-30.0801],[29.6409,-30.0869],[29.629,-30.0681],[29.6203,-30.0603],[29.5935,-30.0513],[29.595,-30.043],[29.5909,-30.0368],[29.5797,-30.0353],[29.5689,-30.0186],[29.5605,-30.0105],[29.5338,-30.0062],[29.5372,-30.0171]]]},"properties":{"tmax":37.33749986,"brucode":"VWc7","tmin":-6.02499995,"bru_clean":"VWc7","tmean":15.73124999,"map":861.25}},
{"type":"Feature","geometry":{"type":"Polygon","coordinates":[[[29.5605,-30.0105],[29.5689,-30.0186],[29.5797,-30.0353],[29.5909,-30.0368],[29.595,-30.043],[29.6009,-30.0395],[29.63,-30.0382],[29.6293,-30.0329],[29.6355,-30.0328],[29.6352,-30.0225],[29.6191,-30.0216],[29.6019,-30.0104],[29.5991,-30.0125],[29.6012,-30.02],[29.589,-30.0287],[29.5808,-30.0193],[29.5749,-30.0218],[29.5605,-30.0105]]]},"properties":{"tmax":38.64545441,"brucode":"Xc12a","tmin":-4.55454545,"bru_clean":"Xc12","tmean":16.68636352,"map":821.86363636}},
{"type":"Feature","geometry":{"type":"Polygon","coordinates":[[[29.441,-30.0542],[29.4456,-30.0635],[29.4506,-30.0751],[29.4528,-30.0749],[29.4645,-30.0577],[29.4699,-30.058],[29.4915,-30.0505],[29.526,-30.0519],[29.534,-30.0412],[29.5237,-30.0472],[29.5124,-30.0436],[29.5005,-30.0439],[29.4892,-30.0343],[29.4769,-30.0329],[29.4772,-30.0248],[29.47,-30.012],[29.4568,-30.009],[29.4384,-30.0155],[29.4339,-30.0271],[29.4368,-30.0343],[29.4461,-30.0332],[29.4481,-30.0481],[29.441,-30.0542]]]},"properties":{"tmax":35.25,"brucode":"Yd24","tmin":-9.0999999,"bru_clean":"Yd24","tmean":14.06249976,"map":897.375}},
{"type":"Feature","geometry":{"type":"Polygon","coordinates":[[[29.4892,-30.0343],[29.5005,-30.0439],[29.5124,-30.0436],[29.5237,-30.0472],[29.534,-30.0412],[29.545,-30.0445],[29.5603,-30.0448],[29.5652,-30.0513],[29.5843,-30.0499],[29.5828,-30.0411],[29.5691,-30.0478],[29.5628,-30.0423],[29.5686,-30.0347],[29.5409,-30.0176],[29.5312,-30.0297],[29.5244,-30.0292],[29.522,-30.0201],[29.5132,-30.0139],[29.4907,-30.0152],[29.4819,-30.0182],[29.4833,-30.0303],[29.4892,-30.0343]]]},"properties":{"tmax":36.0666665,"brucode":"Yd27a","tmin":-8.63888897,"bru_clean":"Yd27","tmean":14.36666674,"map":937.66666667}},
{"type":"Feature","geometry":{"type":"Polygon","coordinates":[[[29.63,-30.0382],[29.6009,-30.0395],[29.595,-30.043],[29.5935,-30.0513],[29.6203,-30.0603],[29.629,-30.0681],[29.6409,-30.0869],[29.6588,-30.0801],[29.6612,-30.0853],[29.6548,-30.0945],[29.6449,-30.0926],[29.6396,-30.1016],[29.6321,-30.1045],[29.6279,-30.0871],[29.6199,-30.0805],[29.6184,-30.0723],[29.6077,-30.0735],[29.6017,-30.0694],[29.585,-30.0655],[29.5695,-30.0705],[29.574,-30.0781],[29.5979,-30.0744],[29.6079,-30.0756],[29.6039,-30.0845],[29.6193,-30.096],[29.6249,-30.1147],[29.621,-30.1203],[29.6068,-30.1189],[29.5891,-30.1235],[29.5655,-30.1419],[29.5813,-30.1419],[29.5965,-30.1485],[29.5955,-30.1544],[29.5976,-30.1583],[29.6131,-30.1614],[29.626,-30.167],[29.6284,-30.1602],[29.6403,-30.16],[29.6434,-30.1723],[29.6527,-30.1709],[29.6601,-30.1578],[29.6595,-30.1442],[29.6738,-30.1399],[29.6761,-30.1302],[29.6898,-30.1216],[29.6953,-30.1074],[29.7154,-30.1054],[29.7247,-30.1135],[29.7241,-30.1018],[29.7337,-30.0947],[29.7302,-30.0861],[29.7142,-30.0825],[29.6975,-30.0759],[29.6914,-30.0829],[29.6754,-30.0794],[29.6757,-30.0681],[29.655,-30.0571],[29.6536,-30.0478],[29.6479,-30.0454],[29.632,-30.0343],[29.63,-30.0382]]]},"properties":{"tmax":37.65294142,"brucode":"Vc31","tmin":-4.52058819,"bru_clean":"Vc31","tmean":16.27352959,"map":876.52941177}},
{"type":"Feature","geometry":{"type":"Polygon","coordinates":[[[29.2473,-30.2498],[29.2613,-30.246],[29.2717,-30.24],[29.27,-30.2292],[29.2793,-30.2116],[29.2939,-30.2094],[29.2955,-30.2165],[29.2807,-30.233],[29.2812,-30.248],[29.2972,-30.2446],[29.3086,-30.2336],[29.3176,-30.2335],[29.3219,-30.2415],[29.336,-30.251],[29.3706,-30.2414],[29.3719,-30.25],[29.3896,-30.2529],[29.3891,-30.2389],[29.3957,-30.2273],[29.3684,-30.2218],[29.3618,-30.208],[29.361,-30.1927],[29.3497,-30.1899],[29.3389,-30.1708],[29.3274,-30.1655],[29.312,-30.1682],[29.3051,-30.1634],[29.3084,-30.1553],[29.301,-30.147],[29.3128,-30.1369],[29.3237,-30.1256],[29.3267,-30.1167],[29.3368,-30.1136],[29.3518,-30.117],[29.3568,-30.1069],[29.3482,-30.1038],[29.3351,-30.1067],[29.3467,-30.0904],[29.3568,-30.0853],[29.3668,-30.0695],[29.3633,-30.0609],[29.3493,-30.0584],[29.3368,-30.05],[29.3302,-30.0563],[29.3213,-30.0569],[29.3103,-30.0629],[29.3067,-30.0535],[29.2978,-30.0635],[29.2654,-30.0767],[29.2551,-30.0702],[29.2607,-30.0635],[29.2753,-30.0631],[29.2889,-30.0545],[29.2801,-30.0457],[29.2528,-30.051],[29.2487,-30.0665],[29.2393,-30.0744],[29.2316,-30.0711],[29.2196,-30.0752],[29.2133,-30.0833],[29.1783,-30.1044],[29.1878,-30.1192],[29.1892,-30.1309],[29.1759,-30.1256],[29.1735,-30.1374],[29.1831,-30.1488],[29.1777,-30.1653],[29.1701,-30.1712],[29.1477,-30.1727],[29.1391,-30.1675],[29.1254,-30.1674],[29.1411,-30.1551],[29.1381,-30.1504],[29.1208,-30.1516],[29.1105,-30.1537],[29.1133,-30.1628],[29.1028,-30.1762],[29.113,-30.1875],[29.1201,-30.1892],[29.133,-30.1844],[29.1404,-30.2028],[29.1233,-30.1963],[29.123,-30.2026],[29.1284,-30.2104],[29.1355,-30.2146],[29.1298,-30.2192],[29.1346,-30.2328],[29.1469,-30.2185],[29.1585,-30.2213],[29.1702,-30.2329],[29.197,-30.2362],[29.2023,-30.2424],[29.2065,-30.2178],[29.2116,-30.2086],[29.2283,-30.2098],[29.2389,-30.2167],[29.2457,-30.2342],[29.2473,-30.2498]]]},"properties":{"tmax":36.22272724,"brucode":"Vd6a","tmin":-11.08909092,"bru_clean":"Vd6","tmean":14.31454541,"map":753.47272727}},
{"type":"Feature","geometry":{"type":"Polygon","coordinates":[[[29.526,-30.0519],[29.4915,-30.0505],[29.4699,-30.058],[29.4784,-30.0696],[29.4883,-30.061],[29.494,-30.0623],[29.5066,-30.0611],[29.5102,-30.0658],[29.5088,-30.0775],[29.504,-30.0807],[29.4918,-30.0786],[29.4907,-30.0873],[29.4992,-30.0881],[29.5095,-30.0987],[29.523,-30.0965],[29.5188,-30.1074],[29.5206,-30.123],[29.5095,-30.1311],[29.5119,-30.141],[29.5242,-30.1329],[29.5355,-30.1354],[29.5484,-30.1154],[29.5474,-30.1058],[29.5545,-30.1],[29.5698,-30.1151],[29.5992,-30.1119],[29.598,-30.1037],[29.5853,-30.1068],[29.5708,-30.1013],[29.5643,-30.0934],[29.5681,-30.0823],[29.5627,-30.0724],[29.5424,-30.0662],[29.5302,-30.0887],[29.5312,-30.0685],[29.5187,-30.066],[29.5101,-30.0591],[29.5123,-30.054],[29.526,-30.0519]]]},"properties":{"tmax":36.26923077,"brucode":"Xd11","tmin":-8.12307706,"bru_clean":"Xd11","tmean":14.5,"map":1010.23076923}},
{"type":"Feature","geometry":{"type":"Polygon","coordinates":[[[29.7943,-30.0557],[29.7942,-30.0556],[29.7929,-30.0685],[29.8108,-30.0726],[29.8226,-30.0797],[29.8201,-30.0853],[29.803,-30.0926],[29.8087,-30.1105],[29.8253,-30.0966],[29.8337,-30.1114],[29.825,-30.1255],[29.8394,-30.1349],[29.8393,-30.1388],[29.8481,-30.1438],[29.8639,-30.1621],[29.85,-30.1679],[29.8667,-30.1687],[29.8722,-30.159],[29.8685,-30.1548],[29.858,-30.1438],[29.8627,-30.137],[29.8531,-30.1189],[29.8574,-30.0988],[29.8496,-30.0943],[29.8374,-30.0981],[29.8285,-30.0929],[29.8337,-30.0819],[29.8292,-30.0734],[29.8135,-30.0668],[29.8094,-30.055],[29.7998,-30.0647],[29.7943,-30.0557]]]},"properties":{"tmax":39.45714297,"brucode":"Uc17","tmin":-4.0285714,"bru_clean":"Uc17","tmean":17.20000022,"map":830.42857143}},
{"type":"Feature","geometry":{"type":"Polygon","coordinates":[[[29.7429,-30.0708],[29.7341,-30.0725],[29.7302,-30.0861],[29.7337,-30.0947],[29.7241,-30.1018],[29.7247,-30.1135],[29.7238,-30.1254],[29.7138,-30.1433],[29.7257,-30.1382],[29.7441,-30.12],[29.7506,-30.1062],[29.7637,-30.1082],[29.803,-30.0926],[29.8201,-30.0853],[29.8226,-30.0797],[29.8108,-30.0726],[29.7929,-30.0685],[29.7942,-30.0556],[29.7894,-30.0602],[29.7694,-30.0641],[29.7697,-30.0685],[29.7529,-30.0765],[29.7429,-30.0708]]]},"properties":{"tmax":38.79999982,"brucode":"Uvc13","tmin":-4.5153846,"bru_clean":"Uvc13","tmean":16.67692324,"map":847.38461539}},
{"type":"Feature","geometry":{"type":"Polygon","coordinates":[[[29.9119,-30.0974],[29.9074,-30.1032],[29.9074,-30.1058],[29.9162,-30.1056],[29.9249,-30.1179],[29.9417,-30.1257],[29.9414,-30.1324],[29.9333,-30.1329],[29.9443,-30.1478],[29.9496,-30.1661],[29.9633,-30.1554],[29.9885,-30.1537],[29.9932,-30.1623],[30.0061,-30.1665],[29.9868,-30.1786],[29.9818,-30.174],[29.9726,-30.1788],[29.9796,-30.1972],[29.9794,-30.209],[29.9841,-30.2073],[29.9887,-30.1945],[30.0025,-30.1976],[30.0131,-30.1899],[30.0204,-30.19],[30.0139,-30.2083],[30.022,-30.2175],[30.0224,-30.2324],[30.0309,-30.2329],[30.044,-30.2188],[30.0588,-30.2439],[30.0663,-30.2491],[30.0848,-30.2409],[30.0783,-30.2253],[30.084,-30.2247],[30.0941,-30.2386],[30.1086,-30.2257],[30.116,-30.215],[30.1323,-30.2183],[30.14,-30.2233],[30.1493,-30.2174],[30.152,-30.2031],[30.1637,-30.2058],[30.1721,-30.2137],[30.179,-30.2043],[30.1759,-30.188],[30.1485,-30.1954],[30.1463,-30.1877],[30.1348,-30.1951],[30.1353,-30.1995],[30.1212,-30.2047],[30.1154,-30.2022],[30.1324,-30.1834],[30.1307,-30.1725],[30.1192,-30.1777],[30.1054,-30.1778],[30.1061,-30.168],[30.0828,-30.174],[30.0794,-30.1791],[30.0774,-30.1996],[30.0649,-30.2033],[30.0579,-30.2013],[30.0592,-30.1897],[30.0661,-30.1808],[30.0657,-30.1634],[30.0557,-30.1561],[30.0487,-30.1598],[30.0445,-30.1425],[30.0352,-30.1401],[30.0218,-30.1111],[30.0286,-30.1136],[30.038,-30.1277],[30.0503,-30.1293],[30.0584,-30.1214],[30.0659,-30.1236],[30.069,-30.1135],[30.0873,-30.1275],[30.1141,-30.1123],[30.0893,-30.1081],[30.0873,-30.1007],[30.1007,-30.0815],[30.0711,-30.0962],[30.063,-30.09],[30.0503,-30.1017],[30.0373,-30.0972],[30.0422,-30.0885],[30.0437,-30.0725],[30.0342,-30.0644],[30.026,-30.0657],[30.0093,-30.075],[30.0066,-30.0689],[29.9938,-30.0694],[29.9825,-30.0626],[29.9665,-30.0717],[29.96,-30.0737],[29.9433,-30.0729],[29.9511,-30.0866],[29.9399,-30.0869],[29.9119,-30.0974]]]},"properties":{"tmax":39.00454527,"brucode":"WXc11","tmin":-3.94848484,"bru_clean":"WXc11","tmean":16.91818178,"map":850.43478261}},
{"type":"Feature","geometry":{"type":"Polygon","coordinates":[[[29.4528,-30.0749],[29.4603,-30.0928],[29.4742,-30.079],[29.4909,-30.0728],[29.494,-30.0623],[29.4883,-30.061],[29.4784,-30.0696],[29.4699,-30.058],[29.4645,-30.0577],[29.4528,-30.0749]]]},"properties":{"tmax":35.63749981,"brucode":"Ye11a","tmin":-9.23749995,"bru_clean":"Ye11","tmean":13.8499999,"map":1000.375}},
{"type":"Feature","geometry":{"type":"Polygon","coordinates":[[[29.494,-30.0623],[29.4909,-30.0728],[29.4742,-30.079],[29.4603,-30.0928],[29.4673,-30.0978],[29.4666,-30.1172],[29.4776,-30.1225],[29.4951,-30.1181],[29.4858,-30.1054],[29.4961,-30.0997],[29.5086,-30.1083],[29.5095,-30.1311],[29.5206,-30.123],[29.5188,-30.1074],[29.523,-30.0965],[29.5095,-30.0987],[29.4992,-30.0881],[29.4907,-30.0873],[29.4918,-30.0786],[29.504,-30.0807],[29.5088,-30.0775],[29.5102,-30.0658],[29.5066,-30.0611],[29.494,-30.0623]]]},"properties":{"tmax":36.0666665,"brucode":"Yd27b","tmin":-8.63888897,"bru_clean":"Yd27","tmean":14.36666674,"map":937.66666667}},
{"type":"Feature","geometry":{"type":"Polygon","coordinates":[[[29.4126,-30.153],[29.4253,-30.1592],[29.4451,-30.1473],[29.4523,-30.157],[29.4426,-30.1673],[29.4415,-30.1854],[29.4688,-30.1876],[29.4727,-30.1798],[29.4673,-30.165],[29.4676,-30.1549],[29.462,-30.1474],[29.4721,-30.1418],[29.4825,-30.1411],[29.4718,-30.131],[29.4776,-30.1225],[29.4666,-30.1172],[29.4673,-30.0978],[29.4603,-30.0928],[29.4528,-30.0749],[29.4506,-30.0751],[29.4475,-30.0802],[29.4548,-30.0946],[29.4539,-30.1034],[29.4593,-30.1123],[29.4573,-30.1208],[29.444,-30.1303],[29.4377,-30.1398],[29.4251,-30.1502],[29.4126,-30.153]]]},"properties":{"tmax":35.50000042,"brucode":"Yd29","tmin":-9.57777786,"bru_clean":"Yd29","tmean":13.53333335,"map":956.11111111}},
{"type":"Feature","geometry":{"type":"Polygon","coordinates":[[[29.803,-30.0926],[29.7637,-30.1082],[29.754,-30.1189],[29.7367,-30.1306],[29.7298,-30.1385],[29.7332,-30.1552],[29.7399,-30.1555],[29.7483,-30.1482],[29.7581,-30.1471],[29.7602,-30.1402],[29.7837,-30.1476],[29.7912,-30.1418],[29.8026,-30.1405],[29.8046,-30.1378],[29.8393,-30.1388],[29.8394,-30.1349],[29.825,-30.1255],[29.8337,-30.1114],[29.8253,-30.0966],[29.8087,-30.1105],[29.803,-30.0926]]]},"properties":{"tmax":38.76562512,"brucode":"Vc33a","tmin":-3.11562499,"bru_clean":"Vc33","tmean":17.10312507,"map":823.0625}},
{"type":"Feature","geometry":{"type":"Polygon","coordinates":[[[29.5095,-30.1311],[29.5086,-30.1083],[29.4961,-30.0997],[29.4858,-30.1054],[29.4951,-30.1181],[29.4776,-30.1225],[29.4718,-30.131],[29.4825,-30.1411],[29.4845,-30.1486],[29.4938,-30.1495],[29.5006,-30.161],[29.5068,-30.1611],[29.5179,-30.1499],[29.5119,-30.141],[29.5095,-30.1311]]]},"properties":{"tmax":35.63749981,"brucode":"Ye11b","tmin":-9.23749995,"bru_clean":"Ye11","tmean":13.8499999,"map":1000.375}},
{"type":"Feature","geometry":{"type":"Polygon","coordinates":[[[29.5119,-30.141],[29.5179,-30.1499],[29.5285,-30.1392],[29.5468,-30.1392],[29.5549,-30.1257],[29.5656,-30.1218],[29.5698,-30.1151],[29.5545,-30.1],[29.5474,-30.1058],[29.5484,-30.1154],[29.5355,-30.1354],[29.5242,-30.1329],[29.5119,-30.141]]]},"properties":{"tmax":36.0666665,"brucode":"Yd27c","tmin":-8.63888897,"bru_clean":"Yd27","tmean":14.36666674,"map":937.66666667}},
{"type":"Feature","geometry":{"type":"Polygon","coordinates":[[[29.5976,-30.1583],[29.5954,-30.1692],[29.6025,-30.1763],[29.611,-30.175],[29.6326,-30.1802],[29.6607,-30.1773],[29.6598,-30.1705],[29.6693,-30.1524],[29.6704,-30.148],[29.6861,-30.1415],[29.7077,-30.1312],[29.7138,-30.1433],[29.7238,-30.1254],[29.7247,-30.1135],[29.7154,-30.1054],[29.6953,-30.1074],[29.6898,-30.1216],[29.6761,-30.1302],[29.6738,-30.1399],[29.6595,-30.1442],[29.6601,-30.1578],[29.6527,-30.1709],[29.6434,-30.1723],[29.6403,-30.16],[29.6284,-30.1602],[29.626,-30.167],[29.6131,-30.1614],[29.5976,-30.1583]]]},"properties":{"tmax":37.18888897,"brucode":"VWc8","tmin":-4.9777778,"bru_clean":"VWc8","tmean":15.77777778,"map":945.33333333}},
{"type":"Feature","geometry":{"type":"Polygon","coordinates":[[[29.7138,-30.1433],[29.7077,-30.1312],[29.6861,-30.1415],[29.7008,-30.1527],[29.724,-30.1557],[29.734,-30.1667],[29.7498,-30.1722],[29.7603,-30.1678],[29.7592,-30.1568],[29.7628,-30.1474],[29.7602,-30.1402],[29.7581,-30.1471],[29.7483,-30.1482],[29.7399,-30.1555],[29.7332,-30.1552],[29.7298,-30.1385],[29.7367,-30.1306],[29.754,-30.1189],[29.7637,-30.1082],[29.7506,-30.1062],[29.7441,-30.12],[29.7257,-30.1382],[29.7138,-30.1433]]]},"properties":{"tmax":37.36666616,"brucode":"VWd5","tmin":-5,"bru_clean":"VWd5","tmean":15.58333333,"map":922.83333333}},
{"type":"Feature","geometry":{"type":"Polygon","coordinates":[[[29.5992,-30.1119],[29.5698,-30.1151],[29.5656,-30.1218],[29.5549,-30.1257],[29.5468,-30.1392],[29.5285,-30.1392],[29.5179,-30.1499],[29.5068,-30.1611],[29.5001,-30.1705],[29.5289,-30.1648],[29.5486,-30.162],[29.5491,-30.1546],[29.5621,-30.1482],[29.5655,-30.1419],[29.5891,-30.1235],[29.6068,-30.1189],[29.5992,-30.1119]]]},"properties":{"tmax":36.64999962,"brucode":"Zc9","tmin":-7.01666665,"bru_clean":"Zc9","tmean":15.03333346,"map":1036.28571429}},
{"type":"Feature","geometry":{"type":"Polygon","coordinates":[[[29.3655,-30.1426],[29.3603,-30.1467],[29.3642,-30.1561],[29.3763,-30.1564],[29.363,-30.1729],[29.3841,-30.1754],[29.3828,-30.1874],[29.3875,-30.1986],[29.3799,-30.2095],[29.3917,-30.2184],[29.3999,-30.218],[29.4024,-30.2088],[29.4133,-30.2129],[29.4198,-30.2092],[29.4261,-30.1968],[29.4343,-30.2018],[29.4517,-30.1974],[29.4591,-30.1919],[29.4687,-30.1918],[29.4688,-30.1876],[29.4415,-30.1854],[29.4426,-30.1673],[29.4523,-30.157],[29.4451,-30.1473],[29.4253,-30.1592],[29.4126,-30.153],[29.4021,-30.1392],[29.3855,-30.1399],[29.3809,-30.128],[29.3655,-30.1426]]]},"properties":{"tmax":35.4428572,"brucode":"Xe3","tmin":-9.63571446,"bru_clean":"Xe3","tmean":13.45714297,"map":824.85714286}},
{"type":"Feature","geometry":{"type":"Polygon","coordinates":[[[29.3128,-30.1369],[29.301,-30.147],[29.3084,-30.1553],[29.3051,-30.1634],[29.312,-30.1682],[29.3274,-30.1655],[29.3389,-30.1708],[29.3497,-30.1899],[29.361,-30.1927],[29.3618,-30.208],[29.3684,-30.2218],[29.3957,-30.2273],[29.3891,-30.2389],[29.3896,-30.2529],[29.3719,-30.25],[29.3806,-30.2578],[29.3978,-30.2657],[29.4137,-30.2786],[29.422,-30.2773],[29.421,-30.2689],[29.4112,-30.267],[29.4112,-30.2509],[29.4189,-30.2438],[29.4333,-30.2475],[29.4409,-30.2539],[29.4342,-30.2454],[29.4082,-30.2358],[29.3999,-30.218],[29.3917,-30.2184],[29.3799,-30.2095],[29.3875,-30.1986],[29.3828,-30.1874],[29.3841,-30.1754],[29.363,-30.1729],[29.3763,-30.1564],[29.3642,-30.1561],[29.3603,-30.1467],[29.3655,-30.1426],[29.3552,-30.1406],[29.332,-30.1547],[29.3157,-30.1584],[29.3212,-30.1378],[29.3128,-30.1369]]]},"properties":{"tmax":35.79285758,"brucode":"VWd2","tmin":-10.28571418,"bru_clean":"VWd2","tmean":13.87857151,"map":787.73333333}},
{"type":"Feature","geometry":{"type":"Polygon","coordinates":[[[29.85,-30.1679],[29.8639,-30.1621],[29.8481,-30.1438],[29.8393,-30.1388],[29.8046,-30.1378],[29.8026,-30.1405],[29.7948,-30.1525],[29.7843,-30.1568],[29.7686,-30.1561],[29.7722,-30.1635],[29.7722,-30.1781],[29.7649,-30.1875],[29.7673,-30.1932],[29.7575,-30.222],[29.756,-30.233],[29.7604,-30.2385],[29.7643,-30.2549],[29.7788,-30.2495],[29.7823,-30.2567],[29.7948,-30.2606],[29.8052,-30.2541],[29.7889,-30.2371],[29.7927,-30.2261],[29.787,-30.2053],[29.7947,-30.2036],[29.7891,-30.1932],[29.7951,-30.1853],[29.8038,-30.1829],[29.813,-30.1876],[29.8268,-30.1827],[29.8292,-30.1903],[29.8415,-30.194],[29.8638,-30.188],[29.8607,-30.1812],[29.85,-30.1679]]]},"properties":{"tmax":38.60000003,"brucode":"Vwc9","tmin":-4.20909087,"bru_clean":"Vwc9","tmean":16.57727246,"map":859.09090909}},
{"type":"Feature","geometry":{"type":"Polygon","coordinates":[[[29.7602,-30.1402],[29.7628,-30.1474],[29.7592,-30.1568],[29.7603,-30.1678],[29.7498,-30.1722],[29.734,-30.1667],[29.724,-30.1557],[29.7008,-30.1527],[29.6861,-30.1415],[29.6704,-30.148],[29.6693,-30.1524],[29.6742,-30.1502],[29.691,-30.1528],[29.7015,-30.159],[29.7136,-30.1729],[29.7143,-30.181],[29.7249,-30.183],[29.7309,-30.1889],[29.7424,-30.1898],[29.7722,-30.1781],[29.7722,-30.1635],[29.7686,-30.1561],[29.7843,-30.1568],[29.7948,-30.1525],[29.8026,-30.1405],[29.7912,-30.1418],[29.7837,-30.1476],[29.7602,-30.1402]]]},"properties":{"tmax":37.71111086,"brucode":"WXc12","tmin":-4.44444439,"bru_clean":"WXc12","tmean":16.11111111,"map":956.55555556}},
{"type":"Feature","geometry":{"type":"Polygon","coordinates":[[[29.4688,-30.1876],[29.477,-30.1816],[29.4835,-30.162],[29.4908,-30.1713],[29.5001,-30.1705],[29.5068,-30.1611],[29.5006,-30.161],[29.4938,-30.1495],[29.4845,-30.1486],[29.4825,-30.1411],[29.4721,-30.1418],[29.462,-30.1474],[29.4676,-30.1549],[29.4673,-30.165],[29.4727,-30.1798],[29.4688,-30.1876]]]},"properties":{"tmax":35.38571439,"brucode":"Ye12b","tmin":-9.77142879,"bru_clean":"Ye12","tmean":13.54285717,"map":979.71428571}},
{"type":"Feature","geometry":{"type":"Polygon","coordinates":[[[29.5655,-30.1419],[29.5621,-30.1482],[29.5491,-30.1546],[29.5486,-30.162],[29.5289,-30.1648],[29.5394,-30.1644],[29.5527,-30.171],[29.5691,-30.159],[29.5685,-30.1525],[29.5813,-30.1419],[29.5655,-30.1419]]]},"properties":{"tmax":36.71999893,"brucode":"Wc41a","tmin":-6.73999996,"bru_clean":"Wc41","tmean":15,"map":948.25}},
{"type":"Feature","geometry":{"type":"Polygon","coordinates":[[[29.5813,-30.1419],[29.5685,-30.1525],[29.5691,-30.159],[29.5527,-30.171],[29.5588,-30.1867],[29.5775,-30.1785],[29.5786,-30.169],[29.5719,-30.166],[29.5786,-30.1527],[29.5955,-30.1544],[29.5965,-30.1485],[29.5813,-30.1419]]]},"properties":{"tmax":36.73333359,"brucode":"Wc42","tmin":-6.5666666,"bru_clean":"Wc42","tmean":15.09999975,"map":954.33333333}},
{"type":"Feature","geometry":{"type":"Polygon","coordinates":[[[29.6607,-30.1773],[29.6775,-30.1643],[29.6886,-30.1713],[29.684,-30.185],[29.6753,-30.1814],[29.6752,-30.1907],[29.6687,-30.1945],[29.6605,-30.1898],[29.6529,-30.2021],[29.6392,-30.2109],[29.6638,-30.2165],[29.6785,-30.2269],[29.688,-30.2372],[29.7055,-30.2288],[29.7136,-30.2325],[29.7113,-30.2528],[29.7029,-30.261],[29.6951,-30.2485],[29.6877,-30.2436],[29.6748,-30.2501],[29.6748,-30.2593],[29.6883,-30.2584],[29.6879,-30.2674],[29.698,-30.2744],[29.6973,-30.2795],[29.6785,-30.2784],[29.6688,-30.2709],[29.6743,-30.2651],[29.6612,-30.2572],[29.6536,-30.2608],[29.6432,-30.2564],[29.6447,-30.266],[29.6606,-30.2761],[29.6574,-30.2876],[29.6625,-30.3078],[29.6464,-30.3055],[29.638,-30.301],[29.6186,-30.2985],[29.6076,-30.3101],[29.6111,-30.3184],[29.6098,-30.3291],[29.5838,-30.3455],[29.5823,-30.3526],[29.5942,-30.3557],[29.6054,-30.3529],[29.6192,-30.3535],[29.6253,-30.35],[29.6562,-30.344],[29.6776,-30.331],[29.7016,-30.3184],[29.7074,-30.3306],[29.7231,-30.3387],[29.7346,-30.3415],[29.7395,-30.3494],[29.7571,-30.35],[29.765,-30.3569],[29.7679,-30.3445],[29.7568,-30.3304],[29.7388,-30.3287],[29.7342,-30.3384],[29.7259,-30.3321],[29.7287,-30.3208],[29.7399,-30.3196],[29.7363,-30.3079],[29.729,-30.3103],[29.7225,-30.3215],[29.7137,-30.3124],[29.7195,-30.3083],[29.7151,-30.2958],[29.7263,-30.2847],[29.7281,-30.2682],[29.7367,-30.2542],[29.7461,-30.2536],[29.7575,-30.2591],[29.7643,-30.2549],[29.7604,-30.2385],[29.756,-30.233],[29.7575,-30.222],[29.7673,-30.1932],[29.7649,-30.1875],[29.7722,-30.1781],[29.7424,-30.1898],[29.7309,-30.1889],[29.7249,-30.183],[29.7143,-30.181],[29.7136,-30.1729],[29.7015,-30.159],[29.691,-30.1528],[29.6742,-30.1502],[29.6693,-30.1524],[29.6598,-30.1705],[29.6607,-30.1773]]]},"properties":{"tmax":37.36296301,"brucode":"Wc43","tmin":-4.01851849,"bru_clean":"Wc43","tmean":15.84629638,"map":829.07407407}},
{"type":"Feature","geometry":{"type":"Polygon","coordinates":[[[29.5955,-30.1544],[29.5786,-30.1527],[29.5719,-30.166],[29.5786,-30.169],[29.5775,-30.1785],[29.5588,-30.1867],[29.5565,-30.1941],[29.5696,-30.2007],[29.575,-30.2088],[29.5914,-30.1963],[29.5952,-30.1827],[29.6025,-30.1763],[29.5954,-30.1692],[29.5976,-30.1583],[29.5955,-30.1544]]]},"properties":{"tmax":36.71999893,"brucode":"Wc41b","tmin":-6.73999996,"bru_clean":"Wc41","tmean":15,"map":948.25}},
{"type":"Feature","geometry":{"type":"Polygon","coordinates":[[[29.8858,-30.1672],[29.8935,-30.1733],[29.9138,-30.1707],[29.9155,-30.1835],[29.9232,-30.1941],[29.9153,-30.2022],[29.9264,-30.2097],[29.9346,-30.2045],[29.9528,-30.2123],[29.9531,-30.2199],[29.9612,-30.2282],[29.9568,-30.2359],[29.9483,-30.2273],[29.9375,-30.2332],[29.9271,-30.2302],[29.9274,-30.2335],[29.9286,-30.2461],[29.9345,-30.2542],[29.9433,-30.2567],[29.9483,-30.2781],[29.9667,-30.2836],[29.9821,-30.2799],[29.9876,-30.2854],[29.9821,-30.2943],[29.9994,-30.2997],[29.9933,-30.3089],[29.9801,-30.3119],[29.9818,-30.3195],[30,-30.3304],[30.0144,-30.3245],[30.0168,-30.3188],[30.0221,-30.3124],[30.0147,-30.2988],[30.0238,-30.2904],[30.0173,-30.2842],[29.9969,-30.2785],[29.9918,-30.2738],[29.9942,-30.2632],[29.9919,-30.2403],[29.9887,-30.2312],[29.9929,-30.2257],[29.9799,-30.2186],[29.9691,-30.2232],[29.9729,-30.206],[29.9618,-30.2069],[29.9542,-30.1962],[29.9667,-30.1739],[29.983,-30.1653],[29.978,-30.1569],[29.9694,-30.1599],[29.9661,-30.1675],[29.951,-30.1807],[29.9375,-30.1828],[29.9243,-30.1769],[29.9206,-30.1629],[29.9003,-30.1678],[29.8858,-30.1672]]]},"properties":{"tmax":40.4333335,"brucode":"Ub19","tmin":-2.10740742,"bru_clean":"Ub19","tmean":18.52222202,"map":759.10714286}},
{"type":"Feature","geometry":{"type":"Polygon","coordinates":[[[29.5001,-30.1705],[29.4908,-30.1713],[29.4835,-30.162],[29.477,-30.1816],[29.4688,-30.1876],[29.4687,-30.1918],[29.4841,-30.1841],[29.504,-30.1884],[29.5088,-30.192],[29.5045,-30.2073],[29.5201,-30.2112],[29.5274,-30.2221],[29.5244,-30.2261],[29.5204,-30.2517],[29.5021,-30.2667],[29.5105,-30.2792],[29.5405,-30.2595],[29.5527,-30.2638],[29.5756,-30.2669],[29.6036,-30.2624],[29.6075,-30.2587],[29.6082,-30.2493],[29.6179,-30.2416],[29.6037,-30.2413],[29.5988,-30.2362],[29.5859,-30.2421],[29.5834,-30.222],[29.5733,-30.2325],[29.5696,-30.2209],[29.575,-30.2088],[29.5696,-30.2007],[29.5565,-30.1941],[29.5588,-30.1867],[29.5527,-30.171],[29.5394,-30.1644],[29.5289,-30.1648],[29.5001,-30.1705]],[[29.5359,-30.1721],[29.5356,-30.1793],[29.5451,-30.1853],[29.5208,-30.1939],[29.5192,-30.1876],[29.5243,-30.1723],[29.5359,-30.1721]]]},"properties":{"tmax":36.31538464,"brucode":"Xd13","tmin":-7.81153857,"bru_clean":"Xd13","tmean":14.19999999,"map":943.5}},
{"type":"Feature","geometry":{"type":"Polygon","coordinates":[[[29.6025,-30.1763],[29.5952,-30.1827],[29.5914,-30.1963],[29.575,-30.2088],[29.5696,-30.2209],[29.5733,-30.2325],[29.5834,-30.222],[29.5859,-30.2421],[29.5988,-30.2362],[29.6037,-30.2413],[29.6179,-30.2416],[29.6205,-30.2407],[29.6132,-30.2359],[29.6178,-30.2278],[29.5959,-30.2165],[29.6069,-30.2128],[29.6141,-30.2014],[29.6154,-30.1916],[29.6329,-30.1834],[29.6367,-30.1856],[29.6753,-30.1814],[29.684,-30.185],[29.6886,-30.1713],[29.6775,-30.1643],[29.6607,-30.1773],[29.6326,-30.1802],[29.611,-30.175],[29.6025,-30.1763]]]},"properties":{"tmax":36.79999966,"brucode":"WXd6","tmin":-4.93333329,"bru_clean":"WXd6","tmean":15.62222237,"map":848.33333333}},
{"type":"Feature","geometry":{"type":"Polygon","coordinates":[[[29.5359,-30.1721],[29.5243,-30.1723],[29.5192,-30.1876],[29.5208,-30.1939],[29.5451,-30.1853],[29.5356,-30.1793],[29.5359,-30.1721]]]},"properties":{"tmax":36.0666665,"brucode":"Yd27d","tmin":-8.63888897,"bru_clean":"Yd27","tmean":14.36666674,"map":937.66666667}},
{"type":"Feature","geometry":{"type":"Polygon","coordinates":[[[30.1713,-30.1778],[30.1759,-30.188],[30.179,-30.2043],[30.1721,-30.2137],[30.1637,-30.2058],[30.152,-30.2031],[30.1493,-30.2174],[30.14,-30.2233],[30.1323,-30.2183],[30.116,-30.215],[30.1086,-30.2257],[30.0941,-30.2386],[30.084,-30.2247],[30.0783,-30.2253],[30.0848,-30.2409],[30.0663,-30.2491],[30.0588,-30.2439],[30.044,-30.2188],[30.0309,-30.2329],[30.0224,-30.2324],[30.022,-30.2175],[30.0139,-30.2083],[30.0204,-30.19],[30.0131,-30.1899],[30.0025,-30.1976],[29.9887,-30.1945],[29.9841,-30.2073],[29.9794,-30.209],[29.9691,-30.2232],[29.9799,-30.2186],[29.9929,-30.2257],[29.9887,-30.2312],[29.9919,-30.2403],[30.0078,-30.2408],[30.0452,-30.2535],[30.0661,-30.2613],[30.0689,-30.2573],[30.0918,-30.2626],[30.0978,-30.2731],[30.0801,-30.2862],[30.0814,-30.3003],[30.0682,-30.3087],[30.0734,-30.3155],[30.0744,-30.3103],[30.0957,-30.3111],[30.0966,-30.3204],[30.1123,-30.3127],[30.132,-30.3072],[30.1458,-30.3129],[30.1512,-30.323],[30.1495,-30.3311],[30.1652,-30.3257],[30.1773,-30.326],[30.1793,-30.337],[30.1672,-30.3331],[30.1517,-30.3408],[30.149,-30.3482],[30.157,-30.3494],[30.1571,-30.3586],[30.1623,-30.3657],[30.175,-30.3654],[30.1775,-30.3494],[30.1937,-30.3605],[30.1994,-30.367],[30.2107,-30.3679],[30.2097,-30.3561],[30.199,-30.3459],[30.2021,-30.3352],[30.2107,-30.3288],[30.2086,-30.3166],[30.2166,-30.3081],[30.2272,-30.3048],[30.2361,-30.3067],[30.2301,-30.3159],[30.2402,-30.3298],[30.2567,-30.3274],[30.2513,-30.3233],[30.253,-30.308],[30.2364,-30.2946],[30.2335,-30.2844],[30.2434,-30.283],[30.2511,-30.2977],[30.259,-30.3062],[30.2664,-30.2917],[30.2729,-30.2943],[30.2787,-30.2823],[30.2878,-30.2886],[30.3002,-30.3087],[30.3071,-30.2973],[30.3191,-30.2971],[30.3232,-30.2841],[30.3152,-30.2769],[30.2991,-30.2728],[30.2932,-30.2763],[30.2839,-30.2622],[30.2847,-30.2509],[30.2953,-30.2565],[30.3036,-30.2472],[30.3002,-30.2406],[30.3176,-30.2383],[30.322,-30.2265],[30.3032,-30.2239],[30.302,-30.2159],[30.3123,-30.2061],[30.2944,-30.1994],[30.2891,-30.211],[30.2923,-30.2221],[30.2729,-30.2329],[30.2694,-30.2401],[30.2596,-30.238],[30.2648,-30.2294],[30.2762,-30.2263],[30.2765,-30.2089],[30.2573,-30.2166],[30.2396,-30.2282],[30.2369,-30.2337],[30.2249,-30.2373],[30.2247,-30.2113],[30.219,-30.2071],[30.2278,-30.1962],[30.2153,-30.1994],[30.1964,-30.1929],[30.1905,-30.1784],[30.1869,-30.185],[30.1713,-30.1778]],[[30.2004,-30.2056],[30.1953,-30.2319],[30.1991,-30.2436],[30.2082,-30.2443],[30.2032,-30.2326],[30.2083,-30.2218],[30.2044,-30.2124],[30.2095,-30.2048],[30.2208,-30.2191],[30.2131,-30.2311],[30.22,-30.2485],[30.2162,-30.2579],[30.2172,-30.2682],[30.2057,-30.274],[30.1958,-30.2739],[30.1841,-30.2619],[30.185,-30.2521],[30.1662,-30.2525],[30.1617,-30.2425],[30.1693,-30.2307],[30.1609,-30.23],[30.1441,-30.2446],[30.1429,-30.2382],[30.1517,-30.2252],[30.1664,-30.2182],[30.19,-30.2197],[30.1875,-30.2028],[30.2004,-30.2056]]]},"properties":{"tmax":39.38749985,"brucode":"Wc37","tmin":-1.97954545,"bru_clean":"Wc37","tmean":17.92954538,"map":782.05747126}},
{"type":"Feature","geometry":{"type":"Polygon","coordinates":[[[29.8607,-30.1812],[29.8638,-30.188],[29.8415,-30.194],[29.8292,-30.1903],[29.8268,-30.1827],[29.813,-30.1876],[29.8038,-30.1829],[29.7951,-30.1853],[29.7891,-30.1932],[29.7947,-30.2036],[29.7997,-30.2261],[29.8056,-30.2303],[29.8152,-30.2226],[29.8244,-30.2272],[29.8231,-30.2475],[29.8183,-30.2495],[29.8139,-30.277],[29.798,-30.288],[29.7961,-30.296],[29.782,-30.2883],[29.7688,-30.288],[29.7774,-30.2755],[29.7807,-30.2649],[29.7948,-30.2606],[29.7823,-30.2567],[29.7788,-30.2495],[29.7643,-30.2549],[29.7575,-30.2591],[29.7461,-30.2536],[29.7367,-30.2542],[29.7281,-30.2682],[29.7263,-30.2847],[29.7151,-30.2958],[29.7195,-30.3083],[29.7137,-30.3124],[29.7225,-30.3215],[29.729,-30.3103],[29.7363,-30.3079],[29.7399,-30.3196],[29.7287,-30.3208],[29.7259,-30.3321],[29.7342,-30.3384],[29.7388,-30.3287],[29.7568,-30.3304],[29.7548,-30.3232],[29.7633,-30.3183],[29.781,-30.3265],[29.789,-30.3363],[29.7949,-30.3391],[29.8003,-30.3276],[29.8143,-30.324],[29.8147,-30.3411],[29.8023,-30.3548],[29.8169,-30.3554],[29.8287,-30.3641],[29.8373,-30.3745],[29.8378,-30.3631],[29.8476,-30.3646],[29.857,-30.361],[29.8703,-30.3617],[29.8691,-30.3545],[29.8491,-30.3574],[29.8286,-30.3434],[29.834,-30.3385],[29.8398,-30.3085],[29.8493,-30.2952],[29.8585,-30.2891],[29.8862,-30.2877],[29.8898,-30.2918],[29.9044,-30.2839],[29.9,-30.2796],[29.887,-30.2829],[29.876,-30.2726],[29.8648,-30.2693],[29.8713,-30.26],[29.8605,-30.2536],[29.8635,-30.248],[29.8747,-30.2467],[29.8978,-30.2507],[29.8806,-30.2225],[29.8611,-30.2295],[29.8691,-30.2158],[29.879,-30.2098],[29.8829,-30.1915],[29.8915,-30.1971],[29.8967,-30.1859],[29.8775,-30.1776],[29.8607,-30.1812]]]},"properties":{"tmax":38.27999989,"brucode":"WXc13","tmin":-3.15454545,"bru_clean":"WXc13","tmean":16.59454549,"map":890.03636364}},
{"type":"Feature","geometry":{"type":"Polygon","coordinates":[[[29.6753,-30.1814],[29.6367,-30.1856],[29.6329,-30.1834],[29.6154,-30.1916],[29.6141,-30.2014],[29.6069,-30.2128],[29.5959,-30.2165],[29.6178,-30.2278],[29.6132,-30.2359],[29.6205,-30.2407],[29.6383,-30.2422],[29.6534,-30.251],[29.6536,-30.2608],[29.6612,-30.2572],[29.6743,-30.2651],[29.6688,-30.2709],[29.6785,-30.2784],[29.6973,-30.2795],[29.698,-30.2744],[29.6879,-30.2674],[29.6883,-30.2584],[29.6748,-30.2593],[29.6748,-30.2501],[29.6877,-30.2436],[29.6951,-30.2485],[29.7029,-30.261],[29.7113,-30.2528],[29.7136,-30.2325],[29.7055,-30.2288],[29.688,-30.2372],[29.6785,-30.2269],[29.6638,-30.2165],[29.6392,-30.2109],[29.6529,-30.2021],[29.6605,-30.1898],[29.6687,-30.1945],[29.6752,-30.1907],[29.6753,-30.1814]]]},"properties":{"tmax":36.60555522,"brucode":"Xc19a","tmin":-5.20555557,"bru_clean":"Xc19","tmean":15.40555557,"map":809.27777778}},
{"type":"Feature","geometry":{"type":"Polygon","coordinates":[[[29.3999,-30.218],[29.4082,-30.2358],[29.4342,-30.2454],[29.4409,-30.2539],[29.4539,-30.2426],[29.4576,-30.2533],[29.4752,-30.2629],[29.4735,-30.2744],[29.4598,-30.2787],[29.4709,-30.2878],[29.4785,-30.2892],[29.4814,-30.2984],[29.4948,-30.3077],[29.4966,-30.3243],[29.4915,-30.3337],[29.4958,-30.3473],[29.5146,-30.358],[29.5118,-30.3313],[29.5059,-30.3236],[29.5193,-30.3121],[29.5121,-30.3101],[29.5375,-30.2815],[29.5412,-30.2681],[29.5527,-30.2638],[29.5405,-30.2595],[29.5105,-30.2792],[29.5021,-30.2667],[29.5204,-30.2517],[29.5244,-30.2261],[29.5274,-30.2221],[29.5201,-30.2112],[29.5045,-30.2073],[29.5088,-30.192],[29.504,-30.1884],[29.4841,-30.1841],[29.4687,-30.1918],[29.4591,-30.1919],[29.4517,-30.1974],[29.4343,-30.2018],[29.4261,-30.1968],[29.4198,-30.2092],[29.4133,-30.2129],[29.4024,-30.2088],[29.3999,-30.218]]]},"properties":{"tmax":36.28823538,"brucode":"Xd7","tmin":-8.55294115,"bru_clean":"Xd7","tmean":13.81470593,"map":846.88235294}},
{"type":"Feature","geometry":{"type":"Polygon","coordinates":[[[29.8915,-30.1971],[29.8829,-30.1915],[29.879,-30.2098],[29.8691,-30.2158],[29.8611,-30.2295],[29.8806,-30.2225],[29.8978,-30.2507],[29.8747,-30.2467],[29.8635,-30.248],[29.8605,-30.2536],[29.8714,-30.253],[29.8769,-30.2601],[29.8932,-30.265],[29.899,-30.2696],[29.9125,-30.2658],[29.9094,-30.2593],[29.9207,-30.2455],[29.9066,-30.2287],[29.9214,-30.2298],[29.9274,-30.2335],[29.9271,-30.2302],[29.9334,-30.2256],[29.9233,-30.2117],[29.914,-30.2042],[29.9051,-30.2073],[29.8887,-30.2019],[29.8915,-30.1971]]]},"properties":{"tmax":40.0374999,"brucode":"VWc10","tmin":-2.26249999,"bru_clean":"VWc10","tmean":18.23749995,"map":773.5}},
{"type":"Feature","geometry":{"type":"Polygon","coordinates":[[[29.7948,-30.2606],[29.7807,-30.2649],[29.7774,-30.2755],[29.7688,-30.288],[29.782,-30.2883],[29.7961,-30.296],[29.798,-30.288],[29.8139,-30.277],[29.8183,-30.2495],[29.8231,-30.2475],[29.8244,-30.2272],[29.8152,-30.2226],[29.8056,-30.2303],[29.7997,-30.2261],[29.7947,-30.2036],[29.787,-30.2053],[29.7927,-30.2261],[29.7889,-30.2371],[29.8052,-30.2541],[29.7948,-30.2606]]]},"properties":{"tmax":37.55714308,"brucode":"Yd30","tmin":-3.87142852,"bru_clean":"Yd30","tmean":15.84285736,"map":887.71428571}},
{"type":"Feature","geometry":{"type":"Polygon","coordinates":[[[30.0819,-30.4208],[30.0524,-30.4111],[30.0409,-30.416],[30.042,-30.4018],[30.0227,-30.3928],[30.0251,-30.4054],[30.0141,-30.4164],[30.0085,-30.3978],[29.9961,-30.3857],[29.9983,-30.3713],[30.0055,-30.3623],[30.0186,-30.3687],[30.0344,-30.3575],[30.0361,-30.3451],[30.0246,-30.3383],[30.0256,-30.3291],[30.0144,-30.3245],[30,-30.3304],[29.9818,-30.3195],[29.9801,-30.3119],[29.9933,-30.3089],[29.9994,-30.2997],[29.9821,-30.2943],[29.9876,-30.2854],[29.9821,-30.2799],[29.9667,-30.2836],[29.9483,-30.2781],[29.9433,-30.2567],[29.9345,-30.2542],[29.9286,-30.2461],[29.9274,-30.2335],[29.9214,-30.2298],[29.9066,-30.2287],[29.9207,-30.2455],[29.9094,-30.2593],[29.9125,-30.2658],[29.899,-30.2696],[29.918,-30.2786],[29.927,-30.2905],[29.924,-30.3015],[29.9343,-30.3011],[29.9454,-30.3062],[29.9488,-30.2986],[29.9587,-30.2941],[29.9655,-30.2972],[29.9678,-30.3092],[29.9557,-30.3188],[29.9541,-30.3276],[29.9656,-30.3383],[29.9701,-30.3486],[29.9816,-30.3563],[29.9822,-30.3686],[29.9708,-30.3706],[29.9705,-30.3775],[29.9585,-30.3771],[29.958,-30.383],[29.97,-30.3933],[29.9758,-30.4217],[29.9838,-30.4375],[29.9999,-30.4334],[30.0059,-30.4369],[30.0055,-30.4441],[30.0339,-30.4394],[30.0422,-30.4291],[30.0525,-30.4238],[30.064,-30.4375],[30.0777,-30.4293],[30.0864,-30.4206],[30.0819,-30.4208]]]},"properties":{"tmax":39.59268291,"brucode":"UVb7b","tmin":-0.88536586,"bru_clean":"UVb7","tmean":18.44634149,"map":776.34146342}},
{"type":"Feature","geometry":{"type":"Polygon","coordinates":[[[30.0452,-30.2535],[30.0078,-30.2408],[29.9919,-30.2403],[29.9942,-30.2632],[29.9918,-30.2738],[29.9969,-30.2785],[30.0173,-30.2842],[30.0238,-30.2904],[30.0147,-30.2988],[30.0221,-30.3124],[30.0168,-30.3188],[30.0234,-30.3228],[30.0338,-30.3128],[30.0451,-30.3122],[30.0357,-30.3047],[30.0267,-30.284],[30.0343,-30.2764],[30.0368,-30.2663],[30.0488,-30.2793],[30.0525,-30.2671],[30.0432,-30.2655],[30.033,-30.2563],[30.0452,-30.2535]]]},"properties":{"tmax":40.16666688,"brucode":"Vc29b","tmin":-2.51111109,"bru_clean":"Vc29","tmean":18.14999972,"map":786}},
{"type":"Feature","geometry":{"type":"Polygon","coordinates":[[[29.3245,-30.3042],[29.3303,-30.3097],[29.3375,-30.3196],[29.3482,-30.3185],[29.3686,-30.3176],[29.3781,-30.3253],[29.3858,-30.3196],[29.3949,-30.3211],[29.4152,-30.3185],[29.414,-30.3129],[29.4335,-30.3158],[29.4447,-30.3256],[29.4406,-30.3518],[29.4163,-30.3426],[29.4023,-30.3303],[29.4018,-30.3425],[29.3949,-30.3475],[29.3911,-30.3571],[29.3903,-30.3737],[29.3702,-30.3761],[29.3618,-30.3866],[29.3764,-30.3903],[29.3778,-30.3995],[29.3908,-30.3986],[29.4097,-30.405],[29.4121,-30.4238],[29.4279,-30.4271],[29.4493,-30.4109],[29.4534,-30.3982],[29.4528,-30.3845],[29.4674,-30.3835],[29.474,-30.3736],[29.4705,-30.3621],[29.4618,-30.3568],[29.4646,-30.3499],[29.4787,-30.3437],[29.4786,-30.3293],[29.4878,-30.3107],[29.4829,-30.3064],[29.4578,-30.3029],[29.4598,-30.2787],[29.4735,-30.2744],[29.4752,-30.2629],[29.4576,-30.2533],[29.4539,-30.2426],[29.4409,-30.2539],[29.4333,-30.2475],[29.4189,-30.2438],[29.4112,-30.2509],[29.4112,-30.267],[29.421,-30.2689],[29.422,-30.2773],[29.4137,-30.2786],[29.3978,-30.2657],[29.3806,-30.2578],[29.3719,-30.25],[29.3706,-30.2414],[29.336,-30.251],[29.335,-30.2636],[29.3259,-30.2911],[29.3295,-30.2978],[29.3245,-30.3042]]]},"properties":{"tmax":36.39032265,"brucode":"Ud5","tmin":-8.51451615,"bru_clean":"Ud5","tmean":13.91290323,"map":707.66666667}},
{"type":"Feature","geometry":{"type":"Polygon","coordinates":[[[29.6536,-30.2608],[29.6534,-30.251],[29.6383,-30.2422],[29.6205,-30.2407],[29.6179,-30.2416],[29.6082,-30.2493],[29.6075,-30.2587],[29.624,-30.2553],[29.6432,-30.2564],[29.6536,-30.2608]]]},"properties":{"tmax":37.2217389,"brucode":"Yc24a","tmin":-6.60000003,"bru_clean":"Yc24","tmean":14.62608706,"map":891.08695652}},
{"type":"Feature","geometry":{"type":"Polygon","coordinates":[[[29.8898,-30.2918],[29.8949,-30.3195],[29.8908,-30.3302],[29.9057,-30.3368],[29.917,-30.3434],[29.9209,-30.3521],[29.9193,-30.3639],[29.9328,-30.3705],[29.9488,-30.3829],[29.958,-30.383],[29.9585,-30.3771],[29.9705,-30.3775],[29.9708,-30.3706],[29.9822,-30.3686],[29.9816,-30.3563],[29.9701,-30.3486],[29.9656,-30.3383],[29.9541,-30.3276],[29.9557,-30.3188],[29.9678,-30.3092],[29.9655,-30.2972],[29.9587,-30.2941],[29.9488,-30.2986],[29.9454,-30.3062],[29.9343,-30.3011],[29.924,-30.3015],[29.927,-30.2905],[29.918,-30.2786],[29.899,-30.2696],[29.8932,-30.265],[29.8769,-30.2601],[29.8714,-30.253],[29.8605,-30.2536],[29.8713,-30.26],[29.8648,-30.2693],[29.876,-30.2726],[29.887,-30.2829],[29.9,-30.2796],[29.9044,-30.2839],[29.8898,-30.2918]]]},"properties":{"tmax":38.76562512,"brucode":"Vc33b","tmin":-3.11562499,"bru_clean":"Vc33","tmean":17.10312507,"map":823.0625}},
{"type":"Feature","geometry":{"type":"Polygon","coordinates":[[[29.6432,-30.2564],[29.624,-30.2553],[29.6075,-30.2587],[29.6036,-30.2624],[29.6182,-30.2611],[29.6316,-30.2646],[29.6353,-30.2716],[29.6323,-30.2805],[29.644,-30.2841],[29.6523,-30.2987],[29.6625,-30.3078],[29.6574,-30.2876],[29.6606,-30.2761],[29.6447,-30.266],[29.6432,-30.2564]]]},"properties":{"tmax":36.60555522,"brucode":"Xc19b","tmin":-5.20555557,"bru_clean":"Xc19","tmean":15.40555557,"map":809.27777778}},
{"type":"Feature","geometry":{"type":"Polygon","coordinates":[[[29.5527,-30.2638],[29.5412,-30.2681],[29.5375,-30.2815],[29.5121,-30.3101],[29.5193,-30.3121],[29.5264,-30.3162],[29.5325,-30.3319],[29.5307,-30.3499],[29.5353,-30.364],[29.5343,-30.374],[29.5082,-30.3808],[29.5132,-30.3983],[29.5275,-30.3979],[29.5502,-30.391],[29.5697,-30.4],[29.5609,-30.409],[29.5592,-30.4226],[29.578,-30.4338],[29.5769,-30.4466],[29.59,-30.4551],[29.5863,-30.4661],[29.6223,-30.4902],[29.6226,-30.4948],[29.6316,-30.4959],[29.6317,-30.4812],[29.614,-30.4779],[29.6072,-30.4648],[29.6168,-30.4482],[29.6158,-30.441],[29.5953,-30.4318],[29.5947,-30.4163],[29.5875,-30.4104],[29.5808,-30.3944],[29.5691,-30.392],[29.5621,-30.3777],[29.5716,-30.363],[29.5703,-30.3571],[29.5575,-30.3529],[29.5506,-30.346],[29.5533,-30.3322],[29.568,-30.3283],[29.5799,-30.3161],[29.5955,-30.3077],[29.6074,-30.3017],[29.6171,-30.2917],[29.6407,-30.2929],[29.6523,-30.2987],[29.644,-30.2841],[29.6323,-30.2805],[29.6353,-30.2716],[29.6316,-30.2646],[29.6182,-30.2611],[29.6036,-30.2624],[29.5756,-30.2669],[29.5527,-30.2638]]]},"properties":{"tmax":36.78888861,"brucode":"Yd26","tmin":-7.90555563,"bru_clean":"Yd26","tmean":13.84166654,"map":901.38888889}},
{"type":"Feature","geometry":{"type":"Polygon","coordinates":[[[29.6188,-30.522],[29.6222,-30.5091],[29.6321,-30.5102],[29.6226,-30.4948],[29.6223,-30.4902],[29.5863,-30.4661],[29.59,-30.4551],[29.5769,-30.4466],[29.578,-30.4338],[29.5592,-30.4226],[29.5609,-30.409],[29.5697,-30.4],[29.5502,-30.391],[29.5275,-30.3979],[29.5132,-30.3983],[29.5082,-30.3808],[29.5343,-30.374],[29.5353,-30.364],[29.5307,-30.3499],[29.5325,-30.3319],[29.5264,-30.3162],[29.5193,-30.3121],[29.5059,-30.3236],[29.5118,-30.3313],[29.5146,-30.358],[29.4958,-30.3473],[29.4915,-30.3337],[29.4966,-30.3243],[29.4948,-30.3077],[29.4814,-30.2984],[29.4785,-30.2892],[29.4709,-30.2878],[29.4598,-30.2787],[29.4578,-30.3029],[29.4829,-30.3064],[29.4878,-30.3107],[29.4786,-30.3293],[29.4787,-30.3437],[29.4842,-30.3447],[29.4934,-30.3638],[29.4787,-30.3666],[29.476,-30.3854],[29.486,-30.3943],[29.5025,-30.3981],[29.502,-30.4036],[29.4892,-30.4053],[29.4881,-30.4236],[29.4965,-30.4264],[29.5198,-30.4436],[29.5215,-30.4552],[29.5306,-30.4608],[29.5479,-30.4598],[29.5608,-30.4636],[29.5659,-30.4711],[29.5786,-30.4722],[29.5892,-30.4769],[29.5981,-30.487],[29.5957,-30.4973],[29.5887,-30.4985],[29.5779,-30.5115],[29.5853,-30.5256],[29.5853,-30.5372],[29.5981,-30.5318],[29.6,-30.5248],[29.6188,-30.522]]]},"properties":{"tmax":36.96969685,"brucode":"Xd8","tmin":-8.69999987,"bru_clean":"Xd8","tmean":13.55454555,"map":781.03030303}},
{"type":"Feature","geometry":{"type":"Polygon","coordinates":[[[29.8373,-30.3745],[29.8424,-30.3825],[29.854,-30.3863],[29.8764,-30.382],[29.892,-30.3657],[29.9029,-30.3529],[29.9057,-30.3368],[29.8908,-30.3302],[29.8949,-30.3195],[29.8898,-30.2918],[29.8862,-30.2877],[29.8585,-30.2891],[29.8493,-30.2952],[29.8398,-30.3085],[29.834,-30.3385],[29.8286,-30.3434],[29.8491,-30.3574],[29.8691,-30.3545],[29.8703,-30.3617],[29.857,-30.361],[29.8476,-30.3646],[29.8378,-30.3631],[29.8373,-30.3745]]]},"properties":{"tmax":38.6611112,"brucode":"Yc25","tmin":-1.7,"bru_clean":"Yc25","tmean":17.36666669,"map":1007.22222222}},
{"type":"Feature","geometry":{"type":"Polygon","coordinates":[[[29.6625,-30.3078],[29.6523,-30.2987],[29.6407,-30.2929],[29.6171,-30.2917],[29.6074,-30.3017],[29.5955,-30.3077],[29.5903,-30.3332],[29.6076,-30.3101],[29.6186,-30.2985],[29.638,-30.301],[29.6464,-30.3055],[29.6625,-30.3078]]]},"properties":{"tmax":36.86666616,"brucode":"Zc10","tmin":-5.26666673,"bru_clean":"Zc10","tmean":15.09999975,"map":927}},
{"type":"Feature","geometry":{"type":"Polygon","coordinates":[[[29.6076,-30.3101],[29.5903,-30.3332],[29.5955,-30.3077],[29.5799,-30.3161],[29.568,-30.3283],[29.5533,-30.3322],[29.5506,-30.346],[29.5575,-30.3529],[29.5703,-30.3571],[29.5716,-30.363],[29.5621,-30.3777],[29.5691,-30.392],[29.5808,-30.3944],[29.5875,-30.4104],[29.5947,-30.4163],[29.5953,-30.4318],[29.6158,-30.441],[29.6168,-30.4482],[29.6072,-30.4648],[29.614,-30.4779],[29.6317,-30.4812],[29.6397,-30.478],[29.6371,-30.4654],[29.6438,-30.4574],[29.631,-30.4558],[29.634,-30.4491],[29.6314,-30.4335],[29.6247,-30.4263],[29.6243,-30.4116],[29.6346,-30.4069],[29.6405,-30.3922],[29.6468,-30.3859],[29.6454,-30.3774],[29.6321,-30.3721],[29.6155,-30.3751],[29.6006,-30.3723],[29.6122,-30.3597],[29.6214,-30.358],[29.6054,-30.3529],[29.5942,-30.3557],[29.5823,-30.3526],[29.5838,-30.3455],[29.6098,-30.3291],[29.6111,-30.3184],[29.6076,-30.3101]]]},"properties":{"tmax":37.2217389,"brucode":"Yc24b","tmin":-6.60000003,"bru_clean":"Yc24","tmean":14.62608706,"map":891.08695652}},
{"type":"Feature","geometry":{"type":"Polygon","coordinates":[[[29.8732,-30.5256],[29.8789,-30.5222],[29.8725,-30.5211],[29.8544,-30.5378],[29.8455,-30.5398],[29.8389,-30.532],[29.8323,-30.5321],[29.8456,-30.513],[29.8376,-30.5099],[29.8261,-30.5132],[29.8111,-30.5072],[29.826,-30.5002],[29.8326,-30.4896],[29.8327,-30.4784],[29.8473,-30.4778],[29.8662,-30.4712],[29.8688,-30.4501],[29.8607,-30.438],[29.8714,-30.4371],[29.8936,-30.4275],[29.8863,-30.42],[29.8712,-30.4326],[29.8642,-30.4326],[29.8603,-30.4206],[29.849,-30.418],[29.8405,-30.4156],[29.8304,-30.4206],[29.8276,-30.4266],[29.8295,-30.446],[29.8172,-30.456],[29.8045,-30.4586],[29.7902,-30.4736],[29.783,-30.4772],[29.7909,-30.4879],[29.7829,-30.4906],[29.7711,-30.4814],[29.7868,-30.4721],[29.7917,-30.4638],[29.8108,-30.4507],[29.8103,-30.4446],[29.8209,-30.4312],[29.7982,-30.4238],[29.8054,-30.4124],[29.8101,-30.3949],[29.8004,-30.3859],[29.7963,-30.3757],[29.7827,-30.3625],[29.784,-30.3443],[29.789,-30.3363],[29.781,-30.3265],[29.7633,-30.3183],[29.7548,-30.3232],[29.7568,-30.3304],[29.7679,-30.3445],[29.765,-30.3569],[29.7571,-30.35],[29.7467,-30.3532],[29.7547,-30.3608],[29.7556,-30.3694],[29.7214,-30.3799],[29.7259,-30.3898],[29.7174,-30.3944],[29.717,-30.402],[29.7264,-30.4077],[29.7506,-30.4068],[29.7519,-30.3999],[29.7669,-30.3918],[29.7676,-30.3881],[29.7825,-30.3788],[29.7858,-30.3868],[29.7824,-30.401],[29.7897,-30.4051],[29.7881,-30.4159],[29.775,-30.4165],[29.7581,-30.4272],[29.7576,-30.435],[29.7442,-30.4438],[29.7476,-30.4617],[29.7484,-30.471],[29.7579,-30.4763],[29.7376,-30.4856],[29.7317,-30.4968],[29.7499,-30.5094],[29.7809,-30.5067],[29.7921,-30.5116],[29.7934,-30.5168],[29.809,-30.5299],[29.8248,-30.5352],[29.8393,-30.5427],[29.8592,-30.5403],[29.8732,-30.5256]]]},"properties":{"tmax":38.08636379,"brucode":"Vc34","tmin":-2.08636364,"bru_clean":"Vc34","tmean":16.74545444,"map":939.04545455}},
{"type":"Feature","geometry":{"type":"Polygon","coordinates":[[[29.6054,-30.3529],[29.6214,-30.358],[29.6376,-30.3524],[29.6597,-30.3496],[29.6689,-30.3427],[29.6783,-30.3423],[29.682,-30.3348],[29.6929,-30.3335],[29.6997,-30.3279],[29.7074,-30.3306],[29.7016,-30.3184],[29.6776,-30.331],[29.6562,-30.344],[29.6253,-30.35],[29.6192,-30.3535],[29.6054,-30.3529]]]},"properties":{"tmax":37.5,"brucode":"WXc14","tmin":-3.89999994,"bru_clean":"WXc14","tmean":15.63333352,"map":849}},
{"type":"Feature","geometry":{"type":"Polygon","coordinates":[[[29.789,-30.3363],[29.784,-30.3443],[29.788,-30.3641],[29.8131,-30.3834],[29.8209,-30.3988],[29.8233,-30.414],[29.8305,-30.4178],[29.8405,-30.4156],[29.849,-30.418],[29.8555,-30.4131],[29.873,-30.4165],[29.8775,-30.4099],[29.8812,-30.3932],[29.8764,-30.382],[29.854,-30.3863],[29.8424,-30.3825],[29.8373,-30.3745],[29.8287,-30.3641],[29.8169,-30.3554],[29.8023,-30.3548],[29.8147,-30.3411],[29.8143,-30.324],[29.8003,-30.3276],[29.7949,-30.3391],[29.789,-30.3363]]]},"properties":{"tmax":38.71999969,"brucode":"Wb29","tmin":-1.22999998,"bru_clean":"Wb29","tmean":17.61000023,"map":1039.4}},
{"type":"Feature","geometry":{"type":"Polygon","coordinates":[[[29.7074,-30.3306],[29.6997,-30.3279],[29.6929,-30.3335],[29.682,-30.3348],[29.6783,-30.3423],[29.6689,-30.3427],[29.6597,-30.3496],[29.6376,-30.3524],[29.6214,-30.358],[29.6122,-30.3597],[29.6006,-30.3723],[29.6155,-30.3751],[29.6321,-30.3721],[29.6454,-30.3774],[29.6468,-30.3859],[29.6405,-30.3922],[29.6346,-30.4069],[29.6481,-30.4083],[29.6666,-30.4188],[29.6437,-30.4305],[29.6508,-30.4409],[29.6563,-30.4331],[29.6706,-30.4255],[29.6838,-30.4232],[29.6898,-30.4323],[29.6988,-30.4322],[29.6856,-30.4614],[29.6771,-30.4632],[29.6718,-30.4724],[29.6813,-30.4741],[29.6857,-30.4648],[29.6976,-30.4612],[29.7086,-30.4487],[29.7243,-30.4551],[29.734,-30.441],[29.7442,-30.4438],[29.7576,-30.435],[29.7581,-30.4272],[29.775,-30.4165],[29.7881,-30.4159],[29.7897,-30.4051],[29.7824,-30.401],[29.7858,-30.3868],[29.7825,-30.3788],[29.7676,-30.3881],[29.7669,-30.3918],[29.7519,-30.3999],[29.7506,-30.4068],[29.7264,-30.4077],[29.717,-30.402],[29.7174,-30.3944],[29.7259,-30.3898],[29.7214,-30.3799],[29.7556,-30.3694],[29.7547,-30.3608],[29.7467,-30.3532],[29.7571,-30.35],[29.7395,-30.3494],[29.7346,-30.3415],[29.7231,-30.3387],[29.7074,-30.3306]]]},"properties":{"tmax":37.61304358,"brucode":"Wc44","tmin":-3.79999997,"bru_clean":"Wc44","tmean":15.76086952,"map":900.63043478}},
{"type":"Feature","geometry":{"type":"Polygon","coordinates":[[[29.958,-30.383],[29.9488,-30.3829],[29.9328,-30.3705],[29.9193,-30.3639],[29.9209,-30.3521],[29.917,-30.3434],[29.9057,-30.3368],[29.9029,-30.3529],[29.892,-30.3657],[29.8844,-30.3751],[29.8831,-30.3877],[29.9023,-30.4047],[29.9213,-30.4067],[29.9285,-30.4145],[29.9352,-30.4342],[29.9573,-30.4251],[29.9643,-30.4276],[29.9758,-30.4217],[29.97,-30.3933],[29.958,-30.383]]]},"properties":{"tmax":39.06666641,"brucode":"VWb8","tmin":-0.4,"bru_clean":"VWb8","tmean":18.20666669,"map":860.73333333}},
{"type":"Feature","geometry":{"type":"Polygon","coordinates":[[[29.8405,-30.4156],[29.8305,-30.4178],[29.8233,-30.414],[29.8209,-30.3988],[29.8131,-30.3834],[29.788,-30.3641],[29.784,-30.3443],[29.7827,-30.3625],[29.7963,-30.3757],[29.8004,-30.3859],[29.8101,-30.3949],[29.8054,-30.4124],[29.7982,-30.4238],[29.8209,-30.4312],[29.8103,-30.4446],[29.8108,-30.4507],[29.7917,-30.4638],[29.7868,-30.4721],[29.7711,-30.4814],[29.7829,-30.4906],[29.7909,-30.4879],[29.783,-30.4772],[29.7902,-30.4736],[29.8045,-30.4586],[29.8172,-30.456],[29.8295,-30.446],[29.8276,-30.4266],[29.8304,-30.4206],[29.8405,-30.4156]]]},"properties":{"tmax":38.46666633,"brucode":"Vb28","tmin":-1.53333333,"bru_clean":"Vb28","tmean":17.26666662,"map":978.11111111}},
{"type":"Feature","geometry":{"type":"Polygon","coordinates":[[[29.4989,-30.4683],[29.4917,-30.4807],[29.4838,-30.4847],[29.4855,-30.4925],[29.5011,-30.496],[29.508,-30.4873],[29.5246,-30.4826],[29.54,-30.485],[29.5309,-30.4943],[29.5368,-30.5188],[29.5514,-30.5187],[29.5615,-30.5163],[29.5704,-30.5246],[29.5766,-30.5417],[29.5809,-30.5422],[29.6036,-30.5382],[29.5981,-30.5318],[29.5853,-30.5372],[29.5853,-30.5256],[29.5779,-30.5115],[29.5887,-30.4985],[29.5957,-30.4973],[29.5981,-30.487],[29.5892,-30.4769],[29.5786,-30.4722],[29.5659,-30.4711],[29.5608,-30.4636],[29.5479,-30.4598],[29.5306,-30.4608],[29.5215,-30.4552],[29.5198,-30.4436],[29.4965,-30.4264],[29.4881,-30.4236],[29.4892,-30.4053],[29.502,-30.4036],[29.5025,-30.3981],[29.486,-30.3943],[29.476,-30.3854],[29.4787,-30.3666],[29.4934,-30.3638],[29.4842,-30.3447],[29.4787,-30.3437],[29.4646,-30.3499],[29.4618,-30.3568],[29.4705,-30.3621],[29.474,-30.3736],[29.4674,-30.3835],[29.4528,-30.3845],[29.4534,-30.3982],[29.4493,-30.4109],[29.4582,-30.4147],[29.4588,-30.4253],[29.4738,-30.4414],[29.4839,-30.4342],[29.4955,-30.4368],[29.4913,-30.4438],[29.4957,-30.4504],[29.5055,-30.4501],[29.5119,-30.4564],[29.5098,-30.4655],[29.4989,-30.4683]]]},"properties":{"tmax":37.08333333,"brucode":"VWd4","tmin":-8.2133333,"bru_clean":"VWd4","tmean":13.89666669,"map":717.72413793}},
{"type":"Feature","geometry":{"type":"Polygon","coordinates":[[[30.0186,-30.3687],[30.0055,-30.3623],[29.9983,-30.3713],[29.9961,-30.3857],[30.0085,-30.3978],[30.0141,-30.4164],[30.0251,-30.4054],[30.0227,-30.3928],[30.042,-30.4018],[30.0409,-30.416],[30.0524,-30.4111],[30.0819,-30.4208],[30.0786,-30.4087],[30.0674,-30.4035],[30.0645,-30.3881],[30.049,-30.3822],[30.0465,-30.3778],[30.023,-30.3756],[30.0186,-30.3687]]]},"properties":{"tmax":39.18749952,"brucode":"Vb29","tmin":-0.2625,"bru_clean":"Vb29","tmean":18.3375001,"map":793.875}},
{"type":"Feature","geometry":{"type":"Polygon","coordinates":[[[29.9877,-30.5105],[29.9843,-30.4924],[29.9915,-30.4789],[29.9984,-30.4721],[30.0022,-30.4614],[29.999,-30.4473],[30.0059,-30.4369],[29.9999,-30.4334],[29.9838,-30.4375],[29.9758,-30.4217],[29.9643,-30.4276],[29.9573,-30.4251],[29.9352,-30.4342],[29.9285,-30.4145],[29.9213,-30.4067],[29.9023,-30.4047],[29.8831,-30.3877],[29.8844,-30.3751],[29.892,-30.3657],[29.8764,-30.382],[29.8812,-30.3932],[29.8775,-30.4099],[29.873,-30.4165],[29.8555,-30.4131],[29.849,-30.418],[29.8603,-30.4206],[29.8642,-30.4326],[29.8712,-30.4326],[29.8863,-30.42],[29.8936,-30.4275],[29.8714,-30.4371],[29.8607,-30.438],[29.8688,-30.4501],[29.8662,-30.4712],[29.8473,-30.4778],[29.8327,-30.4784],[29.8326,-30.4896],[29.826,-30.5002],[29.8111,-30.5072],[29.8261,-30.5132],[29.8376,-30.5099],[29.8456,-30.513],[29.8323,-30.5321],[29.8389,-30.532],[29.8455,-30.5398],[29.8544,-30.5378],[29.8725,-30.5211],[29.8789,-30.5222],[29.8832,-30.5168],[29.8792,-30.5071],[29.891,-30.493],[29.9038,-30.4866],[29.9083,-30.4972],[29.9186,-30.4958],[29.9236,-30.4873],[29.9195,-30.4809],[29.927,-30.4602],[29.9345,-30.4603],[29.941,-30.4728],[29.9583,-30.4661],[29.9734,-30.4668],[29.9752,-30.4771],[29.967,-30.4784],[29.9612,-30.4867],[29.9576,-30.5037],[29.9435,-30.511],[29.9524,-30.5222],[29.9696,-30.5254],[29.9644,-30.5429],[29.9774,-30.553],[29.9854,-30.5377],[29.9843,-30.5287],[29.9994,-30.5212],[29.9877,-30.5105]]]},"properties":{"tmax":38.77291656,"brucode":"Ub28","tmin":-0.40416667,"bru_clean":"Ub28","tmean":17.91041656,"map":858.39583333}},
{"type":"Feature","geometry":{"type":"Polygon","coordinates":[[[29.7113,-30.5161],[29.7044,-30.5048],[29.7116,-30.4871],[29.7207,-30.4806],[29.731,-30.4812],[29.7407,-30.4734],[29.7476,-30.4617],[29.7442,-30.4438],[29.734,-30.441],[29.7243,-30.4551],[29.7086,-30.4487],[29.6976,-30.4612],[29.6857,-30.4648],[29.6813,-30.4741],[29.6718,-30.4724],[29.6771,-30.4632],[29.6856,-30.4614],[29.6988,-30.4322],[29.6898,-30.4323],[29.6838,-30.4232],[29.6706,-30.4255],[29.6563,-30.4331],[29.6508,-30.4409],[29.6437,-30.4305],[29.6666,-30.4188],[29.6481,-30.4083],[29.6346,-30.4069],[29.6243,-30.4116],[29.6247,-30.4263],[29.6314,-30.4335],[29.634,-30.4491],[29.631,-30.4558],[29.6438,-30.4574],[29.6371,-30.4654],[29.6397,-30.478],[29.6317,-30.4812],[29.6316,-30.4959],[29.6226,-30.4948],[29.6321,-30.5102],[29.6222,-30.5091],[29.6188,-30.522],[29.6185,-30.5331],[29.6278,-30.5334],[29.6441,-30.5412],[29.6471,-30.538],[29.6462,-30.5269],[29.6526,-30.5229],[29.6698,-30.5195],[29.6947,-30.5193],[29.7039,-30.5226],[29.7113,-30.5161]]]},"properties":{"tmax":37.56562459,"brucode":"Xc20","tmin":-5.50312503,"bru_clean":"Xc20","tmean":14.90312496,"map":782.03125}},
{"type":"Feature","geometry":{"type":"Polygon","coordinates":[[[30.0864,-30.4206],[30.0777,-30.4293],[30.064,-30.4375],[30.0525,-30.4238],[30.0422,-30.4291],[30.0339,-30.4394],[30.0055,-30.4441],[30.0059,-30.4369],[29.999,-30.4473],[30.0022,-30.4614],[29.9984,-30.4721],[29.9915,-30.4789],[29.9843,-30.4924],[29.9877,-30.5105],[29.9988,-30.5111],[30.0003,-30.487],[30.0209,-30.4696],[30.0159,-30.4854],[30.0104,-30.4841],[30.0038,-30.4942],[30.0061,-30.5132],[30.0035,-30.5238],[30.0201,-30.5279],[30.029,-30.5229],[30.0446,-30.5255],[30.0587,-30.5117],[30.0599,-30.5034],[30.0533,-30.505],[30.049,-30.5143],[30.0387,-30.519],[30.0278,-30.5092],[30.0399,-30.4812],[30.0487,-30.4751],[30.0557,-30.4647],[30.0644,-30.4895],[30.0754,-30.4823],[30.0947,-30.4818],[30.1042,-30.4758],[30.1164,-30.4819],[30.1228,-30.4982],[30.1312,-30.4974],[30.1363,-30.486],[30.1311,-30.4745],[30.1235,-30.472],[30.1239,-30.4575],[30.1129,-30.4567],[30.1083,-30.4625],[30.0873,-30.4654],[30.0714,-30.4563],[30.0865,-30.4543],[30.097,-30.4432],[30.1076,-30.4402],[30.1103,-30.4305],[30.1207,-30.4258],[30.1098,-30.4231],[30.1068,-30.4145],[30.0994,-30.411],[30.0864,-30.4206]]]},"properties":{"tmax":39.34074077,"brucode":"Tb13","tmin":1.3962963,"bru_clean":"Tb13","tmean":18.93333336,"map":853.57692308}},
{"type":"Feature","geometry":{"type":"Polygon","coordinates":[[[29.9644,-30.5429],[29.9696,-30.5254],[29.9524,-30.5222],[29.9435,-30.511],[29.9576,-30.5037],[29.9612,-30.4867],[29.967,-30.4784],[29.9752,-30.4771],[29.9734,-30.4668],[29.9583,-30.4661],[29.941,-30.4728],[29.9345,-30.4603],[29.927,-30.4602],[29.9195,-30.4809],[29.9236,-30.4873],[29.9186,-30.4958],[29.9083,-30.4972],[29.9038,-30.4866],[29.891,-30.493],[29.8792,-30.5071],[29.8832,-30.5168],[29.8789,-30.5222],[29.8732,-30.5256],[29.8664,-30.5431],[29.8594,-30.5484],[29.8615,-30.5562],[29.8801,-30.5554],[29.894,-30.5596],[29.9057,-30.5511],[29.9236,-30.5445],[29.9299,-30.5578],[29.9348,-30.5593],[29.9447,-30.5763],[29.9548,-30.572],[29.9492,-30.5633],[29.9601,-30.56],[29.9675,-30.5487],[29.9644,-30.5429]]]},"properties":{"tmax":38.56,"brucode":"Vb31","tmin":-1.204,"bru_clean":"Vb31","tmean":17.36399994,"map":822.2}},
{"type":"Feature","geometry":{"type":"Polygon","coordinates":[[[29.6308,-30.6317],[29.6283,-30.6387],[29.6464,-30.6462],[29.653,-30.6568],[29.6413,-30.6604],[29.6332,-30.6675],[29.6237,-30.6601],[29.6147,-30.6607],[29.6088,-30.6702],[29.5938,-30.6655],[29.5969,-30.6868],[29.6265,-30.6873],[29.6352,-30.684],[29.6539,-30.6832],[29.6671,-30.6762],[29.6717,-30.6698],[29.6865,-30.6791],[29.6938,-30.6883],[29.7037,-30.6977],[29.7179,-30.6887],[29.7201,-30.697],[29.7326,-30.7012],[29.735,-30.6893],[29.7581,-30.6911],[29.7509,-30.6745],[29.7455,-30.6692],[29.7646,-30.6605],[29.7625,-30.6436],[29.7545,-30.6332],[29.7622,-30.625],[29.7701,-30.6345],[29.7762,-30.6281],[29.7743,-30.6192],[29.7626,-30.6128],[29.7602,-30.6065],[29.7689,-30.5983],[29.7661,-30.5866],[29.7818,-30.5819],[29.7859,-30.5744],[29.7963,-30.5705],[29.7909,-30.5572],[29.7978,-30.5472],[29.817,-30.5472],[29.8248,-30.5352],[29.809,-30.5299],[29.7934,-30.5168],[29.7921,-30.5116],[29.7809,-30.5067],[29.7499,-30.5094],[29.7317,-30.4968],[29.7376,-30.4856],[29.7579,-30.4763],[29.7484,-30.471],[29.7476,-30.4617],[29.7407,-30.4734],[29.731,-30.4812],[29.7207,-30.4806],[29.7116,-30.4871],[29.7044,-30.5048],[29.7113,-30.5161],[29.7186,-30.5184],[29.707,-30.5331],[29.6951,-30.5425],[29.7088,-30.5558],[29.6929,-30.5589],[29.6859,-30.5526],[29.6812,-30.5407],[29.6695,-30.5294],[29.6721,-30.5576],[29.687,-30.5662],[29.6703,-30.5694],[29.6783,-30.5815],[29.6692,-30.5905],[29.6714,-30.5963],[29.6873,-30.6056],[29.6867,-30.6266],[29.6891,-30.6374],[29.6849,-30.6424],[29.667,-30.6374],[29.6585,-30.6254],[29.6506,-30.6307],[29.6308,-30.6317]]]},"properties":{"tmax":38.24864846,"brucode":"Yc22","tmin":-4.04864863,"bru_clean":"Yc22","tmean":15.93918928,"map":909.19178082}},
{"type":"Feature","geometry":{"type":"Polygon","coordinates":[[[29.3772,-30.6269],[29.3673,-30.6311],[29.3423,-30.6306],[29.335,-30.6346],[29.3332,-30.6492],[29.341,-30.6559],[29.3452,-30.6653],[29.352,-30.6664],[29.3728,-30.649],[29.3855,-30.6501],[29.3952,-30.6436],[29.4073,-30.6261],[29.4297,-30.6213],[29.448,-30.6231],[29.4521,-30.6066],[29.4709,-30.6048],[29.477,-30.5983],[29.5008,-30.5988],[29.5122,-30.6024],[29.5272,-30.6027],[29.5332,-30.5934],[29.537,-30.5795],[29.5286,-30.5746],[29.5094,-30.5761],[29.5059,-30.5687],[29.5223,-30.5564],[29.5262,-30.5463],[29.5493,-30.5437],[29.5566,-30.5569],[29.559,-30.5675],[29.5664,-30.5744],[29.583,-30.5763],[29.5881,-30.5704],[29.6019,-30.566],[29.602,-30.5611],[29.5767,-30.5584],[29.5692,-30.5508],[29.5694,-30.5333],[29.5514,-30.5187],[29.5368,-30.5188],[29.5309,-30.4943],[29.54,-30.485],[29.5246,-30.4826],[29.508,-30.4873],[29.5011,-30.496],[29.4855,-30.4925],[29.4838,-30.4847],[29.4917,-30.4807],[29.4989,-30.4683],[29.4946,-30.4632],[29.4841,-30.4674],[29.4846,-30.4739],[29.464,-30.493],[29.4638,-30.5044],[29.4689,-30.5141],[29.4621,-30.5345],[29.4459,-30.5332],[29.4407,-30.5393],[29.4453,-30.5468],[29.4237,-30.5643],[29.4139,-30.557],[29.394,-30.5524],[29.3887,-30.5576],[29.3646,-30.5605],[29.3486,-30.5534],[29.3405,-30.5609],[29.3347,-30.5808],[29.3442,-30.5866],[29.3378,-30.5958],[29.3264,-30.604],[29.3579,-30.611],[29.3739,-30.611],[29.3812,-30.622],[29.3772,-30.6269]]]},"properties":{"tmax":36.92058827,"brucode":"Tc13","tmin":-7.45588238,"bru_clean":"Tc13","tmean":14.39117645,"map":682.56521739}}
]}